{"type":"FeatureCollection","features":[{"type":"Feature","properties":{"name":"Berliner Ring","klasse":"tertiary"},"geometry":{"type":"LineString","coordinates":[[8.60933,49.70573],[8.60939,49.70472]]}},{"type":"Feature","properties":{"ref":"B 47","klasse":"trunk"},"geometry":{"type":"LineString","coordinates":[[8.57251,49.66509],[8.5701,49.66471]]}},{"type":"Feature","properties":{"ref":"A 5","klasse":"motorway_link"},"geometry":{"type":"LineString","coordinates":[[8.60782,49.64771],[8.60822,49.64834],[8.60872,49.64854],[8.60925,49.64842],[8.60956,49.64775]]}},{"type":"Feature","properties":{"ref":"A 5","klasse":"motorway_link"},"geometry":{"type":"LineString","coordinates":[[8.6118,49.64644],[8.61139,49.64665],[8.61125,49.6469]]}},{"type":"Feature","properties":{"ref":"B 460","klasse":"motorway_link"},"geometry":{"type":"LineString","coordinates":[[8.60968,49.64707],[8.61,49.64779],[8.61041,49.64808],[8.61081,49.64811],[8.61122,49.64797],[8.61142,49.64769],[8.61138,49.64746]]}},{"type":"Feature","properties":{"name":"Gartenstraße","klasse":"residential"},"geometry":{"type":"LineString","coordinates":[[8.58019,49.72041],[8.5784,49.72091],[8.57796,49.72097]]}},{"type":"Feature","properties":{"name":"Im Wiesengrund","klasse":"tertiary"},"geometry":{"type":"LineString","coordinates":[[8.57741,49.71643],[8.57859,49.71777]]}},{"type":"Feature","properties":{"name":"Waldstraße","klasse":"residential"},"geometry":{"type":"LineString","coordinates":[[8.58284,49.72143],[8.58271,49.72083],[8.5818,49.72081],[8.58073,49.72095],[8.57856,49.72155],[8.57633,49.72171]]}},{"type":"Feature","properties":{"name":"Fasanenweg","klasse":"residential"},"geometry":{"type":"LineString","coordinates":[[8.57796,49.72097],[8.5781,49.72223]]}},{"type":"Feature","properties":{"name":"Neckarstraße","klasse":"tertiary"},"geometry":{"type":"LineString","coordinates":[[8.58375,49.72098],[8.5837,49.72108]]}},{"type":"Feature","properties":{"name":"Hauptstraße","klasse":"residential"},"geometry":{"type":"LineString","coordinates":[[8.57626,49.72027],[8.57532,49.72015]]}},{"type":"Feature","properties":{"name":"Feldstraße","klasse":"residential"},"geometry":{"type":"LineString","coordinates":[[8.57557,49.71888],[8.57567,49.71894]]}},{"type":"Feature","properties":{"name":"Ampèrestraße","klasse":"unclassified"},"geometry":{"type":"LineString","coordinates":[[8.59138,49.67605],[8.5939,49.67311]]}},{"type":"Feature","properties":{"name":"Suzuki-Allee","klasse":"unclassified"},"geometry":{"type":"LineString","coordinates":[[8.59539,49.67135],[8.59499,49.67111],[8.5937,49.67058],[8.58897,49.66892]]}},{"type":"Feature","properties":{"name":"Saarstraße","klasse":"tertiary"},"geometry":{"type":"LineString","coordinates":[[8.61069,49.69547],[8.61111,49.69546]]}},{"type":"Feature","properties":{"name":"Tannbergstraße","klasse":"residential"},"geometry":{"type":"LineString","coordinates":[[8.60855,49.68131],[8.60853,49.68103],[8.60918,49.67965],[8.60964,49.67891]]}},{"type":"Feature","properties":{"ref":"L 3345","name":"Schwanheimer Straße","klasse":"secondary"},"geometry":{"type":"LineString","coordinates":[[8.60379,49.6816],[8.60344,49.6817]]}},{"type":"Feature","properties":{"name":"Wormser Straße","klasse":"residential"},"geometry":{"type":"LineString","coordinates":[[8.60775,49.67499],[8.6068,49.67478]]}},{"type":"Feature","properties":{"name":"Im Entich","klasse":"residential"},"geometry":{"type":"LineString","coordinates":[[8.6068,49.67478],[8.60567,49.67574],[8.60472,49.67548]]}},{"type":"Feature","properties":{"name":"Brückweg","klasse":"tertiary"},"geometry":{"type":"LineString","coordinates":[[8.61825,49.70604],[8.61585,49.70661],[8.61419,49.70665]]}},{"type":"Feature","properties":{"ref":"K 67","klasse":"tertiary"},"geometry":{"type":"LineString","coordinates":[[8.59426,49.72283],[8.59484,49.72289]]}},{"type":"Feature","properties":{"name":"Elbinger Straße","klasse":"residential"},"geometry":{"type":"LineString","coordinates":[[8.60472,49.67548],[8.60293,49.675],[8.60277,49.67526],[8.60293,49.67655],[8.60288,49.67692],[8.60278,49.67697]]}},{"type":"Feature","properties":{"name":"Lorscher Straße","klasse":"residential"},"geometry":{"type":"LineString","coordinates":[[8.61113,49.67663],[8.60736,49.6756]]}},{"type":"Feature","properties":{"name":"Schützenstraße","klasse":"residential"},"geometry":{"type":"LineString","coordinates":[[8.61492,49.68237],[8.61499,49.68179],[8.61469,49.68123],[8.61454,49.6807]]}},{"type":"Feature","properties":{"name":"Weschnitzstraße","klasse":"unclassified"},"geometry":{"type":"LineString","coordinates":[[8.59311,49.68398],[8.59234,49.68311],[8.5923,49.68251]]}},{"type":"Feature","properties":{"name":"Neuhofstraße","klasse":"unclassified"},"geometry":{"type":"LineString","coordinates":[[8.59706,49.68277],[8.59688,49.68257],[8.59673,49.68254],[8.59349,49.6826],[8.5923,49.68251]]}},{"type":"Feature","properties":{"name":"Saarstraße","klasse":"tertiary"},"geometry":{"type":"LineString","coordinates":[[8.60354,49.69404],[8.60281,49.69383]]}},{"type":"Feature","properties":{"ref":"L 3345","klasse":"secondary"},"geometry":{"type":"LineString","coordinates":[[8.60008,49.68177],[8.60133,49.68161]]}},{"type":"Feature","properties":{"ref":"L 3345","klasse":"secondary"},"geometry":{"type":"LineString","coordinates":[[8.5995,49.68188],[8.60008,49.68177]]}},{"type":"Feature","properties":{"ref":"L 3111","klasse":"secondary"},"geometry":{"type":"LineString","coordinates":[[8.56151,49.66719],[8.56107,49.66737]]}},{"type":"Feature","properties":{"ref":"B 460","klasse":"primary"},"geometry":{"type":"LineString","coordinates":[[8.56952,49.66477],[8.57024,49.66449]]}},{"type":"Feature","properties":{"ref":"B 47","klasse":"trunk"},"geometry":{"type":"LineString","coordinates":[[8.55463,49.66084],[8.55343,49.66029]]}},{"type":"Feature","properties":{"ref":"B 47","klasse":"trunk"},"geometry":{"type":"LineString","coordinates":[[8.54157,49.65177],[8.54325,49.65262]]}},{"type":"Feature","properties":{"ref":"B 47","klasse":"trunk"},"geometry":{"type":"LineString","coordinates":[[8.5533,49.6601],[8.55456,49.66069]]}},{"type":"Feature","properties":{"name":"Oberschultheiß-Schremser-Straße","klasse":"residential"},"geometry":{"type":"LineString","coordinates":[[8.47379,49.64339],[8.47074,49.64278],[8.47058,49.64268],[8.46922,49.6424],[8.46734,49.6421]]}},{"type":"Feature","properties":{"name":"Nibelungenstraße","klasse":"residential"},"geometry":{"type":"LineString","coordinates":[[8.4632,49.64385],[8.46552,49.64441],[8.46649,49.64455]]}},{"type":"Feature","properties":{"name":"Bergstraße","klasse":"residential"},"geometry":{"type":"LineString","coordinates":[[8.44941,49.66312],[8.45074,49.66331],[8.45147,49.6635]]}},{"type":"Feature","properties":{"name":"Sofienstraße","klasse":"residential"},"geometry":{"type":"LineString","coordinates":[[8.46771,49.64467],[8.46827,49.64313]]}},{"type":"Feature","properties":{"name":"Forsthausstraße","klasse":"residential"},"geometry":{"type":"LineString","coordinates":[[8.47024,49.64709],[8.47048,49.64774],[8.47058,49.64887]]}},{"type":"Feature","properties":{"name":"Frankfurter Straße","klasse":"residential"},"geometry":{"type":"LineString","coordinates":[[8.44936,49.66486],[8.44943,49.6654]]}},{"type":"Feature","properties":{"name":"Wolfstraße","klasse":"residential"},"geometry":{"type":"LineString","coordinates":[[8.46649,49.64455],[8.46838,49.64043]]}},{"type":"Feature","properties":{"name":"Am Entenpfad","klasse":"residential"},"geometry":{"type":"LineString","coordinates":[[8.46532,49.63936],[8.4632,49.64385]]}},{"type":"Feature","properties":{"name":"In den Acht Morgen","klasse":"residential"},"geometry":{"type":"LineString","coordinates":[[8.4487,49.64183],[8.44942,49.64279],[8.45002,49.64439]]}},{"type":"Feature","properties":{"name":"Rathausstraße","klasse":"residential"},"geometry":{"type":"LineString","coordinates":[[8.45159,49.6442],[8.45157,49.64306],[8.45127,49.64191]]}},{"type":"Feature","properties":{"name":"Lorscher Straße","klasse":"residential"},"geometry":{"type":"LineString","coordinates":[[8.47058,49.64887],[8.46744,49.64965],[8.46652,49.6497],[8.46434,49.65],[8.4607,49.65023]]}},{"type":"Feature","properties":{"name":"Bismarckstraße","klasse":"residential"},"geometry":{"type":"LineString","coordinates":[[8.56407,49.65363],[8.56396,49.65459],[8.56409,49.65538],[8.56458,49.65641]]}},{"type":"Feature","properties":{"name":"Siegfriedstraße","klasse":"residential"},"geometry":{"type":"LineString","coordinates":[[8.47009,49.64349],[8.46722,49.64292]]}},{"type":"Feature","properties":{"name":"Bürgermeister-Siegler-Straße","klasse":"residential"},"geometry":{"type":"LineString","coordinates":[[8.46055,49.64243],[8.46686,49.64368]]}},{"type":"Feature","properties":{"name":"Die Ammenwiese","klasse":"residential"},"geometry":{"type":"LineString","coordinates":[[8.46355,49.65005],[8.46326,49.64928],[8.46338,49.6492],[8.46595,49.64904],[8.46632,49.64973]]}},{"type":"Feature","properties":{"name":"Kleine Gewerbestraße","klasse":"residential"},"geometry":{"type":"LineString","coordinates":[[8.45847,49.64961],[8.46045,49.6495]]}},{"type":"Feature","properties":{"name":"Außerhalb","klasse":"residential"},"geometry":{"type":"LineString","coordinates":[[8.45725,49.6505],[8.45707,49.65103]]}},{"type":"Feature","properties":{"name":"Zum Mühlgraben","klasse":"residential"},"geometry":{"type":"LineString","coordinates":[[8.45931,49.64592],[8.45923,49.64614],[8.4607,49.65023]]}},{"type":"Feature","properties":{"name":"Waldgartenstraße","klasse":"residential"},"geometry":{"type":"LineString","coordinates":[[8.46661,49.6454],[8.46856,49.64938]]}},{"type":"Feature","properties":{"name":"Bobstädter Straße","klasse":"residential"},"geometry":{"type":"LineString","coordinates":[[8.45242,49.65084],[8.44994,49.65069]]}},{"type":"Feature","properties":{"name":"Bobstädter Straße","klasse":"residential"},"geometry":{"type":"LineString","coordinates":[[8.45058,49.65072],[8.45033,49.6516]]}},{"type":"Feature","properties":{"name":"Mozartstraße","klasse":"residential"},"geometry":{"type":"LineString","coordinates":[[8.45605,49.64609],[8.45613,49.64639],[8.45762,49.64691]]}},{"type":"Feature","properties":{"name":"Haydnstraße","klasse":"residential"},"geometry":{"type":"LineString","coordinates":[[8.45585,49.65122],[8.45665,49.64912]]}},{"type":"Feature","properties":{"name":"Bibliser Pfad","klasse":"residential"},"geometry":{"type":"LineString","coordinates":[[8.45242,49.65079],[8.45638,49.6513]]}},{"type":"Feature","properties":{"name":"Industriestraße","klasse":"tertiary"},"geometry":{"type":"LineString","coordinates":[[8.45878,49.64584],[8.4582,49.64597],[8.45605,49.64609]]}},{"type":"Feature","properties":{"name":"Forsthausstraße","klasse":"tertiary"},"geometry":{"type":"LineString","coordinates":[[8.46961,49.64491],[8.46953,49.64501],[8.46955,49.64543]]}},{"type":"Feature","properties":{"name":"Am Pettweg","klasse":"residential"},"geometry":{"type":"LineString","coordinates":[[8.46649,49.64455],[8.46658,49.64526]]}},{"type":"Feature","properties":{"name":"Wasserwerkstraße","klasse":"tertiary"},"geometry":{"type":"LineString","coordinates":[[8.47246,49.64497],[8.47379,49.64339]]}},{"type":"Feature","properties":{"name":"Brentanostraße","klasse":"residential"},"geometry":{"type":"LineString","coordinates":[[8.45725,49.6505],[8.4569,49.65044]]}},{"type":"Feature","properties":{"name":"Nibelungenstraße","klasse":"residential"},"geometry":{"type":"LineString","coordinates":[[8.45921,49.64288],[8.45862,49.64274]]}},{"type":"Feature","properties":{"name":"Jakobstraße","klasse":"residential"},"geometry":{"type":"LineString","coordinates":[[8.55005,49.67023],[8.54964,49.66939]]}},{"type":"Feature","properties":{"name":"Bürstädter Straße","klasse":"tertiary"},"geometry":{"type":"LineString","coordinates":[[8.45215,49.68097],[8.45178,49.68161]]}},{"type":"Feature","properties":{"name":"Bubenlachring","klasse":"residential"},"geometry":{"type":"LineString","coordinates":[[8.4791,49.64381],[8.47961,49.6432],[8.48065,49.64391],[8.48137,49.64457]]}},{"type":"Feature","properties":{"name":"Bubenlachring","klasse":"residential"},"geometry":{"type":"LineString","coordinates":[[8.4776,49.64561],[8.47817,49.6449]]}},{"type":"Feature","properties":{"name":"Bubenlachring","klasse":"residential"},"geometry":{"type":"LineString","coordinates":[[8.48073,49.64528],[8.4814,49.6454],[8.48173,49.64556]]}},{"type":"Feature","properties":{"name":"Nibelungenstraße","klasse":"residential"},"geometry":{"type":"LineString","coordinates":[[8.47805,49.64565],[8.47813,49.64556],[8.4817,49.64589]]}},{"type":"Feature","properties":{"name":"Köpfelgasse","klasse":"residential"},"geometry":{"type":"LineString","coordinates":[[8.45691,49.64259],[8.45581,49.64246],[8.45558,49.64289]]}},{"type":"Feature","properties":{"name":"Neue Waldstraße","klasse":"residential"},"geometry":{"type":"LineString","coordinates":[[8.49545,49.64998],[8.49839,49.65159]]}},{"type":"Feature","properties":{"name":"Am Sportplatz","klasse":"residential"},"geometry":{"type":"LineString","coordinates":[[8.49557,49.64915],[8.49629,49.64922],[8.49687,49.64915],[8.49714,49.64975],[8.49919,49.65088],[8.49917,49.65099],[8.49839,49.65159]]}},{"type":"Feature","properties":{"name":"Bahnhofstraße","klasse":"residential"},"geometry":{"type":"LineString","coordinates":[[8.49591,49.64761],[8.49666,49.64767]]}},{"type":"Feature","properties":{"name":"Lindenstraße","klasse":"residential"},"geometry":{"type":"LineString","coordinates":[[8.4927,49.64955],[8.49527,49.64994]]}},{"type":"Feature","properties":{"name":"Gänsweidweg","klasse":"residential"},"geometry":{"type":"LineString","coordinates":[[8.49317,49.64738],[8.49277,49.6491]]}},{"type":"Feature","properties":{"name":"Vogelsbergstraße","klasse":"residential"},"geometry":{"type":"LineString","coordinates":[[8.49284,49.64874],[8.4956,49.649]]}},{"type":"Feature","properties":{"name":"Taunusstraße","klasse":"residential"},"geometry":{"type":"LineString","coordinates":[[8.49591,49.64761],[8.49317,49.64738]]}},{"type":"Feature","properties":{"name":"Rhönstraße","klasse":"residential"},"geometry":{"type":"LineString","coordinates":[[8.49489,49.64753],[8.49458,49.6489]]}},{"type":"Feature","properties":{"name":"Odenwaldstraße","klasse":"residential"},"geometry":{"type":"LineString","coordinates":[[8.49299,49.64805],[8.49474,49.64821]]}},{"type":"Feature","properties":{"name":"Vogelsbergstraße","klasse":"residential"},"geometry":{"type":"LineString","coordinates":[[8.49284,49.64874],[8.49231,49.64858],[8.49165,49.64851],[8.49164,49.64842],[8.49178,49.64843],[8.4918,49.64852]]}},{"type":"Feature","properties":{"name":"Im Bruchschlag","klasse":"residential"},"geometry":{"type":"LineString","coordinates":[[8.49277,49.6491],[8.4909,49.64894],[8.49076,49.64887]]}},{"type":"Feature","properties":{"name":"Im Bruchschlag","klasse":"residential"},"geometry":{"type":"LineString","coordinates":[[8.49076,49.64887],[8.49106,49.64744]]}},{"type":"Feature","properties":{"name":"Zum Schlinkenwinkel","klasse":"residential"},"geometry":{"type":"LineString","coordinates":[[8.49309,49.64762],[8.49106,49.64744]]}},{"type":"Feature","properties":{"name":"Zum Schlinkenwinkel","klasse":"residential"},"geometry":{"type":"LineString","coordinates":[[8.49106,49.64744],[8.48836,49.64723]]}},{"type":"Feature","properties":{"name":"Spessartstraße","klasse":"residential"},"geometry":{"type":"LineString","coordinates":[[8.48836,49.64723],[8.48826,49.64762],[8.48835,49.64771]]}},{"type":"Feature","properties":{"name":"Spessartstraße","klasse":"residential"},"geometry":{"type":"LineString","coordinates":[[8.48804,49.64864],[8.48991,49.64883]]}},{"type":"Feature","properties":{"name":"Spessartstraße","klasse":"residential"},"geometry":{"type":"LineString","coordinates":[[8.48991,49.64883],[8.49,49.64878],[8.49031,49.64737]]}},{"type":"Feature","properties":{"name":"Erlenweg","klasse":"residential"},"geometry":{"type":"LineString","coordinates":[[8.48823,49.64818],[8.48927,49.64828],[8.48938,49.64822],[8.48942,49.64783],[8.48835,49.64771]]}},{"type":"Feature","properties":{"name":"Nibelungenstraße","klasse":"residential"},"geometry":{"type":"LineString","coordinates":[[8.45981,49.64302],[8.46025,49.64314]]}},{"type":"Feature","properties":{"name":"Josef-Seib-Straße","klasse":"residential"},"geometry":{"type":"LineString","coordinates":[[8.45288,49.67983],[8.45102,49.67865],[8.45094,49.67803],[8.45008,49.67782]]}},{"type":"Feature","properties":{"name":"Bei den Anstreichern","klasse":"residential"},"geometry":{"type":"LineString","coordinates":[[8.45209,49.68108],[8.45133,49.68085],[8.45112,49.68088]]}},{"type":"Feature","properties":{"name":"Bei den Anstreichern","klasse":"residential"},"geometry":{"type":"LineString","coordinates":[[8.45084,49.68135],[8.4485,49.6809]]}},{"type":"Feature","properties":{"name":"Begonienweg","klasse":"residential"},"geometry":{"type":"LineString","coordinates":[[8.45034,49.68126],[8.45057,49.68088]]}},{"type":"Feature","properties":{"name":"Dahlienweg","klasse":"residential"},"geometry":{"type":"LineString","coordinates":[[8.44949,49.68108],[8.4497,49.68072]]}},{"type":"Feature","properties":{"name":"Geranienweg","klasse":"residential"},"geometry":{"type":"LineString","coordinates":[[8.449,49.68099],[8.44918,49.68067]]}},{"type":"Feature","properties":{"name":"Lilienweg","klasse":"residential"},"geometry":{"type":"LineString","coordinates":[[8.4485,49.6809],[8.44865,49.68064]]}},{"type":"Feature","properties":{"name":"Bei den Anstreichern","klasse":"residential"},"geometry":{"type":"LineString","coordinates":[[8.4485,49.6809],[8.44801,49.6808],[8.44794,49.68094]]}},{"type":"Feature","properties":{"name":"Anemonenweg","klasse":"residential"},"geometry":{"type":"LineString","coordinates":[[8.45084,49.68135],[8.4513,49.68145],[8.45147,49.6812]]}},{"type":"Feature","properties":{"name":"Brücklache","klasse":"residential"},"geometry":{"type":"LineString","coordinates":[[8.45028,49.68243],[8.44872,49.68186]]}},{"type":"Feature","properties":{"name":"Jahnstraße","klasse":"residential"},"geometry":{"type":"LineString","coordinates":[[8.44994,49.68326],[8.44932,49.68281],[8.44831,49.6823],[8.44498,49.68133]]}},{"type":"Feature","properties":{"name":"Bürstädter Straße","klasse":"tertiary"},"geometry":{"type":"LineString","coordinates":[[8.45288,49.67983],[8.45298,49.67914]]}},{"type":"Feature","properties":{"name":"Bahnhofstraße","klasse":"residential"},"geometry":{"type":"LineString","coordinates":[[8.45203,49.68784],[8.45088,49.68854]]}},{"type":"Feature","properties":{"name":"Waldstraße","klasse":"residential"},"geometry":{"type":"LineString","coordinates":[[8.45551,49.68929],[8.45203,49.68784]]}},{"type":"Feature","properties":{"name":"Bergstraße","klasse":"residential"},"geometry":{"type":"LineString","coordinates":[[8.44941,49.66312],[8.44839,49.66312],[8.44759,49.66326],[8.44626,49.66384]]}},{"type":"Feature","properties":{"name":"Magnolienweg","klasse":"residential"},"geometry":{"type":"LineString","coordinates":[[8.44999,49.66],[8.45008,49.65966]]}},{"type":"Feature","properties":{"name":"Tulpenstraße","klasse":"residential"},"geometry":{"type":"LineString","coordinates":[[8.44973,49.65996],[8.45027,49.66002]]}},{"type":"Feature","properties":{"name":"Narzissenstraße","klasse":"residential"},"geometry":{"type":"LineString","coordinates":[[8.45027,49.66002],[8.45017,49.66044]]}},{"type":"Feature","properties":{"name":"Narzissenstraße","klasse":"residential"},"geometry":{"type":"LineString","coordinates":[[8.45017,49.66044],[8.45014,49.66061]]}},{"type":"Feature","properties":{"name":"Im Zwerghaag","klasse":"residential"},"geometry":{"type":"LineString","coordinates":[[8.4502,49.66098],[8.45014,49.66261]]}},{"type":"Feature","properties":{"name":"Darmstädter Straße","klasse":"residential"},"geometry":{"type":"LineString","coordinates":[[8.45114,49.6634],[8.45024,49.66458],[8.44972,49.66582],[8.44955,49.66589]]}},{"type":"Feature","properties":{"name":"Freiherr-vom-Stein-Straße","klasse":"residential"},"geometry":{"type":"LineString","coordinates":[[8.44851,49.66443],[8.44851,49.66479]]}},{"type":"Feature","properties":{"name":"Freiherr-vom-Stein-Straße","klasse":"residential"},"geometry":{"type":"LineString","coordinates":[[8.44851,49.66479],[8.44856,49.66509],[8.44828,49.66586]]}},{"type":"Feature","properties":{"name":"Am Meßplatz","klasse":"residential"},"geometry":{"type":"LineString","coordinates":[[8.44728,49.66477],[8.44851,49.66479]]}},{"type":"Feature","properties":{"name":"Holländerstraße","klasse":"residential"},"geometry":{"type":"LineString","coordinates":[[8.44938,49.664],[8.44759,49.66399],[8.44626,49.66384]]}},{"type":"Feature","properties":{"name":"Rheinstraße","klasse":"residential"},"geometry":{"type":"LineString","coordinates":[[8.53662,49.6723],[8.53773,49.67214],[8.5383,49.67219]]}},{"type":"Feature","properties":{"name":"Ernst-Ludwig-Straße","klasse":"living_street"},"geometry":{"type":"LineString","coordinates":[[8.5439,49.67143],[8.54544,49.67114]]}},{"type":"Feature","properties":{"name":"Friedensstraße","klasse":"residential"},"geometry":{"type":"LineString","coordinates":[[8.54786,49.6718],[8.54643,49.66839]]}},{"type":"Feature","properties":{"name":"Im Böhlchen","klasse":"residential"},"geometry":{"type":"LineString","coordinates":[[8.55186,49.66775],[8.55045,49.66797]]}},{"type":"Feature","properties":{"name":"Blütenweg","klasse":"residential"},"geometry":{"type":"LineString","coordinates":[[8.54496,49.66683],[8.54502,49.66553]]}},{"type":"Feature","properties":{"name":"Nibelungenstraße","klasse":"residential"},"geometry":{"type":"LineString","coordinates":[[8.55833,49.65312],[8.55859,49.6532],[8.56048,49.65342],[8.56358,49.65353],[8.56424,49.65365],[8.56588,49.65377]]}},{"type":"Feature","properties":{"name":"Kriemhildenstraße","klasse":"residential"},"geometry":{"type":"LineString","coordinates":[[8.55967,49.64744],[8.56027,49.64658]]}},{"type":"Feature","properties":{"name":"Mannheimer Straße","klasse":"residential"},"geometry":{"type":"LineString","coordinates":[[8.55967,49.64744],[8.55949,49.64736],[8.55912,49.64668]]}},{"type":"Feature","properties":{"name":"Im Taubenfang","klasse":"unclassified"},"geometry":{"type":"LineString","coordinates":[[8.54528,49.65225],[8.54534,49.65212],[8.54553,49.65204],[8.54613,49.65204]]}},{"type":"Feature","properties":{"name":"Rheinstraße","klasse":"residential"},"geometry":{"type":"LineString","coordinates":[[8.5617,49.65764],[8.56303,49.65733],[8.56533,49.65748],[8.56666,49.65724],[8.56713,49.65695],[8.56771,49.65613],[8.56783,49.65612]]}},{"type":"Feature","properties":{"name":"Alexanderstraße","klasse":"residential"},"geometry":{"type":"LineString","coordinates":[[8.56619,49.65735],[8.56595,49.65632],[8.56507,49.65478]]}},{"type":"Feature","properties":{"name":"Schillerstraße","klasse":"residential"},"geometry":{"type":"LineString","coordinates":[[8.5666,49.65445],[8.56451,49.65488],[8.5604,49.65529]]}},{"type":"Feature","properties":{"name":"Moltkestraße","klasse":"residential"},"geometry":{"type":"LineString","coordinates":[[8.56296,49.65734],[8.56333,49.65641],[8.56321,49.655]]}},{"type":"Feature","properties":{"name":"Friedrich-Ebert-Straße","klasse":"residential"},"geometry":{"type":"LineString","coordinates":[[8.56104,49.65665],[8.56156,49.65652],[8.56224,49.65647],[8.5633,49.65657],[8.56458,49.65641],[8.56582,49.65615]]}},{"type":"Feature","properties":{"name":"Im Rod","klasse":"residential"},"geometry":{"type":"LineString","coordinates":[[8.55094,49.6558],[8.55092,49.65603],[8.55081,49.65604],[8.5505,49.65591],[8.54924,49.65572]]}},{"type":"Feature","properties":{"name":"Zeppelinstraße","klasse":"residential"},"geometry":{"type":"LineString","coordinates":[[8.46959,49.64915],[8.46972,49.65033]]}},{"type":"Feature","properties":{"name":"Lilienthalstraße","klasse":"residential"},"geometry":{"type":"LineString","coordinates":[[8.46199,49.65153],[8.46172,49.65145],[8.46163,49.65131],[8.46213,49.65014]]}},{"type":"Feature","properties":{"name":"Im Rod","klasse":"residential"},"geometry":{"type":"LineString","coordinates":[[8.55092,49.65603],[8.55126,49.6567]]}},{"type":"Feature","properties":{"name":"Gänsweidweg","klasse":"residential"},"geometry":{"type":"LineString","coordinates":[[8.49278,49.64917],[8.4927,49.64955]]}},{"type":"Feature","properties":{"name":"Forsthausstraße","klasse":"residential"},"geometry":{"type":"LineString","coordinates":[[8.46955,49.64543],[8.47024,49.64709]]}},{"type":"Feature","properties":{"name":"Mittelriedstraße","klasse":"residential"},"geometry":{"type":"LineString","coordinates":[[8.45164,49.64629],[8.44891,49.64649]]}},{"type":"Feature","properties":{"ref":"B 47","klasse":"trunk"},"geometry":{"type":"LineString","coordinates":[[8.54847,49.65707],[8.54988,49.65812]]}},{"type":"Feature","properties":{"ref":"K 31","name":"Bensheimer Straße","klasse":"tertiary"},"geometry":{"type":"LineString","coordinates":[[8.54752,49.65448],[8.54773,49.65469]]}},{"type":"Feature","properties":{"name":"Groß-Gerauer-Straße","klasse":"residential"},"geometry":{"type":"LineString","coordinates":[[8.46337,49.64508],[8.46364,49.64441]]}},{"type":"Feature","properties":{"ref":"K 31","klasse":"tertiary"},"geometry":{"type":"LineString","coordinates":[[8.54497,49.65212],[8.54528,49.65225]]}},{"type":"Feature","properties":{"name":"Nibelungenstraße","klasse":"residential"},"geometry":{"type":"LineString","coordinates":[[8.53662,49.6723],[8.53662,49.67275]]}},{"type":"Feature","properties":{"name":"Heinrich-Frey-Straße","klasse":"residential"},"geometry":{"type":"LineString","coordinates":[[8.53662,49.67122],[8.53985,49.67025]]}},{"type":"Feature","properties":{"name":"Theodor-Heuss-Straße","klasse":"residential"},"geometry":{"type":"LineString","coordinates":[[8.53721,49.67105],[8.53753,49.67141],[8.53871,49.67156],[8.53913,49.67089],[8.53891,49.67053]]}},{"type":"Feature","properties":{"name":"Am Stein","klasse":"residential"},"geometry":{"type":"LineString","coordinates":[[8.53801,49.6708],[8.53758,49.67021]]}},{"type":"Feature","properties":{"name":"Kriemhildenstraße","klasse":"residential"},"geometry":{"type":"LineString","coordinates":[[8.5373,49.66908],[8.53743,49.66983],[8.53753,49.6699]]}},{"type":"Feature","properties":{"name":"Hagenstraße","klasse":"residential"},"geometry":{"type":"LineString","coordinates":[[8.53828,49.66902],[8.53847,49.66975]]}},{"type":"Feature","properties":{"name":"Kriemhildenstraße","klasse":"residential"},"geometry":{"type":"LineString","coordinates":[[8.5373,49.66908],[8.53726,49.66875]]}},{"type":"Feature","properties":{"name":"Hagenstraße","klasse":"residential"},"geometry":{"type":"LineString","coordinates":[[8.53828,49.66902],[8.53823,49.66867]]}},{"type":"Feature","properties":{"name":"In der Röll","klasse":"residential"},"geometry":{"type":"LineString","coordinates":[[8.53891,49.67053],[8.53851,49.66998]]}},{"type":"Feature","properties":{"name":"Siegfriedstraße","klasse":"residential"},"geometry":{"type":"LineString","coordinates":[[8.53967,49.66893],[8.53627,49.66915]]}},{"type":"Feature","properties":{"name":"Nibelungenstraße","klasse":"residential"},"geometry":{"type":"LineString","coordinates":[[8.53648,49.6704],[8.53597,49.67042]]}},{"type":"Feature","properties":{"name":"Nibelungenstraße","klasse":"residential"},"geometry":{"type":"LineString","coordinates":[[8.53627,49.66915],[8.53663,49.67129]]}},{"type":"Feature","properties":{"name":"Sepp-Herberger-Straße","klasse":"residential"},"geometry":{"type":"LineString","coordinates":[[8.53967,49.66893],[8.53985,49.67025]]}},{"type":"Feature","properties":{"name":"Sepp-Herberger-Straße","klasse":"residential"},"geometry":{"type":"LineString","coordinates":[[8.53983,49.66987],[8.54058,49.66981],[8.54115,49.66964]]}},{"type":"Feature","properties":{"name":"Peterstraße","klasse":"residential"},"geometry":{"type":"LineString","coordinates":[[8.54276,49.67236],[8.54271,49.67202],[8.5423,49.67171]]}},{"type":"Feature","properties":{"name":"Josefstraße","klasse":"residential"},"geometry":{"type":"LineString","coordinates":[[8.54155,49.6729],[8.54133,49.67371]]}},{"type":"Feature","properties":{"name":"Bachgasse","klasse":"residential"},"geometry":{"type":"LineString","coordinates":[[8.54317,49.67362],[8.54287,49.67392]]}},{"type":"Feature","properties":{"name":"Bachgasse","klasse":"living_street"},"geometry":{"type":"LineString","coordinates":[[8.54317,49.67362],[8.54343,49.67349]]}},{"type":"Feature","properties":{"name":"Ludwigstraße","klasse":"secondary"},"geometry":{"type":"LineString","coordinates":[[8.54479,49.6723],[8.54462,49.67256],[8.54344,49.67344],[8.54346,49.67354],[8.54393,49.6739]]}},{"type":"Feature","properties":{"name":"Hauptstraße","klasse":"secondary"},"geometry":{"type":"LineString","coordinates":[[8.54408,49.67417],[8.54413,49.67444]]}},{"type":"Feature","properties":{"name":"Neckarstraße","klasse":"residential"},"geometry":{"type":"LineString","coordinates":[[8.5383,49.67219],[8.53793,49.67355]]}},{"type":"Feature","properties":{"name":"Mainstraße","klasse":"residential"},"geometry":{"type":"LineString","coordinates":[[8.53811,49.67288],[8.53941,49.67308],[8.5393,49.67357]]}},{"type":"Feature","properties":{"name":"Mainstraße","klasse":"residential"},"geometry":{"type":"LineString","coordinates":[[8.53938,49.67331],[8.54025,49.67333]]}},{"type":"Feature","properties":{"name":"Moselstraße","klasse":"residential"},"geometry":{"type":"LineString","coordinates":[[8.5393,49.67357],[8.54064,49.67361]]}},{"type":"Feature","properties":{"name":"Bibliser Straße","klasse":"residential"},"geometry":{"type":"LineString","coordinates":[[8.53683,49.67439],[8.53727,49.67501],[8.5379,49.6756]]}},{"type":"Feature","properties":{"name":"Hauptstraße","klasse":"residential"},"geometry":{"type":"LineString","coordinates":[[8.55019,49.67354],[8.54898,49.67358],[8.54764,49.67373]]}},{"type":"Feature","properties":{"name":"Rue d'Attichy","klasse":"living_street"},"geometry":{"type":"LineString","coordinates":[[8.54533,49.67213],[8.54559,49.67259]]}},{"type":"Feature","properties":{"name":"Kirchstraße","klasse":"residential"},"geometry":{"type":"LineString","coordinates":[[8.54529,49.67106],[8.54477,49.6699],[8.54445,49.66859]]}},{"type":"Feature","properties":{"name":"Promenadenweg","klasse":"residential"},"geometry":{"type":"LineString","coordinates":[[8.54205,49.66986],[8.54191,49.66946],[8.54186,49.6688],[8.54188,49.66545]]}},{"type":"Feature","properties":{"name":"Am Katzensee","klasse":"residential"},"geometry":{"type":"LineString","coordinates":[[8.54298,49.66547],[8.54188,49.66545]]}},{"type":"Feature","properties":{"name":"Sudetenstraße","klasse":"residential"},"geometry":{"type":"LineString","coordinates":[[8.54301,49.66473],[8.54144,49.66463]]}},{"type":"Feature","properties":{"name":"Kroisbacher Straße","klasse":"residential"},"geometry":{"type":"LineString","coordinates":[[8.54303,49.66396],[8.54296,49.66395]]}},{"type":"Feature","properties":{"name":"Rosenweg","klasse":"residential"},"geometry":{"type":"LineString","coordinates":[[8.54411,49.66397],[8.54405,49.66523]]}},{"type":"Feature","properties":{"name":"Nibelungenstraße","klasse":"residential"},"geometry":{"type":"LineString","coordinates":[[8.53621,49.66881],[8.53627,49.66915]]}},{"type":"Feature","properties":{"name":"Siegfriedstraße","klasse":"residential"},"geometry":{"type":"LineString","coordinates":[[8.53627,49.66915],[8.53573,49.66917]]}},{"type":"Feature","properties":{"name":"Josefstraße","klasse":"residential"},"geometry":{"type":"LineString","coordinates":[[8.54158,49.67264],[8.54155,49.6729]]}},{"type":"Feature","properties":{"name":"Gartenstraße","klasse":"residential"},"geometry":{"type":"LineString","coordinates":[[8.54747,49.67075],[8.55003,49.6702]]}},{"type":"Feature","properties":{"name":"Jägersburger Straße","klasse":"secondary"},"geometry":{"type":"LineString","coordinates":[[8.53918,49.67618],[8.5377,49.6774],[8.53654,49.67862]]}},{"type":"Feature","properties":{"name":"Moselstraße","klasse":"residential"},"geometry":{"type":"LineString","coordinates":[[8.53793,49.67355],[8.5393,49.67357]]}},{"type":"Feature","properties":{"name":"Im Lichten Flecken","klasse":"residential"},"geometry":{"type":"LineString","coordinates":[[8.54287,49.66874],[8.53967,49.66893]]}},{"type":"Feature","properties":{"name":"Brunnengewann","klasse":"residential"},"geometry":{"type":"LineString","coordinates":[[8.5418,49.66703],[8.54282,49.667]]}},{"type":"Feature","properties":{"name":"Am Katzensee","klasse":"residential"},"geometry":{"type":"LineString","coordinates":[[8.54188,49.66545],[8.54086,49.66543]]}},{"type":"Feature","properties":{"name":"Otto-Hahn-Ring","klasse":"residential"},"geometry":{"type":"LineString","coordinates":[[8.56044,49.6663],[8.56303,49.66565],[8.56319,49.66464],[8.5631,49.66455],[8.56058,49.66404]]}},{"type":"Feature","properties":{"name":"Johann-Sebastian-Bach-Straße","klasse":"residential"},"geometry":{"type":"LineString","coordinates":[[8.55218,49.66891],[8.55255,49.66884]]}},{"type":"Feature","properties":{"name":"Bruchweg","klasse":"residential"},"geometry":{"type":"LineString","coordinates":[[8.45888,49.68228],[8.46048,49.68045]]}},{"type":"Feature","properties":{"name":"Am Werrtor","klasse":"residential"},"geometry":{"type":"LineString","coordinates":[[8.45518,49.68383],[8.45742,49.68305]]}},{"type":"Feature","properties":{"name":"Tassilostraße","klasse":"residential"},"geometry":{"type":"LineString","coordinates":[[8.55822,49.64849],[8.55834,49.64799],[8.55754,49.64762],[8.55757,49.64744]]}},{"type":"Feature","properties":{"name":"Am Birkengarten","klasse":"residential"},"geometry":{"type":"LineString","coordinates":[[8.55596,49.64975],[8.55531,49.65088]]}},{"type":"Feature","properties":{"name":"In der Wolfshecke","klasse":"residential"},"geometry":{"type":"LineString","coordinates":[[8.5576,49.66041],[8.55635,49.66],[8.55604,49.65974],[8.55589,49.65941],[8.55604,49.65898],[8.55733,49.65709]]}},{"type":"Feature","properties":{"name":"Johann-Sebastian-Bach-Straße","klasse":"residential"},"geometry":{"type":"LineString","coordinates":[[8.55164,49.66639],[8.55186,49.66775]]}},{"type":"Feature","properties":{"name":"Carl-Benz-Straße","klasse":"tertiary"},"geometry":{"type":"LineString","coordinates":[[8.56058,49.66404],[8.56029,49.66542],[8.56036,49.66602],[8.56069,49.667]]}},{"type":"Feature","properties":{"name":"Tassilostraße","klasse":"residential"},"geometry":{"type":"LineString","coordinates":[[8.55754,49.64762],[8.5575,49.6478]]}},{"type":"Feature","properties":{"name":"In der Wolfshecke","klasse":"residential"},"geometry":{"type":"LineString","coordinates":[[8.55718,49.66025],[8.55703,49.66048],[8.55709,49.66087]]}},{"type":"Feature","properties":{"name":"Am Bruchweiher","klasse":"residential"},"geometry":{"type":"LineString","coordinates":[[8.45863,49.68262],[8.45872,49.68254]]}},{"type":"Feature","properties":{"name":"Am Birkengarten","klasse":"residential"},"geometry":{"type":"LineString","coordinates":[[8.55773,49.64696],[8.55717,49.6472],[8.55699,49.64778],[8.55654,49.64864]]}},{"type":"Feature","properties":{"name":"Bitzenheimer Weg","klasse":"residential"},"geometry":{"type":"LineString","coordinates":[[8.55705,49.66022],[8.55849,49.65877]]}},{"type":"Feature","properties":{"name":"Adelungstraße","klasse":"residential"},"geometry":{"type":"LineString","coordinates":[[8.55905,49.64865],[8.55702,49.64827]]}},{"type":"Feature","properties":{"ref":"L 3111","klasse":"secondary"},"geometry":{"type":"LineString","coordinates":[[8.55549,49.66906],[8.55614,49.66885]]}},{"type":"Feature","properties":{"name":"Mannheimer Straße","klasse":"residential"},"geometry":{"type":"LineString","coordinates":[[8.44941,49.66312],[8.44942,49.66214],[8.44932,49.66193]]}},{"type":"Feature","properties":{"name":"Goethestraße","klasse":"residential"},"geometry":{"type":"LineString","coordinates":[[8.55191,49.67056],[8.5529,49.67174]]}},{"type":"Feature","properties":{"name":"Kirchgartenstraße","klasse":"residential"},"geometry":{"type":"LineString","coordinates":[[8.55201,49.66894],[8.54358,49.67057]]}},{"type":"Feature","properties":{"name":"Im Schafweg","klasse":"residential"},"geometry":{"type":"LineString","coordinates":[[8.54502,49.66553],[8.54298,49.66562]]}},{"type":"Feature","properties":{"name":"Fliederweg","klasse":"residential"},"geometry":{"type":"LineString","coordinates":[[8.54403,49.66557],[8.54399,49.66643]]}},{"type":"Feature","properties":{"name":"Blütenweg","klasse":"residential"},"geometry":{"type":"LineString","coordinates":[[8.54507,49.66455],[8.54553,49.66453]]}},{"type":"Feature","properties":{"name":"Blütenweg","klasse":"residential"},"geometry":{"type":"LineString","coordinates":[[8.54506,49.66487],[8.54551,49.66485]]}},{"type":"Feature","properties":{"name":"Blütenweg","klasse":"residential"},"geometry":{"type":"LineString","coordinates":[[8.54504,49.66518],[8.54555,49.66516]]}},{"type":"Feature","properties":{"name":"Blütenweg","klasse":"residential"},"geometry":{"type":"LineString","coordinates":[[8.54502,49.66553],[8.54587,49.66546]]}},{"type":"Feature","properties":{"name":"Blütenweg","klasse":"residential"},"geometry":{"type":"LineString","coordinates":[[8.54501,49.66581],[8.54575,49.66579]]}},{"type":"Feature","properties":{"name":"Blütenweg","klasse":"residential"},"geometry":{"type":"LineString","coordinates":[[8.54499,49.66613],[8.54577,49.66609]]}},{"type":"Feature","properties":{"name":"Blütenweg","klasse":"residential"},"geometry":{"type":"LineString","coordinates":[[8.54498,49.66644],[8.54579,49.6664]]}},{"type":"Feature","properties":{"name":"Im Pfaffenacker","klasse":"residential"},"geometry":{"type":"LineString","coordinates":[[8.54496,49.66683],[8.54622,49.66673]]}},{"type":"Feature","properties":{"name":"Im Pfaffenacker","klasse":"residential"},"geometry":{"type":"LineString","coordinates":[[8.54282,49.667],[8.54496,49.66683]]}},{"type":"Feature","properties":{"name":"In der Hollerhecke","klasse":"residential"},"geometry":{"type":"LineString","coordinates":[[8.5439,49.66864],[8.54388,49.66692]]}},{"type":"Feature","properties":{"name":"Elisabethenstraße","klasse":"residential"},"geometry":{"type":"LineString","coordinates":[[8.54345,49.67028],[8.54326,49.67031],[8.54169,49.67112]]}},{"type":"Feature","properties":{"name":"In der Binn","klasse":"residential"},"geometry":{"type":"LineString","coordinates":[[8.5415,49.67104],[8.54076,49.67213]]}},{"type":"Feature","properties":{"name":"Mozartstraße","klasse":"residential"},"geometry":{"type":"LineString","coordinates":[[8.54498,49.66717],[8.55017,49.66672]]}},{"type":"Feature","properties":{"name":"Mozartstraße","klasse":"residential"},"geometry":{"type":"LineString","coordinates":[[8.55017,49.66672],[8.55129,49.66659]]}},{"type":"Feature","properties":{"name":"Händelstraße","klasse":"residential"},"geometry":{"type":"LineString","coordinates":[[8.55017,49.66672],[8.55045,49.66797]]}},{"type":"Feature","properties":{"name":"Smetanastraße","klasse":"residential"},"geometry":{"type":"LineString","coordinates":[[8.55027,49.66694],[8.55131,49.66683]]}},{"type":"Feature","properties":{"name":"Mendelssohnstraße","klasse":"residential"},"geometry":{"type":"LineString","coordinates":[[8.5503,49.6672],[8.55141,49.66706]]}},{"type":"Feature","properties":{"name":"Wagnerstraße","klasse":"residential"},"geometry":{"type":"LineString","coordinates":[[8.55036,49.66745],[8.55142,49.66731]]}},{"type":"Feature","properties":{"name":"Schumannstraße","klasse":"residential"},"geometry":{"type":"LineString","coordinates":[[8.55041,49.6677],[8.55149,49.66755]]}},{"type":"Feature","properties":{"name":"Heinrichstraße","klasse":"residential"},"geometry":{"type":"LineString","coordinates":[[8.56068,49.65761],[8.55994,49.65733]]}},{"type":"Feature","properties":{"name":"Heinrichstraße","klasse":"residential"},"geometry":{"type":"LineString","coordinates":[[8.5604,49.65529],[8.56123,49.65408],[8.5615,49.65349]]}},{"type":"Feature","properties":{"name":"Wilhelm-Leuschner-Straße","klasse":"residential"},"geometry":{"type":"LineString","coordinates":[[8.56184,49.65349],[8.56185,49.65147],[8.5616,49.64995]]}},{"type":"Feature","properties":{"name":"Am Mannheimer Tor","klasse":"residential"},"geometry":{"type":"LineString","coordinates":[[8.56234,49.64982],[8.56212,49.64991],[8.56075,49.65],[8.55884,49.64996]]}},{"type":"Feature","properties":{"name":"Waldrandsiedlung","klasse":"residential"},"geometry":{"type":"LineString","coordinates":[[8.5595,49.64779],[8.55773,49.64696]]}},{"type":"Feature","properties":{"name":"Kankorstraße","klasse":"residential"},"geometry":{"type":"LineString","coordinates":[[8.55772,49.65144],[8.55741,49.65251],[8.55729,49.65264],[8.5561,49.65257],[8.55584,49.65249],[8.55572,49.6523],[8.55577,49.65205],[8.55654,49.65064]]}},{"type":"Feature","properties":{"ref":"L 3261","klasse":"secondary"},"geometry":{"type":"LineString","coordinates":[[8.43134,49.68908],[8.43291,49.68962],[8.43446,49.69033],[8.43617,49.69139],[8.43922,49.69348],[8.44198,49.69495],[8.44401,49.69576],[8.44581,49.69633],[8.44788,49.69682],[8.44975,49.69713]]}},{"type":"Feature","properties":{"ref":"L 3111","klasse":"secondary"},"geometry":{"type":"LineString","coordinates":[[8.51066,49.70552],[8.51105,49.70526]]}},{"type":"Feature","properties":{"name":"Jägersburger Straße","klasse":"residential"},"geometry":{"type":"LineString","coordinates":[[8.53583,49.6794],[8.5361,49.67951]]}},{"type":"Feature","properties":{"name":"Lichtenbergstraße","klasse":"residential"},"geometry":{"type":"LineString","coordinates":[[8.5377,49.6774],[8.53699,49.67707],[8.53762,49.67652],[8.53831,49.6769]]}},{"type":"Feature","properties":{"name":"Odenwaldstraße","klasse":"residential"},"geometry":{"type":"LineString","coordinates":[[8.53918,49.67618],[8.54,49.6766],[8.54174,49.67684],[8.54346,49.67683]]}},{"type":"Feature","properties":{"name":"Odenwaldstraße","klasse":"living_street"},"geometry":{"type":"LineString","coordinates":[[8.544,49.67678],[8.54439,49.67681],[8.54443,49.67713]]}},{"type":"Feature","properties":{"name":"Taunusstraße","klasse":"residential"},"geometry":{"type":"LineString","coordinates":[[8.54,49.6766],[8.53906,49.67832]]}},{"type":"Feature","properties":{"name":"Melibokusstraße","klasse":"residential"},"geometry":{"type":"LineString","coordinates":[[8.53906,49.67832],[8.54077,49.67871]]}},{"type":"Feature","properties":{"name":"Felsbergstraße","klasse":"residential"},"geometry":{"type":"LineString","coordinates":[[8.53937,49.67773],[8.54096,49.67807]]}},{"type":"Feature","properties":{"name":"Starkenburgstraße","klasse":"residential"},"geometry":{"type":"LineString","coordinates":[[8.53971,49.67714],[8.54111,49.67746]]}},{"type":"Feature","properties":{"name":"Konrad-Adenauer-Straße","klasse":"residential"},"geometry":{"type":"LineString","coordinates":[[8.54409,49.67814],[8.54366,49.67822]]}},{"type":"Feature","properties":{"name":"Heinrich-von-Brentano-Weg","klasse":"residential"},"geometry":{"type":"LineString","coordinates":[[8.54273,49.67686],[8.54273,49.67771]]}},{"type":"Feature","properties":{"name":"Kurt-Schumacher-Straße","klasse":"residential"},"geometry":{"type":"LineString","coordinates":[[8.54333,49.67594],[8.54366,49.67822]]}},{"type":"Feature","properties":{"name":"Konrad-Adenauer-Straße","klasse":"residential"},"geometry":{"type":"LineString","coordinates":[[8.54366,49.67822],[8.54166,49.67817],[8.54174,49.67684]]}},{"type":"Feature","properties":{"name":"Kurt-Schumacher-Straße","klasse":"residential"},"geometry":{"type":"LineString","coordinates":[[8.54366,49.67822],[8.54365,49.67856]]}},{"type":"Feature","properties":{"name":"Falltorstraße","klasse":"residential"},"geometry":{"type":"LineString","coordinates":[[8.54394,49.67532],[8.54356,49.67476]]}},{"type":"Feature","properties":{"name":"Bischof-Dieter-Straße","klasse":"residential"},"geometry":{"type":"LineString","coordinates":[[8.54466,49.66953],[8.54674,49.66914]]}},{"type":"Feature","properties":{"name":"Bischof-Dieter-Straße","klasse":"residential"},"geometry":{"type":"LineString","coordinates":[[8.54674,49.66914],[8.54894,49.66879]]}},{"type":"Feature","properties":{"name":"Schulstraße","klasse":"living_street"},"geometry":{"type":"LineString","coordinates":[[8.54563,49.67203],[8.54582,49.67253]]}},{"type":"Feature","properties":{"name":"Körnerstraße","klasse":"residential"},"geometry":{"type":"LineString","coordinates":[[8.54501,49.66799],[8.5462,49.66787]]}},{"type":"Feature","properties":{"name":"Uhlandstraße","klasse":"residential"},"geometry":{"type":"LineString","coordinates":[[8.54499,49.66769],[8.5462,49.66757]]}},{"type":"Feature","properties":{"name":"Schillerstraße","klasse":"residential"},"geometry":{"type":"LineString","coordinates":[[8.54679,49.66698],[8.54685,49.66835]]}},{"type":"Feature","properties":{"name":"Kleiststraße","klasse":"residential"},"geometry":{"type":"LineString","coordinates":[[8.54681,49.66778],[8.54802,49.66769]]}},{"type":"Feature","properties":{"name":"Lessingstraße","klasse":"residential"},"geometry":{"type":"LineString","coordinates":[[8.54681,49.66752],[8.54809,49.6674]]}},{"type":"Feature","properties":{"name":"Haydnstraße","klasse":"residential"},"geometry":{"type":"LineString","coordinates":[[8.54863,49.66684],[8.54865,49.66816]]}},{"type":"Feature","properties":{"name":"Lisztstraße","klasse":"residential"},"geometry":{"type":"LineString","coordinates":[[8.54864,49.66761],[8.54973,49.66752]]}},{"type":"Feature","properties":{"name":"Schubertstraße","klasse":"residential"},"geometry":{"type":"LineString","coordinates":[[8.54863,49.66734],[8.54987,49.66722]]}},{"type":"Feature","properties":{"name":"Johann-Sebastian-Bach-Straße","klasse":"residential"},"geometry":{"type":"LineString","coordinates":[[8.55179,49.66733],[8.5523,49.66727]]}},{"type":"Feature","properties":{"name":"Johann-Sebastian-Bach-Straße","klasse":"residential"},"geometry":{"type":"LineString","coordinates":[[8.55175,49.66701],[8.55216,49.66689]]}},{"type":"Feature","properties":{"name":"Johann-Sebastian-Bach-Straße","klasse":"residential"},"geometry":{"type":"LineString","coordinates":[[8.55169,49.66664],[8.55208,49.66657]]}},{"type":"Feature","properties":{"name":"Beethovenstraße","klasse":"residential"},"geometry":{"type":"LineString","coordinates":[[8.54504,49.66853],[8.54496,49.66683]]}},{"type":"Feature","properties":{"name":"Ludwig-Jahn-Straße","klasse":"residential"},"geometry":{"type":"LineString","coordinates":[[8.54052,49.67505],[8.53911,49.6753]]}},{"type":"Feature","properties":{"name":"Ludwig-Jahn-Straße","klasse":"residential"},"geometry":{"type":"LineString","coordinates":[[8.5379,49.6756],[8.53736,49.67583]]}},{"type":"Feature","properties":{"name":"Große Teilung","klasse":"residential"},"geometry":{"type":"LineString","coordinates":[[8.53911,49.6753],[8.53878,49.67465]]}},{"type":"Feature","properties":{"name":"Große Teilung","klasse":"residential"},"geometry":{"type":"LineString","coordinates":[[8.53878,49.67465],[8.53974,49.67447]]}},{"type":"Feature","properties":{"name":"Neuröder Weg","klasse":"residential"},"geometry":{"type":"LineString","coordinates":[[8.54067,49.67492],[8.54109,49.67513]]}},{"type":"Feature","properties":{"name":"Neuröder Weg","klasse":"residential"},"geometry":{"type":"LineString","coordinates":[[8.54563,49.67493],[8.54797,49.67437]]}},{"type":"Feature","properties":{"name":"Ringstraße","klasse":"residential"},"geometry":{"type":"LineString","coordinates":[[8.53995,49.67553],[8.54029,49.6757],[8.54113,49.67588],[8.54204,49.67598],[8.54333,49.67594]]}},{"type":"Feature","properties":{"name":"Almenstraße","klasse":"residential"},"geometry":{"type":"LineString","coordinates":[[8.546,49.67556],[8.54837,49.67521]]}},{"type":"Feature","properties":{"name":"Martin-Luther-Straße","klasse":"residential"},"geometry":{"type":"LineString","coordinates":[[8.54528,49.67429],[8.54563,49.67493]]}},{"type":"Feature","properties":{"name":"Die Wilbers","klasse":"living_street"},"geometry":{"type":"LineString","coordinates":[[8.54404,49.67677],[8.54404,49.67644],[8.54615,49.67612]]}},{"type":"Feature","properties":{"name":"Martin-Niemöller-Straße","klasse":"living_street"},"geometry":{"type":"LineString","coordinates":[[8.54879,49.67621],[8.54685,49.67654]]}},{"type":"Feature","properties":{"name":"Anne-Frank-Straße","klasse":"living_street"},"geometry":{"type":"LineString","coordinates":[[8.54685,49.67654],[8.54686,49.67712]]}},{"type":"Feature","properties":{"name":"Geschwister-Scholl-Straße","klasse":"living_street"},"geometry":{"type":"LineString","coordinates":[[8.54686,49.67712],[8.54618,49.67723]]}},{"type":"Feature","properties":{"name":"Martin-Niemöller-Straße","klasse":"living_street"},"geometry":{"type":"LineString","coordinates":[[8.54685,49.67654],[8.54443,49.6769]]}},{"type":"Feature","properties":{"name":"Bensheimer Straße","klasse":"residential"},"geometry":{"type":"LineString","coordinates":[[8.55284,49.67306],[8.55357,49.67309]]}},{"type":"Feature","properties":{"name":"Schwanheimer Straße","klasse":"residential"},"geometry":{"type":"LineString","coordinates":[[8.55019,49.67354],[8.55069,49.67485]]}},{"type":"Feature","properties":{"name":"Rudolf-Diesel-Straße","klasse":"residential"},"geometry":{"type":"LineString","coordinates":[[8.5518,49.67543],[8.55332,49.67541]]}},{"type":"Feature","properties":{"name":"Robert-Bosch-Straße","klasse":"residential"},"geometry":{"type":"LineString","coordinates":[[8.55332,49.67541],[8.55331,49.67443],[8.55345,49.67434],[8.55424,49.67421]]}},{"type":"Feature","properties":{"name":"Robert-Bosch-Straße","klasse":"residential"},"geometry":{"type":"LineString","coordinates":[[8.55334,49.6773],[8.55433,49.67736],[8.55416,49.67818]]}},{"type":"Feature","properties":{"name":"Robert-Bosch-Straße","klasse":"residential"},"geometry":{"type":"LineString","coordinates":[[8.55334,49.6773],[8.55332,49.67541]]}},{"type":"Feature","properties":{"name":"Rudolf-Diesel-Straße","klasse":"residential"},"geometry":{"type":"LineString","coordinates":[[8.55332,49.67541],[8.55482,49.67544]]}},{"type":"Feature","properties":{"name":"Robert-Bosch-Straße","klasse":"residential"},"geometry":{"type":"LineString","coordinates":[[8.55213,49.67724],[8.55334,49.6773]]}},{"type":"Feature","properties":{"name":"Carl-Benz-Straße","klasse":"residential"},"geometry":{"type":"LineString","coordinates":[[8.55221,49.67858],[8.54966,49.67852]]}},{"type":"Feature","properties":{"ref":"K 65","name":"Industriestraße","klasse":"tertiary"},"geometry":{"type":"LineString","coordinates":[[8.55366,49.67157],[8.55376,49.67181]]}},{"type":"Feature","properties":{"name":"Rödchesgasse","klasse":"residential"},"geometry":{"type":"LineString","coordinates":[[8.55637,49.6566],[8.55475,49.65616]]}},{"type":"Feature","properties":{"name":"Siegfriedstraße","klasse":"residential"},"geometry":{"type":"LineString","coordinates":[[8.55637,49.6566],[8.55737,49.65489]]}},{"type":"Feature","properties":{"name":"Marie-Curie-Straße","klasse":"tertiary"},"geometry":{"type":"LineString","coordinates":[[8.56058,49.66404],[8.56051,49.66397],[8.55821,49.66346]]}},{"type":"Feature","properties":{"name":"Albert-Einstein-Straße","klasse":"residential"},"geometry":{"type":"LineString","coordinates":[[8.56451,49.66571],[8.56303,49.66565]]}},{"type":"Feature","properties":{"name":"Römerstraße","klasse":"residential"},"geometry":{"type":"LineString","coordinates":[[8.56723,49.65212],[8.56724,49.65243],[8.56746,49.65288]]}},{"type":"Feature","properties":{"name":"Bahnhofstraße","klasse":"residential"},"geometry":{"type":"LineString","coordinates":[[8.5674,49.65393],[8.56766,49.65533]]}},{"type":"Feature","properties":{"name":"Im Daubhart","klasse":"residential"},"geometry":{"type":"LineString","coordinates":[[8.56588,49.6641],[8.56492,49.66464],[8.56462,49.66501]]}},{"type":"Feature","properties":{"name":"Im Daubhart","klasse":"residential"},"geometry":{"type":"LineString","coordinates":[[8.5666,49.66216],[8.56672,49.66238],[8.56662,49.66321],[8.56631,49.66378]]}},{"type":"Feature","properties":{"name":"Im Daubhart","klasse":"residential"},"geometry":{"type":"LineString","coordinates":[[8.56631,49.66378],[8.56588,49.6641]]}},{"type":"Feature","properties":{"name":"Rudolf-Diesel-Straße","klasse":"unclassified"},"geometry":{"type":"LineString","coordinates":[[8.5939,49.67311],[8.58996,49.67172],[8.58969,49.6718],[8.58902,49.67255]]}},{"type":"Feature","properties":{"name":"Neuhofstraße","klasse":"unclassified"},"geometry":{"type":"LineString","coordinates":[[8.5923,49.68251],[8.5881,49.68213],[8.58769,49.68201]]}},{"type":"Feature","properties":{"name":"Bensheimer Straße","klasse":"residential"},"geometry":{"type":"LineString","coordinates":[[8.55219,49.67306],[8.55221,49.673]]}},{"type":"Feature","properties":{"name":"Fehlheimer Straße","klasse":"residential"},"geometry":{"type":"LineString","coordinates":[[8.55219,49.67306],[8.55231,49.67372],[8.55187,49.67424]]}},{"type":"Feature","properties":{"name":"Wattenheimer Straße","klasse":"tertiary"},"geometry":{"type":"LineString","coordinates":[[8.44898,49.68381],[8.44792,49.68503]]}},{"type":"Feature","properties":{"name":"Wattenheimer Straße","klasse":"tertiary"},"geometry":{"type":"LineString","coordinates":[[8.44898,49.68381],[8.44928,49.68358],[8.45083,49.68283]]}},{"type":"Feature","properties":{"name":"Wattenheimer Straße","klasse":"residential"},"geometry":{"type":"LineString","coordinates":[[8.44792,49.68503],[8.44721,49.68596],[8.44708,49.68596]]}},{"type":"Feature","properties":{"name":"Ampèrestraße","klasse":"unclassified"},"geometry":{"type":"LineString","coordinates":[[8.59539,49.67135],[8.5956,49.67134],[8.59705,49.67186],[8.59741,49.67273]]}},{"type":"Feature","properties":{"name":"Ampèrestraße","klasse":"unclassified"},"geometry":{"type":"LineString","coordinates":[[8.59795,49.67281],[8.59803,49.67257]]}},{"type":"Feature","properties":{"name":"Albert-Einstein-Allee","klasse":"unclassified"},"geometry":{"type":"LineString","coordinates":[[8.58757,49.66855],[8.58555,49.67127]]}},{"type":"Feature","properties":{"name":"Kaiser-Wilhelm-Platz","klasse":"residential"},"geometry":{"type":"LineString","coordinates":[[8.56725,49.65178],[8.56746,49.65141]]}},{"type":"Feature","properties":{"name":"Kriemhildenstraße","klasse":"residential"},"geometry":{"type":"LineString","coordinates":[[8.55833,49.65312],[8.55856,49.65269],[8.55895,49.64899],[8.55952,49.64774]]}},{"type":"Feature","properties":{"name":"Brunnengewann","klasse":"residential"},"geometry":{"type":"LineString","coordinates":[[8.5418,49.66703],[8.54119,49.66705],[8.54094,49.66713],[8.53889,49.66718]]}},{"type":"Feature","properties":{"name":"Neckarstraße","klasse":"residential"},"geometry":{"type":"LineString","coordinates":[[8.53793,49.67355],[8.53781,49.67396]]}},{"type":"Feature","properties":{"name":"Brentanostraße","klasse":"residential"},"geometry":{"type":"LineString","coordinates":[[8.45268,49.64992],[8.45615,49.65034]]}},{"type":"Feature","properties":{"name":"Hagenstraße","klasse":"residential"},"geometry":{"type":"LineString","coordinates":[[8.55997,49.65568],[8.55933,49.65538],[8.55737,49.65489]]}},{"type":"Feature","properties":{"name":"Kettelerstraße","klasse":"residential"},"geometry":{"type":"LineString","coordinates":[[8.56173,49.65761],[8.56072,49.65629],[8.55997,49.65568]]}},{"type":"Feature","properties":{"name":"Goethestraße","klasse":"residential"},"geometry":{"type":"LineString","coordinates":[[8.56262,49.65505],[8.56258,49.65351]]}},{"type":"Feature","properties":{"name":"Bahnhofstraße","klasse":"residential"},"geometry":{"type":"LineString","coordinates":[[8.56766,49.65533],[8.56739,49.65513]]}},{"type":"Feature","properties":{"name":"Stiftstraße","klasse":"residential"},"geometry":{"type":"LineString","coordinates":[[8.56344,49.65353],[8.56446,49.65305],[8.56473,49.65278]]}},{"type":"Feature","properties":{"name":"Waldstraße","klasse":"residential"},"geometry":{"type":"LineString","coordinates":[[8.56473,49.65278],[8.56432,49.65251],[8.56374,49.6518],[8.56298,49.65074],[8.56265,49.65006],[8.56155,49.64919]]}},{"type":"Feature","properties":{"name":"Boelckestraße","klasse":"residential"},"geometry":{"type":"LineString","coordinates":[[8.56221,49.64882],[8.56152,49.6492],[8.56049,49.64922]]}},{"type":"Feature","properties":{"name":"Ludwigstraße","klasse":"residential"},"geometry":{"type":"LineString","coordinates":[[8.55868,49.65147],[8.56039,49.65151],[8.56322,49.65141],[8.5634,49.65135]]}},{"type":"Feature","properties":{"name":"Nibelungenstraße","klasse":"pedestrian"},"geometry":{"type":"LineString","coordinates":[[8.5674,49.65393],[8.56857,49.65399],[8.56879,49.65408]]}},{"type":"Feature","properties":{"name":"Nibelungenstraße","klasse":"residential"},"geometry":{"type":"LineString","coordinates":[[8.5718,49.65481],[8.57276,49.65507]]}},{"type":"Feature","properties":{"ref":"B 460","klasse":"primary"},"geometry":{"type":"LineString","coordinates":[[8.57024,49.66449],[8.57078,49.66425]]}},{"type":"Feature","properties":{"ref":"B 460","klasse":"primary"},"geometry":{"type":"LineString","coordinates":[[8.57491,49.66212],[8.57556,49.66171]]}},{"type":"Feature","properties":{"name":"Karlstraße","klasse":"residential"},"geometry":{"type":"LineString","coordinates":[[8.5682,49.65945],[8.57023,49.65996]]}},{"type":"Feature","properties":{"name":"Kunigundestraße","klasse":"residential"},"geometry":{"type":"LineString","coordinates":[[8.5563,49.65109],[8.55571,49.65104],[8.55485,49.65217],[8.55572,49.6523]]}},{"type":"Feature","properties":{"name":"Udalrichstraße","klasse":"residential"},"geometry":{"type":"LineString","coordinates":[[8.55761,49.65143],[8.55786,49.64945],[8.55822,49.64849]]}},{"type":"Feature","properties":{"name":"Brunostraße","klasse":"residential"},"geometry":{"type":"LineString","coordinates":[[8.55654,49.65064],[8.5577,49.65079]]}},{"type":"Feature","properties":{"name":"Chrodegangstraße","klasse":"residential"},"geometry":{"type":"LineString","coordinates":[[8.55621,49.65124],[8.55867,49.65157]]}},{"type":"Feature","properties":{"name":"Williswindastraße","klasse":"residential"},"geometry":{"type":"LineString","coordinates":[[8.55646,49.6526],[8.55703,49.65135]]}},{"type":"Feature","properties":{"name":"Sigehardstraße","klasse":"residential"},"geometry":{"type":"LineString","coordinates":[[8.55686,49.64804],[8.55702,49.64827],[8.55703,49.64913],[8.55654,49.65064]]}},{"type":"Feature","properties":{"name":"Schanzenstraße","klasse":"residential"},"geometry":{"type":"LineString","coordinates":[[8.56191,49.64862],[8.56204,49.64857],[8.56262,49.64868],[8.56328,49.64888],[8.56383,49.64919],[8.56495,49.65012],[8.56536,49.65088]]}},{"type":"Feature","properties":{"name":"Johannisstraße","klasse":"residential"},"geometry":{"type":"LineString","coordinates":[[8.5677,49.65072],[8.56536,49.65088]]}},{"type":"Feature","properties":{"name":"Heppenheimer Straße","klasse":"residential"},"geometry":{"type":"LineString","coordinates":[[8.56766,49.65115],[8.56792,49.65113]]}},{"type":"Feature","properties":{"name":"Heppenheimer Straße","klasse":"residential"},"geometry":{"type":"LineString","coordinates":[[8.57639,49.65189],[8.57851,49.65201]]}},{"type":"Feature","properties":{"name":"An der Glockenwiese","klasse":"living_street"},"geometry":{"type":"LineString","coordinates":[[8.5761,49.65405],[8.57595,49.65388],[8.57598,49.65372]]}},{"type":"Feature","properties":{"name":"Elster Weg","klasse":"living_street"},"geometry":{"type":"LineString","coordinates":[[8.57529,49.65276],[8.57546,49.65243]]}},{"type":"Feature","properties":{"name":"Am Werrtor","klasse":"residential"},"geometry":{"type":"LineString","coordinates":[[8.45742,49.68305],[8.45845,49.68288],[8.4612,49.68334]]}},{"type":"Feature","properties":{"name":"Mainstraße","klasse":"tertiary"},"geometry":{"type":"LineString","coordinates":[[8.45207,49.65305],[8.45206,49.65321],[8.4518,49.65321],[8.45179,49.65305],[8.45207,49.65305]]}},{"type":"Feature","properties":{"name":"Schulstraße","klasse":"living_street"},"geometry":{"type":"LineString","coordinates":[[8.56576,49.65342],[8.56706,49.65359]]}},{"type":"Feature","properties":{"name":"Schulstraße","klasse":"living_street"},"geometry":{"type":"LineString","coordinates":[[8.56569,49.65344],[8.56576,49.65342]]}},{"type":"Feature","properties":{"name":"Stiftstraße","klasse":"residential"},"geometry":{"type":"LineString","coordinates":[[8.56473,49.65278],[8.56487,49.65251],[8.56595,49.65196]]}},{"type":"Feature","properties":{"name":"Bei der Pfaffenwiese","klasse":"residential"},"geometry":{"type":"LineString","coordinates":[[8.44857,49.67754],[8.44712,49.67992]]}},{"type":"Feature","properties":{"name":"Kirchstraße","klasse":"residential"},"geometry":{"type":"LineString","coordinates":[[8.44898,49.68381],[8.44436,49.68211]]}},{"type":"Feature","properties":{"name":"Brücklache","klasse":"residential"},"geometry":{"type":"LineString","coordinates":[[8.44872,49.68186],[8.4471,49.68129]]}},{"type":"Feature","properties":{"name":"Bürstädter Straße","klasse":"residential"},"geometry":{"type":"LineString","coordinates":[[8.45083,49.68283],[8.45087,49.6841]]}},{"type":"Feature","properties":{"name":"Darmstädter Straße","klasse":"tertiary"},"geometry":{"type":"LineString","coordinates":[[8.46505,49.69529],[8.46507,49.69496]]}},{"type":"Feature","properties":{"name":"Kirchgäßchen","klasse":"residential"},"geometry":{"type":"LineString","coordinates":[[8.45188,49.68284],[8.45108,49.68415]]}},{"type":"Feature","properties":{"name":"Fischerstraße","klasse":"residential"},"geometry":{"type":"LineString","coordinates":[[8.4511,49.68254],[8.45282,49.68329],[8.45324,49.68361]]}},{"type":"Feature","properties":{"name":"Hochschildstraße","klasse":"residential"},"geometry":{"type":"LineString","coordinates":[[8.45224,49.68469],[8.45245,49.68464],[8.45273,49.68441],[8.45324,49.68361]]}},{"type":"Feature","properties":{"name":"Hochschildstraße","klasse":"residential"},"geometry":{"type":"LineString","coordinates":[[8.45302,49.68403],[8.45367,49.68423]]}},{"type":"Feature","properties":{"name":"Fischerstraße","klasse":"residential"},"geometry":{"type":"LineString","coordinates":[[8.45324,49.68361],[8.45397,49.68387]]}},{"type":"Feature","properties":{"name":"Enggasse","klasse":"residential"},"geometry":{"type":"LineString","coordinates":[[8.45245,49.68464],[8.45294,49.68486]]}},{"type":"Feature","properties":{"name":"Enggasse","klasse":"residential"},"geometry":{"type":"LineString","coordinates":[[8.4536,49.68512],[8.45304,49.6849]]}},{"type":"Feature","properties":{"name":"Hintergasse","klasse":"residential"},"geometry":{"type":"LineString","coordinates":[[8.45314,49.6859],[8.45431,49.68587]]}},{"type":"Feature","properties":{"name":"Hintergasse","klasse":"residential"},"geometry":{"type":"LineString","coordinates":[[8.45431,49.68587],[8.45481,49.68604]]}},{"type":"Feature","properties":{"name":"Hintergasse","klasse":"residential"},"geometry":{"type":"LineString","coordinates":[[8.45431,49.68587],[8.45546,49.68507]]}},{"type":"Feature","properties":{"name":"Pfadgasse","klasse":"residential"},"geometry":{"type":"LineString","coordinates":[[8.45465,49.68425],[8.45516,49.68463],[8.45546,49.68507],[8.45645,49.68555],[8.45754,49.68628],[8.45844,49.68722],[8.45991,49.68814],[8.4611,49.68861],[8.46217,49.69018],[8.46245,49.69077]]}},{"type":"Feature","properties":{"name":"Bachgasse","klasse":"residential"},"geometry":{"type":"LineString","coordinates":[[8.45316,49.68558],[8.4536,49.68512],[8.4542,49.6847],[8.4549,49.68395]]}},{"type":"Feature","properties":{"name":"Richard-Wagner-Straße","klasse":"residential"},"geometry":{"type":"LineString","coordinates":[[8.46405,49.69377],[8.46097,49.6963],[8.46027,49.69673]]}},{"type":"Feature","properties":{"name":"Verdistraße","klasse":"residential"},"geometry":{"type":"LineString","coordinates":[[8.46027,49.69673],[8.4591,49.69558],[8.45974,49.69515]]}},{"type":"Feature","properties":{"name":"Schumannstraße","klasse":"residential"},"geometry":{"type":"LineString","coordinates":[[8.45971,49.69618],[8.46054,49.69567]]}},{"type":"Feature","properties":{"name":"Lessingstraße","klasse":"residential"},"geometry":{"type":"LineString","coordinates":[[8.46264,49.69279],[8.4593,49.69479]]}},{"type":"Feature","properties":{"name":"Neue Friedhofstraße","klasse":"residential"},"geometry":{"type":"LineString","coordinates":[[8.45542,49.69239],[8.45617,49.69131],[8.45657,49.69091],[8.45832,49.68977]]}},{"type":"Feature","properties":{"name":"Lindenstraße","klasse":"residential"},"geometry":{"type":"LineString","coordinates":[[8.45657,49.69091],[8.45568,49.6905],[8.4548,49.6902],[8.45194,49.68936]]}},{"type":"Feature","properties":{"name":"Bahnhofstraße","klasse":"residential"},"geometry":{"type":"LineString","coordinates":[[8.45357,49.68666],[8.45295,49.68701],[8.45203,49.68784]]}},{"type":"Feature","properties":{"name":"Mathildenstraße","klasse":"residential"},"geometry":{"type":"LineString","coordinates":[[8.56298,49.65074],[8.56412,49.65027]]}},{"type":"Feature","properties":{"name":"Peterstraße","klasse":"residential"},"geometry":{"type":"LineString","coordinates":[[8.56548,49.65225],[8.56353,49.65052]]}},{"type":"Feature","properties":{"name":"Wilhelmstraße","klasse":"residential"},"geometry":{"type":"LineString","coordinates":[[8.56495,49.65012],[8.56783,49.64985]]}},{"type":"Feature","properties":{"name":"Am Schanzenbuckel","klasse":"residential"},"geometry":{"type":"LineString","coordinates":[[8.56793,49.6493],[8.56567,49.6491],[8.56507,49.64898]]}},{"type":"Feature","properties":{"name":"Im Neuen Garten","klasse":"residential"},"geometry":{"type":"LineString","coordinates":[[8.56628,49.64917],[8.56697,49.64748]]}},{"type":"Feature","properties":{"name":"Beethovenstraße","klasse":"residential"},"geometry":{"type":"LineString","coordinates":[[8.56441,49.64962],[8.56507,49.64898],[8.56579,49.64728]]}},{"type":"Feature","properties":{"name":"Beethovenstraße","klasse":"residential"},"geometry":{"type":"LineString","coordinates":[[8.5649,49.64917],[8.56446,49.64897]]}},{"type":"Feature","properties":{"name":"Mozartstraße","klasse":"residential"},"geometry":{"type":"LineString","coordinates":[[8.56321,49.64886],[8.56348,49.64851],[8.56424,49.64701]]}},{"type":"Feature","properties":{"name":"Richard-Wagner-Straße","klasse":"residential"},"geometry":{"type":"LineString","coordinates":[[8.56221,49.6486],[8.56306,49.64682]]}},{"type":"Feature","properties":{"name":"Gutenbergstraße","klasse":"residential"},"geometry":{"type":"LineString","coordinates":[[8.56174,49.64669],[8.56067,49.64823]]}},{"type":"Feature","properties":{"name":"Fichtestraße","klasse":"residential"},"geometry":{"type":"LineString","coordinates":[[8.56027,49.64658],[8.56043,49.646],[8.56035,49.64534],[8.56043,49.64522]]}},{"type":"Feature","properties":{"name":"Kantstraße","klasse":"residential"},"geometry":{"type":"LineString","coordinates":[[8.56192,49.64618],[8.56176,49.64544],[8.56182,49.64526]]}},{"type":"Feature","properties":{"name":"Kantstraße","klasse":"residential"},"geometry":{"type":"LineString","coordinates":[[8.56174,49.64669],[8.56192,49.64618]]}},{"type":"Feature","properties":{"name":"Arndtstraße","klasse":"residential"},"geometry":{"type":"LineString","coordinates":[[8.56442,49.64646],[8.56312,49.64626],[8.56192,49.64618]]}},{"type":"Feature","properties":{"name":"Körnerstraße","klasse":"residential"},"geometry":{"type":"LineString","coordinates":[[8.56328,49.64628],[8.5632,49.64529]]}},{"type":"Feature","properties":{"name":"Lessingstraße","klasse":"residential"},"geometry":{"type":"LineString","coordinates":[[8.5645,49.64622],[8.56596,49.64649]]}},{"type":"Feature","properties":{"name":"Lessingstraße","klasse":"residential"},"geometry":{"type":"LineString","coordinates":[[8.5653,49.64636],[8.56516,49.64669]]}},{"type":"Feature","properties":{"name":"Lessingstraße","klasse":"residential"},"geometry":{"type":"LineString","coordinates":[[8.56596,49.64649],[8.56579,49.64728]]}},{"type":"Feature","properties":{"name":"Brüder-Grimm-Straße","klasse":"residential"},"geometry":{"type":"LineString","coordinates":[[8.56721,49.64618],[8.56621,49.64598],[8.56611,49.64546],[8.56618,49.64536]]}},{"type":"Feature","properties":{"name":"Josefstraße","klasse":"residential"},"geometry":{"type":"LineString","coordinates":[[8.568,49.65803],[8.56723,49.65801],[8.56637,49.65788],[8.56592,49.6577],[8.56575,49.65745]]}},{"type":"Feature","properties":{"name":"Am Wingertsberg","klasse":"residential"},"geometry":{"type":"LineString","coordinates":[[8.57076,49.65499],[8.57104,49.65534],[8.57119,49.65653],[8.57095,49.65736],[8.57059,49.65794]]}},{"type":"Feature","properties":{"name":"Wingertsbergstraße","klasse":"residential"},"geometry":{"type":"LineString","coordinates":[[8.56981,49.65616],[8.57013,49.65607],[8.57033,49.65589],[8.57036,49.65567],[8.57015,49.65535]]}},{"type":"Feature","properties":{"name":"Karolingerstraße","klasse":"residential"},"geometry":{"type":"LineString","coordinates":[[8.56849,49.65226],[8.56953,49.6522],[8.57122,49.65248],[8.57226,49.65253]]}},{"type":"Feature","properties":{"name":"Klosterstraße","klasse":"residential"},"geometry":{"type":"LineString","coordinates":[[8.57238,49.65113],[8.57224,49.6516],[8.57227,49.65346]]}},{"type":"Feature","properties":{"name":"Klarastraße","klasse":"residential"},"geometry":{"type":"LineString","coordinates":[[8.56523,49.65854],[8.56553,49.658],[8.5656,49.65747]]}},{"type":"Feature","properties":{"name":"Karlstraße","klasse":"residential"},"geometry":{"type":"LineString","coordinates":[[8.56977,49.65832],[8.56946,49.65977]]}},{"type":"Feature","properties":{"name":"Am Wingertsberg","klasse":"residential"},"geometry":{"type":"LineString","coordinates":[[8.57072,49.65772],[8.56992,49.65767]]}},{"type":"Feature","properties":{"name":"Justus-Liebig-Straße","klasse":"residential"},"geometry":{"type":"LineString","coordinates":[[8.56901,49.65829],[8.56895,49.65688]]}},{"type":"Feature","properties":{"name":"Wingertsbergstraße","klasse":"residential"},"geometry":{"type":"LineString","coordinates":[[8.56882,49.65597],[8.56927,49.65596],[8.56981,49.65616],[8.56986,49.65685],[8.56895,49.65688]]}},{"type":"Feature","properties":{"name":"Paul-Schnitzer-Weg","klasse":"living_street"},"geometry":{"type":"LineString","coordinates":[[8.56932,49.65446],[8.56917,49.65442],[8.56904,49.65462],[8.56867,49.65466],[8.56869,49.65483]]}},{"type":"Feature","properties":{"name":"An der Langwiese","klasse":"residential"},"geometry":{"type":"LineString","coordinates":[[8.57085,49.65836],[8.57045,49.65941]]}},{"type":"Feature","properties":{"name":"Landgrabenstraße","klasse":"residential"},"geometry":{"type":"LineString","coordinates":[[8.56809,49.65825],[8.57042,49.65835]]}},{"type":"Feature","properties":{"name":"Justus-Liebig-Straße","klasse":"residential"},"geometry":{"type":"LineString","coordinates":[[8.56895,49.65688],[8.56882,49.65597]]}},{"type":"Feature","properties":{"name":"Wingertsbergstraße","klasse":"residential"},"geometry":{"type":"LineString","coordinates":[[8.56895,49.65688],[8.56788,49.65702]]}},{"type":"Feature","properties":{"name":"Georg-Beringer-Straße","klasse":"residential"},"geometry":{"type":"LineString","coordinates":[[8.56849,49.65226],[8.5686,49.65103]]}},{"type":"Feature","properties":{"name":"Altmünsterstraße","klasse":"residential"},"geometry":{"type":"LineString","coordinates":[[8.56979,49.65223],[8.56993,49.65094]]}},{"type":"Feature","properties":{"name":"Benediktinerstraße","klasse":"residential"},"geometry":{"type":"LineString","coordinates":[[8.56989,49.65153],[8.57224,49.65175]]}},{"type":"Feature","properties":{"name":"Ziegelhüttenstraße","klasse":"residential"},"geometry":{"type":"LineString","coordinates":[[8.57226,49.65207],[8.57341,49.65219]]}},{"type":"Feature","properties":{"name":"Ziegelhüttenstraße","klasse":"residential"},"geometry":{"type":"LineString","coordinates":[[8.57341,49.65219],[8.57461,49.6524]]}},{"type":"Feature","properties":{"name":"Mittelstraße","klasse":"residential"},"geometry":{"type":"LineString","coordinates":[[8.57227,49.65346],[8.57328,49.65346],[8.57388,49.65366]]}},{"type":"Feature","properties":{"name":"An der Kreuzwiese","klasse":"residential"},"geometry":{"type":"LineString","coordinates":[[8.57362,49.65358],[8.5739,49.65327],[8.57393,49.65289]]}},{"type":"Feature","properties":{"name":"Zwevegemer Straße","klasse":"living_street"},"geometry":{"type":"LineString","coordinates":[[8.5755,49.65214],[8.5761,49.65227],[8.57735,49.65312]]}},{"type":"Feature","properties":{"name":"Gorzer Weg","klasse":"living_street"},"geometry":{"type":"LineString","coordinates":[[8.57598,49.65372],[8.57515,49.65361]]}},{"type":"Feature","properties":{"name":"Neuburger Straße","klasse":"living_street"},"geometry":{"type":"LineString","coordinates":[[8.57614,49.65363],[8.5753,49.65302],[8.57514,49.65298]]}},{"type":"Feature","properties":{"name":"Giebauer Weg","klasse":"living_street"},"geometry":{"type":"LineString","coordinates":[[8.57661,49.65263],[8.57697,49.65239],[8.57707,49.65218]]}},{"type":"Feature","properties":{"name":"An der Glockenwiese","klasse":"living_street"},"geometry":{"type":"LineString","coordinates":[[8.57778,49.65272],[8.57748,49.65253]]}},{"type":"Feature","properties":{"name":"In der Tuchbleiche","klasse":"living_street"},"geometry":{"type":"LineString","coordinates":[[8.57464,49.6492],[8.57431,49.64984]]}},{"type":"Feature","properties":{"name":"Biengartenstraße","klasse":"residential"},"geometry":{"type":"LineString","coordinates":[[8.5709,49.65088],[8.57206,49.64931],[8.57207,49.64908],[8.57245,49.64844],[8.57406,49.64636],[8.57415,49.64595],[8.57396,49.64498],[8.57354,49.64484],[8.57268,49.64483]]}},{"type":"Feature","properties":{"name":"Von-Hausen-Straße","klasse":"residential"},"geometry":{"type":"LineString","coordinates":[[8.5675,49.64461],[8.57076,49.64468],[8.57268,49.64483]]}},{"type":"Feature","properties":{"name":"Altvaterstraße","klasse":"residential"},"geometry":{"type":"LineString","coordinates":[[8.56863,49.64464],[8.56833,49.6458],[8.5689,49.64708]]}},{"type":"Feature","properties":{"name":"Egerländer Straße","klasse":"residential"},"geometry":{"type":"LineString","coordinates":[[8.56772,49.64716],[8.5689,49.64708],[8.57122,49.64718]]}},{"type":"Feature","properties":{"name":"Berliner Straße","klasse":"residential"},"geometry":{"type":"LineString","coordinates":[[8.56987,49.64713],[8.56956,49.6462],[8.56969,49.64465]]}},{"type":"Feature","properties":{"name":"Königsberger Straße","klasse":"residential"},"geometry":{"type":"LineString","coordinates":[[8.56963,49.64529],[8.57211,49.6454]]}},{"type":"Feature","properties":{"name":"Hügelstraße","klasse":"residential"},"geometry":{"type":"LineString","coordinates":[[8.57268,49.64483],[8.57162,49.6459],[8.57112,49.64754],[8.57036,49.64918]]}},{"type":"Feature","properties":{"name":"Hügelstraße","klasse":"residential"},"geometry":{"type":"LineString","coordinates":[[8.57036,49.64918],[8.57005,49.64952],[8.56833,49.65043]]}},{"type":"Feature","properties":{"name":"Mannheimer Straße","klasse":"tertiary"},"geometry":{"type":"LineString","coordinates":[[8.48922,49.73057],[8.49041,49.73287]]}},{"type":"Feature","properties":{"ref":"K 41","klasse":"tertiary"},"geometry":{"type":"LineString","coordinates":[[8.47419,49.71053],[8.4739,49.71025]]}},{"type":"Feature","properties":{"name":"Am Forstbann","klasse":"residential"},"geometry":{"type":"LineString","coordinates":[[8.5749,49.64347],[8.57445,49.64287],[8.57402,49.64201],[8.57355,49.64041],[8.57341,49.64036],[8.57137,49.64031]]}},{"type":"Feature","properties":{"name":"Im Trieb","klasse":"residential"},"geometry":{"type":"LineString","coordinates":[[8.57445,49.64287],[8.57284,49.64307]]}},{"type":"Feature","properties":{"name":"Industriestraße","klasse":"residential"},"geometry":{"type":"LineString","coordinates":[[8.57148,49.63884],[8.5711,49.6447]]}},{"type":"Feature","properties":{"name":"Rudolf-Diesel-Weg","klasse":"residential"},"geometry":{"type":"LineString","coordinates":[[8.57116,49.64368],[8.57176,49.64367],[8.5721,49.64325]]}},{"type":"Feature","properties":{"name":"Marienburger Straße","klasse":"residential"},"geometry":{"type":"LineString","coordinates":[[8.5678,49.64388],[8.56931,49.64394],[8.56961,49.64406],[8.57114,49.64409]]}},{"type":"Feature","properties":{"name":"Hirschstraße","klasse":"residential"},"geometry":{"type":"LineString","coordinates":[[8.5677,49.64414],[8.5678,49.64388]]}},{"type":"Feature","properties":{"name":"Eichendorffstraße","klasse":"residential"},"geometry":{"type":"LineString","coordinates":[[8.5684,49.6459],[8.57162,49.6459]]}},{"type":"Feature","properties":{"name":"Breslauer Straße","klasse":"residential"},"geometry":{"type":"LineString","coordinates":[[8.56967,49.64654],[8.57093,49.64653],[8.57142,49.6466]]}},{"type":"Feature","properties":{"name":"Freiherr-vom-Stein-Straße","klasse":"residential"},"geometry":{"type":"LineString","coordinates":[[8.57112,49.64754],[8.57182,49.64766]]}},{"type":"Feature","properties":{"name":"Heinrich-von-Gagern-Straße","klasse":"residential"},"geometry":{"type":"LineString","coordinates":[[8.57217,49.64481],[8.57224,49.64412],[8.57346,49.64355],[8.57365,49.64354],[8.57416,49.64394]]}},{"type":"Feature","properties":{"name":"Gabelsbergerstraße","klasse":"residential"},"geometry":{"type":"LineString","coordinates":[[8.56805,49.64874],[8.56934,49.64886],[8.57044,49.64909]]}},{"type":"Feature","properties":{"name":"Sandstraße","klasse":"residential"},"geometry":{"type":"LineString","coordinates":[[8.57036,49.64918],[8.57183,49.64963]]}},{"type":"Feature","properties":{"name":"Jahnstraße","klasse":"residential"},"geometry":{"type":"LineString","coordinates":[[8.57234,49.65112],[8.57331,49.64965]]}},{"type":"Feature","properties":{"name":"Zedernstraße","klasse":"residential"},"geometry":{"type":"LineString","coordinates":[[8.5632,49.64155],[8.56117,49.64245],[8.56081,49.64369],[8.56064,49.64388],[8.55774,49.64421]]}},{"type":"Feature","properties":{"name":"Mandelbaumstraße","klasse":"residential"},"geometry":{"type":"LineString","coordinates":[[8.56259,49.6418],[8.56204,49.64414]]}},{"type":"Feature","properties":{"name":"Wacholderweg","klasse":"residential"},"geometry":{"type":"LineString","coordinates":[[8.56218,49.64361],[8.56169,49.64356]]}},{"type":"Feature","properties":{"name":"Zierapfelstraße","klasse":"residential"},"geometry":{"type":"LineString","coordinates":[[8.56099,49.64299],[8.5623,49.64313]]}},{"type":"Feature","properties":{"name":"Ginsterweg","klasse":"residential"},"geometry":{"type":"LineString","coordinates":[[8.56064,49.64388],[8.56127,49.64396]]}},{"type":"Feature","properties":{"name":"Rödchesgasse","klasse":"residential"},"geometry":{"type":"LineString","coordinates":[[8.55325,49.65581],[8.55475,49.65616]]}},{"type":"Feature","properties":{"name":"Guntherstraße","klasse":"residential"},"geometry":{"type":"LineString","coordinates":[[8.55274,49.65266],[8.55278,49.65348],[8.55305,49.65491]]}},{"type":"Feature","properties":{"name":"Kolpingstraße","klasse":"residential"},"geometry":{"type":"LineString","coordinates":[[8.55954,49.65331],[8.5594,49.65376],[8.55757,49.65689]]}},{"type":"Feature","properties":{"name":"Uhlandstraße","klasse":"residential"},"geometry":{"type":"LineString","coordinates":[[8.56179,49.6565],[8.56149,49.65515]]}},{"type":"Feature","properties":{"name":"Friedhofstraße","klasse":"residential"},"geometry":{"type":"LineString","coordinates":[[8.56478,49.66317],[8.56449,49.66333]]}},{"type":"Feature","properties":{"name":"Ludwig-Erhard-Straße","klasse":"residential"},"geometry":{"type":"LineString","coordinates":[[8.55762,49.66051],[8.55926,49.66119],[8.56327,49.66217],[8.5636,49.66231],[8.56388,49.66254]]}},{"type":"Feature","properties":{"name":"Georg-Werner-Straße","klasse":"living_street"},"geometry":{"type":"LineString","coordinates":[[8.55823,49.66074],[8.55773,49.66097],[8.55779,49.66149],[8.5584,49.66145]]}},{"type":"Feature","properties":{"name":"Georg-Werner-Straße","klasse":"living_street"},"geometry":{"type":"LineString","coordinates":[[8.55775,49.66119],[8.5584,49.66116]]}},{"type":"Feature","properties":{"name":"Willy-Brandt-Straße","klasse":"living_street"},"geometry":{"type":"LineString","coordinates":[[8.55823,49.66074],[8.5605,49.6597]]}},{"type":"Feature","properties":{"name":"Erwin-von-Witzleben-Weg","klasse":"living_street"},"geometry":{"type":"LineString","coordinates":[[8.5596,49.65924],[8.56043,49.65971]]}},{"type":"Feature","properties":{"name":"Dietrich-Bonhoeffer-Ring","klasse":"living_street"},"geometry":{"type":"LineString","coordinates":[[8.56142,49.65982],[8.56188,49.65904],[8.56198,49.65901],[8.56332,49.65938],[8.56286,49.66016]]}},{"type":"Feature","properties":{"name":"Graf-von-Stauffenberg-Straße","klasse":"living_street"},"geometry":{"type":"LineString","coordinates":[[8.56214,49.65999],[8.56263,49.65917]]}},{"type":"Feature","properties":{"name":"Maximilian-Kolbe-Straße","klasse":"living_street"},"geometry":{"type":"LineString","coordinates":[[8.56214,49.65999],[8.56167,49.66082]]}},{"type":"Feature","properties":{"name":"Theodor-Heuss-Straße","klasse":"living_street"},"geometry":{"type":"LineString","coordinates":[[8.55989,49.66038],[8.56411,49.66142],[8.56584,49.66253]]}},{"type":"Feature","properties":{"name":"Graf-von-Galen-Straße","klasse":"living_street"},"geometry":{"type":"LineString","coordinates":[[8.56095,49.66064],[8.56142,49.65982]]}},{"type":"Feature","properties":{"name":"Alfred-Delp-Straße","klasse":"living_street"},"geometry":{"type":"LineString","coordinates":[[8.56237,49.66099],[8.56286,49.66016]]}},{"type":"Feature","properties":{"name":"Konrad-Adenauer-Allee","klasse":"residential"},"geometry":{"type":"LineString","coordinates":[[8.56385,49.66032],[8.56465,49.65892]]}},{"type":"Feature","properties":{"name":"Konrad-Adenauer-Allee","klasse":"residential"},"geometry":{"type":"LineString","coordinates":[[8.56473,49.65894],[8.56392,49.66034]]}},{"type":"Feature","properties":{"name":"Kurt-Schumacher-Straße","klasse":"residential"},"geometry":{"type":"LineString","coordinates":[[8.56394,49.66043],[8.5675,49.66131]]}},{"type":"Feature","properties":{"name":"Elisabeth-Selbert-Straße","klasse":"living_street"},"geometry":{"type":"LineString","coordinates":[[8.56528,49.66076],[8.56469,49.66178]]}},{"type":"Feature","properties":{"name":"Helene-Weber-Straße","klasse":"living_street"},"geometry":{"type":"LineString","coordinates":[[8.56575,49.66087],[8.56508,49.66203]]}},{"type":"Feature","properties":{"name":"Heinrich-von-Brentano-Straße","klasse":"living_street"},"geometry":{"type":"LineString","coordinates":[[8.56624,49.66099],[8.56547,49.66229]]}},{"type":"Feature","properties":{"name":"Heinrich-von-Brentano-Straße","klasse":"living_street"},"geometry":{"type":"LineString","coordinates":[[8.56592,49.66153],[8.56664,49.66169]]}},{"type":"Feature","properties":{"name":"Geschwister-Scholl-Straße","klasse":"living_street"},"geometry":{"type":"LineString","coordinates":[[8.56481,49.66064],[8.56543,49.6596],[8.56687,49.6599]]}},{"type":"Feature","properties":{"name":"Martin-Niemöller-Straße","klasse":"living_street"},"geometry":{"type":"LineString","coordinates":[[8.56552,49.66082],[8.56614,49.65975]]}},{"type":"Feature","properties":{"name":"Anne-Frank-Straße","klasse":"living_street"},"geometry":{"type":"LineString","coordinates":[[8.56624,49.66099],[8.56687,49.6599]]}},{"type":"Feature","properties":{"name":"Anne-Frank-Straße","klasse":"living_street"},"geometry":{"type":"LineString","coordinates":[[8.56656,49.66042],[8.56687,49.6605]]}},{"type":"Feature","properties":{"name":"Lagerhausstraße","klasse":"residential"},"geometry":{"type":"LineString","coordinates":[[8.56878,49.65991],[8.56877,49.66009],[8.56997,49.6614],[8.57044,49.66242]]}},{"type":"Feature","properties":{"name":"Marktplatz","klasse":"residential"},"geometry":{"type":"LineString","coordinates":[[8.56773,49.65354],[8.56776,49.65372],[8.56766,49.65385]]}},{"type":"Feature","properties":{"name":"Kiefernstraße","klasse":"residential"},"geometry":{"type":"LineString","coordinates":[[8.56536,49.64335],[8.5662,49.64348]]}},{"type":"Feature","properties":{"name":"Kiefernstraße","klasse":"residential"},"geometry":{"type":"LineString","coordinates":[[8.56579,49.64184],[8.56551,49.64287]]}},{"type":"Feature","properties":{"name":"Aralienweg","klasse":"residential"},"geometry":{"type":"LineString","coordinates":[[8.56653,49.64248],[8.56642,49.64301]]}},{"type":"Feature","properties":{"name":"Süßkindgasse","klasse":"residential"},"geometry":{"type":"LineString","coordinates":[[8.5676,49.65509],[8.56739,49.65513]]}},{"type":"Feature","properties":{"name":"Schulstraße","klasse":"residential"},"geometry":{"type":"LineString","coordinates":[[8.56588,49.65377],[8.56545,49.65317],[8.56473,49.65278]]}},{"type":"Feature","properties":{"name":"Hugo-Sellheim-Straße","klasse":"residential"},"geometry":{"type":"LineString","coordinates":[[8.45837,49.68981],[8.45928,49.68921],[8.46136,49.69065],[8.46245,49.69077]]}},{"type":"Feature","properties":{"name":"Beim Kreuz","klasse":"unclassified"},"geometry":{"type":"LineString","coordinates":[[8.45279,49.69397],[8.45498,49.69313],[8.45512,49.69284]]}},{"type":"Feature","properties":{"name":"Am Hohen Weg","klasse":"unclassified"},"geometry":{"type":"LineString","coordinates":[[8.44814,49.69079],[8.44911,49.68847]]}},{"type":"Feature","properties":{"name":"Schillerstraße","klasse":"residential"},"geometry":{"type":"LineString","coordinates":[[8.46045,49.6941],[8.4595,49.69343]]}},{"type":"Feature","properties":{"name":"Pfälzer Straße","klasse":"residential"},"geometry":{"type":"LineString","coordinates":[[8.47985,49.74733],[8.48017,49.74741]]}},{"type":"Feature","properties":{"name":"Goethestraße","klasse":"residential"},"geometry":{"type":"LineString","coordinates":[[8.45574,49.69189],[8.46001,49.69313]]}},{"type":"Feature","properties":{"name":"Mozartstraße","klasse":"residential"},"geometry":{"type":"LineString","coordinates":[[8.46197,49.69318],[8.46346,49.69422]]}},{"type":"Feature","properties":{"name":"Beethovenstraße","klasse":"residential"},"geometry":{"type":"LineString","coordinates":[[8.46132,49.69358],[8.46289,49.69468]]}},{"type":"Feature","properties":{"ref":"K 45","klasse":"tertiary"},"geometry":{"type":"LineString","coordinates":[[8.45598,49.75029],[8.45605,49.74798],[8.456,49.74758],[8.45566,49.7469],[8.45052,49.7413],[8.44925,49.74029],[8.44689,49.73867],[8.44477,49.73746],[8.4423,49.73551],[8.44125,49.7348]]}},{"type":"Feature","properties":{"name":"Gewerbestraße","klasse":"unclassified"},"geometry":{"type":"LineString","coordinates":[[8.44814,49.69079],[8.44995,49.69205]]}},{"type":"Feature","properties":{"name":"Lindenstraße","klasse":"residential"},"geometry":{"type":"LineString","coordinates":[[8.45657,49.69091],[8.45967,49.69214],[8.46028,49.69253]]}},{"type":"Feature","properties":{"ref":"K 203","klasse":"tertiary"},"geometry":{"type":"LineString","coordinates":[[8.48932,49.73746],[8.4886,49.73967]]}},{"type":"Feature","properties":{"name":"Bei der Gurkenfabrik","klasse":"unclassified"},"geometry":{"type":"LineString","coordinates":[[8.44995,49.69205],[8.45043,49.69112],[8.45134,49.68999]]}},{"type":"Feature","properties":{"name":"Lenaustraße","klasse":"residential"},"geometry":{"type":"LineString","coordinates":[[8.45873,49.69453],[8.45935,49.69353],[8.46169,49.69213]]}},{"type":"Feature","properties":{"name":"Groß-Rohrheimer-Straße","klasse":"residential"},"geometry":{"type":"LineString","coordinates":[[8.46122,49.69241],[8.45974,49.69136]]}},{"type":"Feature","properties":{"name":"Groß-Rohrheimer-Straße","klasse":"residential"},"geometry":{"type":"LineString","coordinates":[[8.45881,49.69069],[8.4592,49.69097]]}},{"type":"Feature","properties":{"name":"Freiherr-vom-Stein-Straße","klasse":"residential"},"geometry":{"type":"LineString","coordinates":[[8.45711,49.69227],[8.45782,49.69138],[8.45924,49.69041]]}},{"type":"Feature","properties":{"name":"Erlenstraße","klasse":"residential"},"geometry":{"type":"LineString","coordinates":[[8.45793,49.68951],[8.45991,49.68814]]}},{"type":"Feature","properties":{"name":"Von-Weber-Straße","klasse":"residential"},"geometry":{"type":"LineString","coordinates":[[8.48159,49.71394],[8.48205,49.71445]]}},{"type":"Feature","properties":{"name":"Brahmsweg","klasse":"residential"},"geometry":{"type":"LineString","coordinates":[[8.48247,49.71376],[8.48272,49.71408]]}},{"type":"Feature","properties":{"name":"Alte Römerstraße","klasse":"unclassified"},"geometry":{"type":"LineString","coordinates":[[8.49724,49.71536],[8.49715,49.71568]]}},{"type":"Feature","properties":{"name":"Berliner Ring","klasse":"tertiary"},"geometry":{"type":"LineString","coordinates":[[8.60869,49.6682],[8.61016,49.6666],[8.6109,49.66621],[8.61171,49.66602],[8.61317,49.66588],[8.61463,49.66593],[8.61542,49.66605],[8.61638,49.6663],[8.61612,49.66698]]}},{"type":"Feature","properties":{"name":"Robert-Bosch-Straße","klasse":"unclassified"},"geometry":{"type":"LineString","coordinates":[[8.59381,49.67655],[8.59468,49.67541]]}},{"type":"Feature","properties":{"name":"Hagenstraße","klasse":"residential"},"geometry":{"type":"LineString","coordinates":[[8.61256,49.68016],[8.60918,49.67965],[8.60295,49.67834]]}},{"type":"Feature","properties":{"name":"Werner-von-Siemens-Straße","klasse":"unclassified"},"geometry":{"type":"LineString","coordinates":[[8.60792,49.66922],[8.60971,49.66967]]}},{"type":"Feature","properties":{"name":"Taunusstraße","klasse":"residential"},"geometry":{"type":"LineString","coordinates":[[8.60539,49.68519],[8.60667,49.68484],[8.60702,49.6844]]}},{"type":"Feature","properties":{"name":"Volkerstraße","klasse":"residential"},"geometry":{"type":"LineString","coordinates":[[8.60526,49.67883],[8.60775,49.67499]]}},{"type":"Feature","properties":{"name":"Zum Römerhügel","klasse":"residential"},"geometry":{"type":"LineString","coordinates":[[8.56682,49.69634],[8.56842,49.69708]]}},{"type":"Feature","properties":{"ref":"K 67","name":"Bensheimer Straße","klasse":"tertiary"},"geometry":{"type":"LineString","coordinates":[[8.57167,49.70209],[8.57128,49.70244],[8.57023,49.70311],[8.57006,49.70346],[8.57014,49.70374]]}},{"type":"Feature","properties":{"ref":"K 67","name":"Am Junkergarten","klasse":"tertiary"},"geometry":{"type":"LineString","coordinates":[[8.56669,49.69817],[8.56739,49.69881],[8.56859,49.69947]]}},{"type":"Feature","properties":{"name":"Langwadener Straße","klasse":"residential"},"geometry":{"type":"LineString","coordinates":[[8.57125,49.70469],[8.57015,49.70528],[8.56923,49.70663]]}},{"type":"Feature","properties":{"name":"Im Neugarten","klasse":"residential"},"geometry":{"type":"LineString","coordinates":[[8.55148,49.71841],[8.55099,49.71921]]}},{"type":"Feature","properties":{"name":"Sandwiesenstraße","klasse":"residential"},"geometry":{"type":"LineString","coordinates":[[8.60202,49.74713],[8.60134,49.74492]]}},{"type":"Feature","properties":{"name":"Nibelungenstraße","klasse":"residential"},"geometry":{"type":"LineString","coordinates":[[8.48372,49.74305],[8.4832,49.74466],[8.483,49.74499],[8.48254,49.74538],[8.48164,49.74589],[8.48117,49.74636],[8.48083,49.74771]]}},{"type":"Feature","properties":{"name":"Nato-Straße","klasse":"unclassified"},"geometry":{"type":"LineString","coordinates":[[8.47985,49.74733],[8.4796,49.7473]]}},{"type":"Feature","properties":{"name":"Annastraße","klasse":"residential"},"geometry":{"type":"LineString","coordinates":[[8.44721,49.68596],[8.44864,49.68699],[8.44978,49.68708]]}},{"type":"Feature","properties":{"name":"Rheinstraße","klasse":"residential"},"geometry":{"type":"LineString","coordinates":[[8.6093,49.6712],[8.61371,49.67342]]}},{"type":"Feature","properties":{"name":"Berliner Ring","klasse":"tertiary"},"geometry":{"type":"LineString","coordinates":[[8.60419,49.71896],[8.60455,49.71638],[8.60512,49.71466],[8.60656,49.7116],[8.6087,49.70847],[8.60916,49.70731]]}},{"type":"Feature","properties":{"name":"Am Falltor","klasse":"residential"},"geometry":{"type":"LineString","coordinates":[[8.60608,49.72686],[8.608,49.72857]]}},{"type":"Feature","properties":{"name":"Rieslingstraße","klasse":"residential"},"geometry":{"type":"LineString","coordinates":[[8.60839,49.72755],[8.60821,49.72853]]}},{"type":"Feature","properties":{"name":"Kirchstraße","klasse":"tertiary"},"geometry":{"type":"LineString","coordinates":[[8.45108,49.68415],[8.45087,49.6841]]}},{"type":"Feature","properties":{"name":"Am Weilerweg","klasse":"unclassified"},"geometry":{"type":"LineString","coordinates":[[8.60977,49.74574],[8.61088,49.7455]]}},{"type":"Feature","properties":{"name":"Am Ziegelfalltor","klasse":"residential"},"geometry":{"type":"LineString","coordinates":[[8.60421,49.67534],[8.6046,49.67471],[8.60336,49.67435],[8.60293,49.675]]}},{"type":"Feature","properties":{"name":"Löwenplatz","klasse":"residential"},"geometry":{"type":"LineString","coordinates":[[8.61241,49.72425],[8.61319,49.72415]]}},{"type":"Feature","properties":{"name":"Neugasse","klasse":"living_street"},"geometry":{"type":"LineString","coordinates":[[8.61349,49.7227],[8.61257,49.72264]]}},{"type":"Feature","properties":{"name":"Schwarzwaldstraße","klasse":"residential"},"geometry":{"type":"LineString","coordinates":[[8.6128,49.63924],[8.61243,49.63934],[8.61225,49.63959],[8.61218,49.6428]]}},{"type":"Feature","properties":{"name":"Brückweg","klasse":"tertiary"},"geometry":{"type":"LineString","coordinates":[[8.61207,49.70662],[8.6099,49.70654]]}},{"type":"Feature","properties":{"ref":"K 67","klasse":"tertiary"},"geometry":{"type":"LineString","coordinates":[[8.59326,49.72271],[8.59426,49.72283]]}},{"type":"Feature","properties":{"name":"Hähnleiner Straße","klasse":"residential"},"geometry":{"type":"LineString","coordinates":[[8.60466,49.73847],[8.60638,49.73859]]}},{"type":"Feature","properties":{"name":"Am Eichwald","klasse":"unclassified"},"geometry":{"type":"LineString","coordinates":[[8.60116,49.74349],[8.60267,49.74358],[8.6043,49.74348]]}},{"type":"Feature","properties":{"name":"An der Fohlenweide","klasse":"residential"},"geometry":{"type":"LineString","coordinates":[[8.60455,49.73982],[8.60629,49.73948],[8.60638,49.73859]]}},{"type":"Feature","properties":{"name":"Erlenweg","klasse":"unclassified"},"geometry":{"type":"LineString","coordinates":[[8.60241,49.74099],[8.60174,49.74092]]}},{"type":"Feature","properties":{"name":"Mainstraße","klasse":"residential"},"geometry":{"type":"LineString","coordinates":[[8.59805,49.73811],[8.59832,49.73652],[8.60078,49.73675]]}},{"type":"Feature","properties":{"name":"Friedrich-Ebert-Straße","klasse":"residential"},"geometry":{"type":"LineString","coordinates":[[8.60674,49.73728],[8.60266,49.7373]]}},{"type":"Feature","properties":{"ref":"K 31","klasse":"tertiary"},"geometry":{"type":"LineString","coordinates":[[8.58438,49.6689],[8.58429,49.66912]]}},{"type":"Feature","properties":{"name":"Auf dem Brunnen","klasse":"living_street"},"geometry":{"type":"LineString","coordinates":[[8.57859,49.71777],[8.57791,49.71811]]}},{"type":"Feature","properties":{"name":"Auf dem Brunnen","klasse":"living_street"},"geometry":{"type":"LineString","coordinates":[[8.57628,49.71684],[8.57741,49.71643]]}},{"type":"Feature","properties":{"name":"Wormser Straße","klasse":"residential"},"geometry":{"type":"LineString","coordinates":[[8.60938,49.67542],[8.60775,49.67499]]}},{"type":"Feature","properties":{"name":"Beim Kreuz","klasse":"unclassified"},"geometry":{"type":"LineString","coordinates":[[8.44975,49.69713],[8.45085,49.69478]]}},{"type":"Feature","properties":{"name":"Neugrabenstraße","klasse":"residential"},"geometry":{"type":"LineString","coordinates":[[8.61282,49.68087],[8.61293,49.68233]]}},{"type":"Feature","properties":{"name":"Eifelstraße","klasse":"residential"},"geometry":{"type":"LineString","coordinates":[[8.6159,49.68542],[8.61414,49.68529]]}},{"type":"Feature","properties":{"name":"Joseph-Treffert-Straße","klasse":"residential"},"geometry":{"type":"LineString","coordinates":[[8.6085,49.68749],[8.60819,49.6869],[8.60828,49.68633]]}},{"type":"Feature","properties":{"ref":"L 3261","klasse":"secondary"},"geometry":{"type":"LineString","coordinates":[[8.45957,49.69715],[8.46003,49.6971]]}},{"type":"Feature","properties":{"ref":"L 3261","klasse":"secondary"},"geometry":{"type":"LineString","coordinates":[[8.4624,49.69684],[8.4641,49.69664]]}},{"type":"Feature","properties":{"name":"Rhönstraße","klasse":"residential"},"geometry":{"type":"LineString","coordinates":[[8.61166,49.64284],[8.61203,49.64459]]}},{"type":"Feature","properties":{"name":"Vogelsbergstraße","klasse":"residential"},"geometry":{"type":"LineString","coordinates":[[8.61352,49.64448],[8.61315,49.64272]]}},{"type":"Feature","properties":{"name":"Taunusstraße","klasse":"residential"},"geometry":{"type":"LineString","coordinates":[[8.61208,49.64466],[8.61237,49.64469],[8.61352,49.64448]]}},{"type":"Feature","properties":{"ref":"A 5","klasse":"motorway"},"geometry":{"type":"LineString","coordinates":[[8.59762,49.71014],[8.59969,49.70488],[8.6014,49.70093]]}},{"type":"Feature","properties":{"name":"Am Bildstock","klasse":"residential"},"geometry":{"type":"LineString","coordinates":[[8.60708,49.67323],[8.60591,49.67293]]}},{"type":"Feature","properties":{"ref":"A 5","klasse":"motorway"},"geometry":{"type":"LineString","coordinates":[[8.60004,49.67279],[8.60011,49.67251]]}},{"type":"Feature","properties":{"ref":"L 3261","klasse":"secondary"},"geometry":{"type":"LineString","coordinates":[[8.54845,49.71594],[8.54851,49.7155]]}},{"type":"Feature","properties":{"ref":"L 3345","klasse":"secondary"},"geometry":{"type":"LineString","coordinates":[[8.55142,49.69712],[8.55189,49.6971],[8.55513,49.69745]]}},{"type":"Feature","properties":{"name":"In den Elf Morgen","klasse":"residential"},"geometry":{"type":"LineString","coordinates":[[8.48238,49.71316],[8.48273,49.71353]]}},{"type":"Feature","properties":{"name":"An der Kaplanei","klasse":"unclassified"},"geometry":{"type":"LineString","coordinates":[[8.49715,49.71568],[8.50025,49.71619]]}},{"type":"Feature","properties":{"ref":"L 3261","name":"Jägersburger Straße","klasse":"secondary"},"geometry":{"type":"LineString","coordinates":[[8.54845,49.71594],[8.54831,49.71682]]}},{"type":"Feature","properties":{"name":"Hauptstraße","klasse":"residential"},"geometry":{"type":"LineString","coordinates":[[8.57641,49.72234],[8.57617,49.72044],[8.57626,49.72027],[8.57708,49.7201],[8.57732,49.71949]]}},{"type":"Feature","properties":{"ref":"L 3345","name":"Rohrheimer Straße","klasse":"secondary"},"geometry":{"type":"LineString","coordinates":[[8.56344,49.69925],[8.56425,49.69952]]}},{"type":"Feature","properties":{"name":"Gänsau","klasse":"residential"},"geometry":{"type":"LineString","coordinates":[[8.4514,49.68221],[8.45182,49.68237]]}},{"type":"Feature","properties":{"name":"Gänsau","klasse":"residential"},"geometry":{"type":"LineString","coordinates":[[8.45175,49.68205],[8.45207,49.6821]]}},{"type":"Feature","properties":{"name":"Viktoriastraße","klasse":"residential"},"geometry":{"type":"LineString","coordinates":[[8.44682,49.68385],[8.4497,49.68489],[8.4516,49.68528]]}},{"type":"Feature","properties":{"name":"Korngasse","klasse":"residential"},"geometry":{"type":"LineString","coordinates":[[8.4514,49.68551],[8.45209,49.68605]]}},{"type":"Feature","properties":{"name":"Korngasse","klasse":"residential"},"geometry":{"type":"LineString","coordinates":[[8.45209,49.68605],[8.4527,49.68631],[8.45292,49.68629]]}},{"type":"Feature","properties":{"name":"Friedhofstraße","klasse":"residential"},"geometry":{"type":"LineString","coordinates":[[8.45075,49.6873],[8.45151,49.68657]]}},{"type":"Feature","properties":{"name":"Briebelstraße","klasse":"residential"},"geometry":{"type":"LineString","coordinates":[[8.45034,49.68659],[8.45115,49.68692]]}},{"type":"Feature","properties":{"name":"Karlstraße","klasse":"residential"},"geometry":{"type":"LineString","coordinates":[[8.45071,49.68622],[8.45151,49.68657]]}},{"type":"Feature","properties":{"name":"Briebelstraße","klasse":"residential"},"geometry":{"type":"LineString","coordinates":[[8.45115,49.68692],[8.4519,49.68724]]}},{"type":"Feature","properties":{"name":"Karlstraße","klasse":"residential"},"geometry":{"type":"LineString","coordinates":[[8.45151,49.68657],[8.45215,49.68692]]}},{"type":"Feature","properties":{"name":"Alte Schulstraße","klasse":"residential"},"geometry":{"type":"LineString","coordinates":[[8.4497,49.68489],[8.44877,49.68701]]}},{"type":"Feature","properties":{"name":"Mittelstraße","klasse":"residential"},"geometry":{"type":"LineString","coordinates":[[8.45446,49.68711],[8.4556,49.68639]]}},{"type":"Feature","properties":{"name":"Poststraße","klasse":"residential"},"geometry":{"type":"LineString","coordinates":[[8.45654,49.68854],[8.45844,49.68722]]}},{"type":"Feature","properties":{"name":"Ludwigstraße","klasse":"residential"},"geometry":{"type":"LineString","coordinates":[[8.45765,49.68776],[8.4556,49.68639]]}},{"type":"Feature","properties":{"name":"Mittelstraße","klasse":"residential"},"geometry":{"type":"LineString","coordinates":[[8.4556,49.68639],[8.4567,49.68571]]}},{"type":"Feature","properties":{"name":"Bruchrainstraße","klasse":"residential"},"geometry":{"type":"LineString","coordinates":[[8.45722,49.689],[8.45918,49.6877]]}},{"type":"Feature","properties":{"name":"Kettelerstraße","klasse":"residential"},"geometry":{"type":"LineString","coordinates":[[8.46035,49.68994],[8.46153,49.68922]]}},{"type":"Feature","properties":{"name":"Pacellistraße","klasse":"residential"},"geometry":{"type":"LineString","coordinates":[[8.46193,49.68982],[8.46005,49.69098]]}},{"type":"Feature","properties":{"name":"Friedensstraße","klasse":"residential"},"geometry":{"type":"LineString","coordinates":[[8.46084,49.69153],[8.46179,49.69093],[8.46241,49.69136]]}},{"type":"Feature","properties":{"name":"Friedensstraße","klasse":"residential"},"geometry":{"type":"LineString","coordinates":[[8.46197,49.69081],[8.46179,49.69093]]}},{"type":"Feature","properties":{"name":"Kolpingstraße","klasse":"residential"},"geometry":{"type":"LineString","coordinates":[[8.46143,49.69194],[8.46188,49.69168]]}},{"type":"Feature","properties":{"name":"Kolpingstraße","klasse":"residential"},"geometry":{"type":"LineString","coordinates":[[8.46188,49.69168],[8.46269,49.69117],[8.46292,49.69137],[8.46306,49.69199],[8.46267,49.69225],[8.46188,49.69168]]}},{"type":"Feature","properties":{"name":"Eichendorffstraße","klasse":"residential"},"geometry":{"type":"LineString","coordinates":[[8.45923,49.69365],[8.45842,49.69344],[8.45883,49.69276]]}},{"type":"Feature","properties":{"name":"Uhlandstraße","klasse":"residential"},"geometry":{"type":"LineString","coordinates":[[8.45913,49.69193],[8.45847,49.69266]]}},{"type":"Feature","properties":{"name":"Sebastianusstraße","klasse":"residential"},"geometry":{"type":"LineString","coordinates":[[8.45563,49.69209],[8.4541,49.69077],[8.4525,49.68955]]}},{"type":"Feature","properties":{"name":"Riedstraße","klasse":"residential"},"geometry":{"type":"LineString","coordinates":[[8.4541,49.69077],[8.45449,49.69057],[8.45587,49.68877],[8.45635,49.6884]]}},{"type":"Feature","properties":{"name":"Klostergewannstraße","klasse":"residential"},"geometry":{"type":"LineString","coordinates":[[8.45742,49.68915],[8.45618,49.68997],[8.45568,49.6905]]}},{"type":"Feature","properties":{"name":"Dürerstraße","klasse":"residential"},"geometry":{"type":"LineString","coordinates":[[8.45409,49.69],[8.45366,49.69044]]}},{"type":"Feature","properties":{"name":"Rosengasse","klasse":"residential"},"geometry":{"type":"LineString","coordinates":[[8.45564,49.68791],[8.45504,49.68836]]}},{"type":"Feature","properties":{"name":"Rosengasse","klasse":"residential"},"geometry":{"type":"LineString","coordinates":[[8.45504,49.68836],[8.45359,49.68985]]}},{"type":"Feature","properties":{"name":"Moosgasse","klasse":"residential"},"geometry":{"type":"LineString","coordinates":[[8.45282,49.68964],[8.4538,49.68858]]}},{"type":"Feature","properties":{"name":"Hochstraße","klasse":"residential"},"geometry":{"type":"LineString","coordinates":[[8.4542,49.68695],[8.45275,49.68813]]}},{"type":"Feature","properties":{"name":"Hagenstraße","klasse":"residential"},"geometry":{"type":"LineString","coordinates":[[8.45349,49.68749],[8.45448,49.68796],[8.45514,49.68756]]}},{"type":"Feature","properties":{"name":"Rheinauenstraße","klasse":"residential"},"geometry":{"type":"LineString","coordinates":[[8.45298,49.68823],[8.45194,49.68936]]}},{"type":"Feature","properties":{"name":"Schubertstraße","klasse":"residential"},"geometry":{"type":"LineString","coordinates":[[8.46065,49.69398],[8.46234,49.69516]]}},{"type":"Feature","properties":{"name":"Händelstraße","klasse":"residential"},"geometry":{"type":"LineString","coordinates":[[8.46004,49.69436],[8.4618,49.69559]]}},{"type":"Feature","properties":{"name":"Haydnstraße","klasse":"residential"},"geometry":{"type":"LineString","coordinates":[[8.46121,49.69518],[8.46047,49.69563]]}},{"type":"Feature","properties":{"name":"Lisztstraße","klasse":"residential"},"geometry":{"type":"LineString","coordinates":[[8.45987,49.69523],[8.46064,49.69477]]}},{"type":"Feature","properties":{"name":"Dillstraße","klasse":"residential"},"geometry":{"type":"LineString","coordinates":[[8.44841,49.69017],[8.44984,49.69072]]}},{"type":"Feature","properties":{"name":"Lorbeerweg","klasse":"residential"},"geometry":{"type":"LineString","coordinates":[[8.44932,49.69127],[8.4497,49.69085]]}},{"type":"Feature","properties":{"name":"Wacholderweg","klasse":"residential"},"geometry":{"type":"LineString","coordinates":[[8.44876,49.6909],[8.44915,49.69046]]}},{"type":"Feature","properties":{"ref":"L 3112","klasse":"secondary"},"geometry":{"type":"LineString","coordinates":[[8.59139,49.73769],[8.59195,49.73773]]}},{"type":"Feature","properties":{"ref":"L 3112","klasse":"secondary"},"geometry":{"type":"LineString","coordinates":[[8.59195,49.73773],[8.59358,49.73787],[8.59469,49.73814]]}},{"type":"Feature","properties":{"ref":"B 47","klasse":"trunk"},"geometry":{"type":"LineString","coordinates":[[8.55456,49.66069],[8.55693,49.66162]]}},{"type":"Feature","properties":{"ref":"A 67","klasse":"motorway"},"geometry":{"type":"LineString","coordinates":[[8.55534,49.67557],[8.555,49.67707]]}},{"type":"Feature","properties":{"ref":"L 3112","klasse":"secondary"},"geometry":{"type":"LineString","coordinates":[[8.54321,49.744],[8.54352,49.74387]]}},{"type":"Feature","properties":{"ref":"L 3112","klasse":"secondary"},"geometry":{"type":"LineString","coordinates":[[8.54352,49.74387],[8.54486,49.74328]]}},{"type":"Feature","properties":{"name":"Einsiedlerstraße","klasse":"residential"},"geometry":{"type":"LineString","coordinates":[[8.49068,49.74548],[8.48964,49.74718],[8.48929,49.74753]]}},{"type":"Feature","properties":{"name":"Stadthausstraße","klasse":"residential"},"geometry":{"type":"LineString","coordinates":[[8.48505,49.75036],[8.48495,49.75052]]}},{"type":"Feature","properties":{"name":"Glasergasse","klasse":"living_street"},"geometry":{"type":"LineString","coordinates":[[8.48561,49.75111],[8.48479,49.751]]}},{"type":"Feature","properties":{"name":"Hasengasse","klasse":"living_street"},"geometry":{"type":"LineString","coordinates":[[8.48488,49.75067],[8.48572,49.75083]]}},{"type":"Feature","properties":{"name":"Kirchstraße","klasse":"living_street"},"geometry":{"type":"LineString","coordinates":[[8.48479,49.751],[8.48427,49.75092],[8.48452,49.75041]]}},{"type":"Feature","properties":{"name":"Seilergasse","klasse":"residential"},"geometry":{"type":"LineString","coordinates":[[8.48495,49.75052],[8.48452,49.75041]]}},{"type":"Feature","properties":{"name":"Schulstraße","klasse":"living_street"},"geometry":{"type":"LineString","coordinates":[[8.48431,49.75079],[8.48382,49.75077],[8.48377,49.75102]]}},{"type":"Feature","properties":{"name":"Birkenstraße","klasse":"residential"},"geometry":{"type":"LineString","coordinates":[[8.49353,49.74686],[8.49303,49.74731],[8.49276,49.74783],[8.49286,49.74944],[8.49218,49.75165]]}},{"type":"Feature","properties":{"name":"Ulmenstraße","klasse":"residential"},"geometry":{"type":"LineString","coordinates":[[8.49549,49.75208],[8.49615,49.74986],[8.49625,49.7497],[8.49639,49.74966]]}},{"type":"Feature","properties":{"name":"Lindenstraße","klasse":"residential"},"geometry":{"type":"LineString","coordinates":[[8.49515,49.74787],[8.49462,49.7482],[8.49426,49.74865],[8.49328,49.75178]]}},{"type":"Feature","properties":{"name":"Tannenstraße","klasse":"residential"},"geometry":{"type":"LineString","coordinates":[[8.49431,49.75203],[8.49532,49.74899],[8.49552,49.74876],[8.49584,49.74865]]}},{"type":"Feature","properties":{"name":"Erlenweg","klasse":"residential"},"geometry":{"type":"LineString","coordinates":[[8.49595,49.75047],[8.49678,49.75046]]}},{"type":"Feature","properties":{"name":"Odenwaldweg","klasse":"residential"},"geometry":{"type":"LineString","coordinates":[[8.49608,49.75008],[8.49504,49.75002],[8.49242,49.74968]]}},{"type":"Feature","properties":{"name":"Kiefernweg","klasse":"residential"},"geometry":{"type":"LineString","coordinates":[[8.49426,49.74865],[8.49274,49.74845]]}},{"type":"Feature","properties":{"name":"Buchenweg","klasse":"residential"},"geometry":{"type":"LineString","coordinates":[[8.4928,49.74771],[8.49392,49.74793],[8.49462,49.7482]]}},{"type":"Feature","properties":{"name":"König-Ludwig-Straße","klasse":"residential"},"geometry":{"type":"LineString","coordinates":[[8.49132,49.74476],[8.48952,49.74426],[8.48773,49.74405]]}},{"type":"Feature","properties":{"name":"Marienstraße","klasse":"residential"},"geometry":{"type":"LineString","coordinates":[[8.49055,49.75133],[8.49212,49.74574]]}},{"type":"Feature","properties":{"ref":"K 203","klasse":"tertiary"},"geometry":{"type":"LineString","coordinates":[[8.48853,49.74152],[8.48904,49.7417]]}},{"type":"Feature","properties":{"name":"Pestalozziweg","klasse":"living_street"},"geometry":{"type":"LineString","coordinates":[[8.48291,49.74982],[8.48241,49.75088]]}},{"type":"Feature","properties":{"name":"Jahnweg","klasse":"living_street"},"geometry":{"type":"LineString","coordinates":[[8.48373,49.75121],[8.48337,49.75118],[8.48195,49.75077]]}},{"type":"Feature","properties":{"name":"Dammstraße","klasse":"residential"},"geometry":{"type":"LineString","coordinates":[[8.48381,49.75],[8.48397,49.74966],[8.48439,49.74915]]}},{"type":"Feature","properties":{"name":"Mühlstraße","klasse":"residential"},"geometry":{"type":"LineString","coordinates":[[8.48439,49.74915],[8.48685,49.74639],[8.48801,49.74528],[8.48847,49.74459]]}},{"type":"Feature","properties":{"name":"Goethestraße","klasse":"residential"},"geometry":{"type":"LineString","coordinates":[[8.48534,49.74807],[8.48382,49.74754],[8.48283,49.7473]]}},{"type":"Feature","properties":{"name":"Römerstraße","klasse":"residential"},"geometry":{"type":"LineString","coordinates":[[8.48364,49.74635],[8.48707,49.74764],[8.48925,49.74874],[8.49048,49.74916],[8.49118,49.74925]]}},{"type":"Feature","properties":{"name":"Kiesstraße","klasse":"residential"},"geometry":{"type":"LineString","coordinates":[[8.48479,49.74542],[8.4862,49.74613],[8.48878,49.74717],[8.48992,49.74787],[8.49074,49.74821],[8.49141,49.74831]]}},{"type":"Feature","properties":{"name":"Eichendorffstraße","klasse":"residential"},"geometry":{"type":"LineString","coordinates":[[8.49185,49.7468],[8.49003,49.74644],[8.48754,49.74575],[8.4857,49.74492]]}},{"type":"Feature","properties":{"name":"Burgunderstraße","klasse":"residential"},"geometry":{"type":"LineString","coordinates":[[8.48654,49.7438],[8.48671,49.74388]]}},{"type":"Feature","properties":{"name":"Mörikestraße","klasse":"residential"},"geometry":{"type":"LineString","coordinates":[[8.48603,49.74507],[8.48646,49.7447],[8.48705,49.74439]]}},{"type":"Feature","properties":{"name":"Uhlandstraße","klasse":"residential"},"geometry":{"type":"LineString","coordinates":[[8.4867,49.74458],[8.48807,49.7452]]}},{"type":"Feature","properties":{"name":"Karl-Schneidler-Straße","klasse":"residential"},"geometry":{"type":"LineString","coordinates":[[8.49042,49.74451],[8.49003,49.7451]]}},{"type":"Feature","properties":{"name":"Dr.-Heinrich-Winter-Straße","klasse":"residential"},"geometry":{"type":"LineString","coordinates":[[8.48988,49.74436],[8.4895,49.74491]]}},{"type":"Feature","properties":{"name":"Dr.-Johannes-Ledroit-Straße","klasse":"residential"},"geometry":{"type":"LineString","coordinates":[[8.4893,49.74422],[8.48903,49.74475]]}},{"type":"Feature","properties":{"name":"Kolpingweg","klasse":"residential"},"geometry":{"type":"LineString","coordinates":[[8.48801,49.74528],[8.49037,49.74592]]}},{"type":"Feature","properties":{"name":"Sudetenstraße","klasse":"residential"},"geometry":{"type":"LineString","coordinates":[[8.49212,49.74574],[8.49068,49.74548],[8.49003,49.7451],[8.48862,49.74463],[8.4878,49.74444],[8.48708,49.7441]]}},{"type":"Feature","properties":{"name":"Kapellenweg","klasse":"residential"},"geometry":{"type":"LineString","coordinates":[[8.49196,49.74644],[8.4905,49.74574]]}},{"type":"Feature","properties":{"name":"Siedlungsstraße","klasse":"residential"},"geometry":{"type":"LineString","coordinates":[[8.48647,49.7468],[8.48815,49.74745]]}},{"type":"Feature","properties":{"name":"Siedlungsstraße","klasse":"residential"},"geometry":{"type":"LineString","coordinates":[[8.48771,49.74799],[8.48878,49.74717]]}},{"type":"Feature","properties":{"name":"Römerstraße","klasse":"residential"},"geometry":{"type":"LineString","coordinates":[[8.48696,49.7476],[8.48668,49.74791]]}},{"type":"Feature","properties":{"name":"Oberfeldstraße","klasse":"residential"},"geometry":{"type":"LineString","coordinates":[[8.48716,49.74884],[8.49019,49.74997],[8.49095,49.75007]]}},{"type":"Feature","properties":{"name":"Feldstraße","klasse":"residential"},"geometry":{"type":"LineString","coordinates":[[8.48935,49.75093],[8.49019,49.74997]]}},{"type":"Feature","properties":{"name":"Wüstengasse","klasse":"residential"},"geometry":{"type":"LineString","coordinates":[[8.48668,49.74938],[8.48974,49.75048]]}},{"type":"Feature","properties":{"name":"Pfarrer-Dahl-Straße","klasse":"residential"},"geometry":{"type":"LineString","coordinates":[[8.48837,49.75058],[8.488,49.75106],[8.48882,49.75131]]}},{"type":"Feature","properties":{"name":"An der Heckenmühle","klasse":"residential"},"geometry":{"type":"LineString","coordinates":[[8.48976,49.74697],[8.489,49.74676]]}},{"type":"Feature","properties":{"name":"Mozartstraße","klasse":"residential"},"geometry":{"type":"LineString","coordinates":[[8.49034,49.74804],[8.49092,49.74661]]}},{"type":"Feature","properties":{"name":"Brunhildstraße","klasse":"residential"},"geometry":{"type":"LineString","coordinates":[[8.48093,49.74736],[8.48218,49.7479],[8.48237,49.74787]]}},{"type":"Feature","properties":{"name":"Kriemhildstraße","klasse":"residential"},"geometry":{"type":"LineString","coordinates":[[8.48364,49.74635],[8.48222,49.74555]]}},{"type":"Feature","properties":{"name":"Guntherstraße","klasse":"residential"},"geometry":{"type":"LineString","coordinates":[[8.48237,49.74787],[8.48265,49.74726],[8.4834,49.74623]]}},{"type":"Feature","properties":{"name":"Siegfriedstraße","klasse":"residential"},"geometry":{"type":"LineString","coordinates":[[8.48159,49.74764],[8.48214,49.74651],[8.48282,49.74589]]}},{"type":"Feature","properties":{"name":"Hagenstraße","klasse":"residential"},"geometry":{"type":"LineString","coordinates":[[8.48286,49.74514],[8.48399,49.74559],[8.48401,49.74567]]}},{"type":"Feature","properties":{"name":"Giselherstraße","klasse":"residential"},"geometry":{"type":"LineString","coordinates":[[8.4832,49.74466],[8.48406,49.74485],[8.4848,49.7451]]}},{"type":"Feature","properties":{"name":"Hildebrandstraße","klasse":"residential"},"geometry":{"type":"LineString","coordinates":[[8.4848,49.7451],[8.48573,49.7444],[8.48574,49.74428]]}},{"type":"Feature","properties":{"name":"Gernotstraße","klasse":"residential"},"geometry":{"type":"LineString","coordinates":[[8.48574,49.74428],[8.48474,49.74394],[8.48352,49.74369]]}},{"type":"Feature","properties":{"name":"Dietrichstraße","klasse":"residential"},"geometry":{"type":"LineString","coordinates":[[8.48406,49.74485],[8.48474,49.74394]]}},{"type":"Feature","properties":{"name":"Helene-Lange-Straße","klasse":"residential"},"geometry":{"type":"LineString","coordinates":[[8.48299,49.74287],[8.48304,49.74255],[8.48316,49.74249],[8.48379,49.74264],[8.48359,49.74302]]}},{"type":"Feature","properties":{"name":"Dr.-Helene-Weber-Straße","klasse":"residential"},"geometry":{"type":"LineString","coordinates":[[8.48425,49.74318],[8.48456,49.74249]]}},{"type":"Feature","properties":{"name":"Helene-Wessel-Straße","klasse":"residential"},"geometry":{"type":"LineString","coordinates":[[8.48498,49.74331],[8.48528,49.74262]]}},{"type":"Feature","properties":{"name":"Friederike-Nadig-Straße","klasse":"residential"},"geometry":{"type":"LineString","coordinates":[[8.48564,49.74348],[8.48597,49.74274]]}},{"type":"Feature","properties":{"name":"Dr.-Elisabeth-Selbert-Straße","klasse":"residential"},"geometry":{"type":"LineString","coordinates":[[8.48574,49.74327],[8.48643,49.74336],[8.48667,49.74287]]}},{"type":"Feature","properties":{"name":"Nibelungenstraße","klasse":"unclassified"},"geometry":{"type":"LineString","coordinates":[[8.55393,49.65277],[8.55602,49.65296]]}},{"type":"Feature","properties":{"name":"Berliner Ring","klasse":"tertiary"},"geometry":{"type":"LineString","coordinates":[[8.60573,49.67352],[8.60645,49.67129],[8.60714,49.67026]]}},{"type":"Feature","properties":{"name":"Berliner Ring","klasse":"tertiary"},"geometry":{"type":"LineString","coordinates":[[8.60792,49.66922],[8.60869,49.6682]]}},{"type":"Feature","properties":{"name":"Joseph-Heckler-Weg","klasse":"living_street"},"geometry":{"type":"LineString","coordinates":[[8.61166,49.67708],[8.61114,49.67843]]}},{"type":"Feature","properties":{"name":"Schlesierstraße","klasse":"residential"},"geometry":{"type":"LineString","coordinates":[[8.61026,49.67639],[8.60971,49.6773]]}},{"type":"Feature","properties":{"name":"Siegfriedstraße","klasse":"residential"},"geometry":{"type":"LineString","coordinates":[[8.60941,49.67617],[8.6074,49.67928],[8.60704,49.68095],[8.60711,49.68146]]}},{"type":"Feature","properties":{"name":"Neißestraße","klasse":"residential"},"geometry":{"type":"LineString","coordinates":[[8.60884,49.67706],[8.61055,49.67752]]}},{"type":"Feature","properties":{"name":"Am Hollermorgen","klasse":"residential"},"geometry":{"type":"LineString","coordinates":[[8.60871,49.67597],[8.60765,49.67762]]}},{"type":"Feature","properties":{"name":"Riesengebirgsstraße","klasse":"residential"},"geometry":{"type":"LineString","coordinates":[[8.60834,49.67782],[8.60628,49.67726]]}},{"type":"Feature","properties":{"name":"Landgrafenstraße","klasse":"residential"},"geometry":{"type":"LineString","coordinates":[[8.60698,49.67745],[8.60805,49.67579]]}},{"type":"Feature","properties":{"name":"Adolf-Kolping-Straße","klasse":"residential"},"geometry":{"type":"LineString","coordinates":[[8.60588,49.67789],[8.61049,49.67913],[8.61125,49.67927],[8.61236,49.67927]]}},{"type":"Feature","properties":{"name":"Frenaystraße","klasse":"residential"},"geometry":{"type":"LineString","coordinates":[[8.61306,49.67631],[8.61245,49.6772],[8.61228,49.67849]]}},{"type":"Feature","properties":{"name":"Guntherstraße","klasse":"residential"},"geometry":{"type":"LineString","coordinates":[[8.61013,49.68114],[8.61007,49.68087],[8.61034,49.67982]]}},{"type":"Feature","properties":{"name":"Kriemhildstraße","klasse":"residential"},"geometry":{"type":"LineString","coordinates":[[8.60623,49.68154],[8.60618,49.6811],[8.60636,49.67907]]}},{"type":"Feature","properties":{"name":"Breslauer Straße","klasse":"residential"},"geometry":{"type":"LineString","coordinates":[[8.60622,49.68042],[8.60477,49.68035]]}},{"type":"Feature","properties":{"name":"Breslauer Straße","klasse":"residential"},"geometry":{"type":"LineString","coordinates":[[8.60303,49.68028],[8.60278,49.68027]]}},{"type":"Feature","properties":{"name":"Liegnitzer Weg","klasse":"residential"},"geometry":{"type":"LineString","coordinates":[[8.60477,49.68035],[8.60456,49.68094],[8.60543,49.68098]]}},{"type":"Feature","properties":{"name":"Brunhildstraße","klasse":"residential"},"geometry":{"type":"LineString","coordinates":[[8.60282,49.67969],[8.60628,49.67985]]}},{"type":"Feature","properties":{"name":"Görlitzer Straße","klasse":"residential"},"geometry":{"type":"LineString","coordinates":[[8.60693,49.67817],[8.60659,49.6787]]}},{"type":"Feature","properties":{"name":"Königsberger Straße","klasse":"residential"},"geometry":{"type":"LineString","coordinates":[[8.60613,49.67749],[8.60381,49.67688]]}},{"type":"Feature","properties":{"name":"Memelstraße","klasse":"residential"},"geometry":{"type":"LineString","coordinates":[[8.605,49.67719],[8.60436,49.6782]]}},{"type":"Feature","properties":{"name":"Im Entich","klasse":"residential"},"geometry":{"type":"LineString","coordinates":[[8.60522,49.67692],[8.6056,49.67621]]}},{"type":"Feature","properties":{"name":"Uteweg","klasse":"residential"},"geometry":{"type":"LineString","coordinates":[[8.60743,49.6755],[8.60704,49.67539],[8.6066,49.67593]]}},{"type":"Feature","properties":{"name":"Josef-Seib-Straße","klasse":"residential"},"geometry":{"type":"LineString","coordinates":[[8.45008,49.67782],[8.45086,49.67616]]}},{"type":"Feature","properties":{"name":"Waldrandsiedlung","klasse":"residential"},"geometry":{"type":"LineString","coordinates":[[8.55773,49.64696],[8.55912,49.64668]]}},{"type":"Feature","properties":{"name":"Sandwiesenstraße","klasse":"residential"},"geometry":{"type":"LineString","coordinates":[[8.60277,49.73986],[8.60204,49.73983]]}},{"type":"Feature","properties":{"name":"Hähnleiner Straße","klasse":"residential"},"geometry":{"type":"LineString","coordinates":[[8.60639,49.73878],[8.60468,49.73867],[8.60466,49.73847]]}},{"type":"Feature","properties":{"name":"Am Schleifweg","klasse":"residential"},"geometry":{"type":"LineString","coordinates":[[8.6061,49.73685],[8.60611,49.73728]]}},{"type":"Feature","properties":{"ref":"B 460","klasse":"primary"},"geometry":{"type":"LineString","coordinates":[[8.56863,49.66512],[8.5687,49.66509]]}},{"type":"Feature","properties":{"name":"Hirschstraße","klasse":"residential"},"geometry":{"type":"LineString","coordinates":[[8.56796,49.64766],[8.56781,49.64733]]}},{"type":"Feature","properties":{"name":"Pfälzer Straße","klasse":"residential"},"geometry":{"type":"LineString","coordinates":[[8.48177,49.74815],[8.48203,49.74826]]}},{"type":"Feature","properties":{"name":"Wormser Straße","klasse":"tertiary"},"geometry":{"type":"LineString","coordinates":[[8.48242,49.74845],[8.4825,49.74813]]}},{"type":"Feature","properties":{"name":"Wormser Straße","klasse":"tertiary"},"geometry":{"type":"LineString","coordinates":[[8.4869,49.74372],[8.48721,49.74335]]}},{"type":"Feature","properties":{"ref":"K 203","name":"Mannheimer Straße","klasse":"tertiary"},"geometry":{"type":"LineString","coordinates":[[8.49044,49.73324],[8.49,49.73493]]}},{"type":"Feature","properties":{"ref":"K 203","name":"Mannheimer Straße","klasse":"tertiary"},"geometry":{"type":"LineString","coordinates":[[8.49041,49.73287],[8.49043,49.73295]]}},{"type":"Feature","properties":{"name":"Mannheimer Straße","klasse":"residential"},"geometry":{"type":"LineString","coordinates":[[8.49126,49.73378],[8.49114,49.73359],[8.49039,49.73351]]}},{"type":"Feature","properties":{"name":"Groß-Rohrheimer-Straße","klasse":"residential"},"geometry":{"type":"LineString","coordinates":[[8.49182,49.73575],[8.49065,49.73549]]}},{"type":"Feature","properties":{"name":"Lorscher Straße","klasse":"residential"},"geometry":{"type":"LineString","coordinates":[[8.49246,49.73762],[8.49214,49.73638]]}},{"type":"Feature","properties":{"name":"Bibliser Straße","klasse":"residential"},"geometry":{"type":"LineString","coordinates":[[8.49123,49.73719],[8.49137,49.73631]]}},{"type":"Feature","properties":{"name":"Lampertheimer Straße","klasse":"residential"},"geometry":{"type":"LineString","coordinates":[[8.4902,49.73704],[8.49046,49.73619]]}},{"type":"Feature","properties":{"name":"Bürstädter Straße","klasse":"residential"},"geometry":{"type":"LineString","coordinates":[[8.49214,49.73638],[8.49046,49.73619]]}},{"type":"Feature","properties":{"name":"Am Stachelacker","klasse":"residential"},"geometry":{"type":"LineString","coordinates":[[8.4902,49.73418],[8.48816,49.73384]]}},{"type":"Feature","properties":{"name":"Johannes-Bückler-Straße","klasse":"residential"},"geometry":{"type":"LineString","coordinates":[[8.49043,49.73295],[8.48864,49.73277]]}},{"type":"Feature","properties":{"name":"Claus-Kroencke-Straße","klasse":"residential"},"geometry":{"type":"LineString","coordinates":[[8.48981,49.73164],[8.48895,49.73158]]}},{"type":"Feature","properties":{"name":"Am Bildstock","klasse":"residential"},"geometry":{"type":"LineString","coordinates":[[8.49,49.73493],[8.48858,49.73479]]}},{"type":"Feature","properties":{"name":"Annastraße","klasse":"residential"},"geometry":{"type":"LineString","coordinates":[[8.6116,49.681],[8.61177,49.68231]]}},{"type":"Feature","properties":{"name":"Heinrichstraße","klasse":"residential"},"geometry":{"type":"LineString","coordinates":[[8.61443,49.70491],[8.61478,49.70487],[8.61551,49.70464],[8.61652,49.70392],[8.61701,49.7033],[8.61703,49.7025]]}},{"type":"Feature","properties":{"name":"Schillerstraße","klasse":"residential"},"geometry":{"type":"LineString","coordinates":[[8.61552,49.69619],[8.61574,49.69627],[8.61615,49.69662],[8.61662,49.69716],[8.61685,49.69769],[8.61686,49.6981],[8.61663,49.69871],[8.61573,49.70034],[8.61507,49.70202],[8.6146,49.7038],[8.61443,49.70491]]}},{"type":"Feature","properties":{"name":"Moselstraße","klasse":"residential"},"geometry":{"type":"LineString","coordinates":[[8.61494,49.67096],[8.61371,49.67342]]}},{"type":"Feature","properties":{"name":"Zeppelinstraße","klasse":"residential"},"geometry":{"type":"LineString","coordinates":[[8.59448,49.68543],[8.59204,49.68687],[8.59079,49.68639],[8.5904,49.68596]]}},{"type":"Feature","properties":{"name":"Zeppelinstraße","klasse":"residential"},"geometry":{"type":"LineString","coordinates":[[8.59292,49.68637],[8.59226,49.68572]]}},{"type":"Feature","properties":{"name":"Wiesenstraße","klasse":"residential"},"geometry":{"type":"LineString","coordinates":[[8.59019,49.68566],[8.58998,49.6855],[8.59008,49.68532]]}},{"type":"Feature","properties":{"name":"Waldstraße","klasse":"residential"},"geometry":{"type":"LineString","coordinates":[[8.57596,49.70429],[8.5733,49.70552],[8.57194,49.70602],[8.57119,49.70699]]}},{"type":"Feature","properties":{"name":"Rheinstraße","klasse":"residential"},"geometry":{"type":"LineString","coordinates":[[8.60204,49.73983],[8.59878,49.73973],[8.59781,49.73954],[8.5973,49.73806]]}},{"type":"Feature","properties":{"name":"Schlesierstraße","klasse":"residential"},"geometry":{"type":"LineString","coordinates":[[8.60213,49.73929],[8.60001,49.73882],[8.59935,49.73874],[8.59752,49.73872]]}},{"type":"Feature","properties":{"name":"Sandwiesenstraße","klasse":"residential"},"geometry":{"type":"LineString","coordinates":[[8.60116,49.74349],[8.60174,49.74092]]}},{"type":"Feature","properties":{"name":"Neckarstraße","klasse":"residential"},"geometry":{"type":"LineString","coordinates":[[8.6026,49.73779],[8.59817,49.73749]]}},{"type":"Feature","properties":{"name":"Am Falltor","klasse":"residential"},"geometry":{"type":"LineString","coordinates":[[8.56866,49.69953],[8.57185,49.69796],[8.57212,49.69759],[8.57217,49.69723]]}},{"type":"Feature","properties":{"name":"An der Riedwiese","klasse":"unclassified"},"geometry":{"type":"LineString","coordinates":[[8.60233,49.67282],[8.60209,49.67319]]}},{"type":"Feature","properties":{"name":"Egerländer Straße","klasse":"residential"},"geometry":{"type":"LineString","coordinates":[[8.45971,49.68951],[8.4611,49.68861]]}},{"type":"Feature","properties":{"name":"Bibliser Straße","klasse":"residential"},"geometry":{"type":"LineString","coordinates":[[8.47562,49.7123],[8.47989,49.71658]]}},{"type":"Feature","properties":{"name":"Waldstraße","klasse":"residential"},"geometry":{"type":"LineString","coordinates":[[8.48014,49.71761],[8.47958,49.71816]]}},{"type":"Feature","properties":{"name":"Platanenallee","klasse":"tertiary"},"geometry":{"type":"LineString","coordinates":[[8.60604,49.72682],[8.60727,49.72619]]}},{"type":"Feature","properties":{"name":"Rieslingstraße","klasse":"residential"},"geometry":{"type":"LineString","coordinates":[[8.60788,49.73004],[8.60737,49.7304]]}},{"type":"Feature","properties":{"name":"Berliner Ring","klasse":"tertiary"},"geometry":{"type":"LineString","coordinates":[[8.60311,49.68158],[8.60303,49.68136]]}},{"type":"Feature","properties":{"name":"Bleichstraße","klasse":"residential"},"geometry":{"type":"LineString","coordinates":[[8.60903,49.71984],[8.60965,49.72013],[8.60968,49.72021]]}},{"type":"Feature","properties":{"name":"Ahornstraße","klasse":"residential"},"geometry":{"type":"LineString","coordinates":[[8.60727,49.72619],[8.60703,49.72588],[8.60713,49.72546]]}},{"type":"Feature","properties":{"name":"Platanenallee","klasse":"tertiary"},"geometry":{"type":"LineString","coordinates":[[8.60727,49.72619],[8.60802,49.72609]]}},{"type":"Feature","properties":{"name":"Platanenallee","klasse":"tertiary"},"geometry":{"type":"LineString","coordinates":[[8.60802,49.72609],[8.60871,49.72613]]}},{"type":"Feature","properties":{"name":"Rieslingstraße","klasse":"residential"},"geometry":{"type":"LineString","coordinates":[[8.60802,49.72609],[8.60809,49.72622],[8.60865,49.72631],[8.60862,49.72671]]}},{"type":"Feature","properties":{"name":"Rieslingstraße","klasse":"residential"},"geometry":{"type":"LineString","coordinates":[[8.60821,49.72853],[8.60818,49.72873]]}},{"type":"Feature","properties":{"name":"Eichenweg","klasse":"residential"},"geometry":{"type":"LineString","coordinates":[[8.57705,49.70559],[8.57712,49.70537],[8.57702,49.70525],[8.57596,49.70429]]}},{"type":"Feature","properties":{"name":"Eichenweg","klasse":"residential"},"geometry":{"type":"LineString","coordinates":[[8.57596,49.70429],[8.57598,49.7041],[8.57667,49.70298]]}},{"type":"Feature","properties":{"name":"Schulstraße","klasse":"residential"},"geometry":{"type":"LineString","coordinates":[[8.57431,49.70397],[8.57573,49.70338]]}},{"type":"Feature","properties":{"name":"Mittelstraße","klasse":"residential"},"geometry":{"type":"LineString","coordinates":[[8.57467,49.70619],[8.57508,49.7065],[8.57643,49.70835]]}},{"type":"Feature","properties":{"ref":"K 67","name":"Rodauer Straße","klasse":"tertiary"},"geometry":{"type":"LineString","coordinates":[[8.57033,49.70392],[8.57125,49.70469]]}},{"type":"Feature","properties":{"name":"Kirchstraße","klasse":"residential"},"geometry":{"type":"LineString","coordinates":[[8.57014,49.70374],[8.57298,49.70257]]}},{"type":"Feature","properties":{"name":"Kapellstraße","klasse":"residential"},"geometry":{"type":"LineString","coordinates":[[8.57298,49.70257],[8.5721,49.7017]]}},{"type":"Feature","properties":{"name":"Bensheimer Straße","klasse":"residential"},"geometry":{"type":"LineString","coordinates":[[8.57177,49.70192],[8.57293,49.70113]]}},{"type":"Feature","properties":{"name":"Neurodstraße","klasse":"residential"},"geometry":{"type":"LineString","coordinates":[[8.57634,49.7058],[8.57431,49.70397]]}},{"type":"Feature","properties":{"name":"Forsthausstraße","klasse":"residential"},"geometry":{"type":"LineString","coordinates":[[8.57467,49.70619],[8.57705,49.70559]]}},{"type":"Feature","properties":{"name":"An der Lehmkaute","klasse":"residential"},"geometry":{"type":"LineString","coordinates":[[8.57587,49.70766],[8.57513,49.70793],[8.57492,49.70789],[8.57443,49.70717],[8.5745,49.70705],[8.57527,49.70679]]}},{"type":"Feature","properties":{"name":"Ulmenweg","klasse":"residential"},"geometry":{"type":"LineString","coordinates":[[8.57624,49.70366],[8.57719,49.70391]]}},{"type":"Feature","properties":{"name":"Buchenweg","klasse":"residential"},"geometry":{"type":"LineString","coordinates":[[8.57688,49.70446],[8.57771,49.70313]]}},{"type":"Feature","properties":{"name":"Kiefernweg","klasse":"residential"},"geometry":{"type":"LineString","coordinates":[[8.57687,49.7051],[8.57756,49.70476],[8.57846,49.70333]]}},{"type":"Feature","properties":{"name":"Hofgartenstraße","klasse":"residential"},"geometry":{"type":"LineString","coordinates":[[8.57169,49.70624],[8.57015,49.70528]]}},{"type":"Feature","properties":{"name":"Henri-Dunant-Straße","klasse":"residential"},"geometry":{"type":"LineString","coordinates":[[8.60148,49.68119],[8.60069,49.68118]]}},{"type":"Feature","properties":{"name":"Am Bildstock","klasse":"residential"},"geometry":{"type":"LineString","coordinates":[[8.60782,49.67474],[8.60819,49.67353],[8.60708,49.67323]]}},{"type":"Feature","properties":{"name":"Waldstraße","klasse":"residential"},"geometry":{"type":"LineString","coordinates":[[8.57149,49.73551],[8.57134,49.73519],[8.57007,49.73392],[8.56938,49.7335]]}},{"type":"Feature","properties":{"ref":"L 3261","name":"Waldstraße","klasse":"secondary"},"geometry":{"type":"LineString","coordinates":[[8.57213,49.73624],[8.572,49.73548]]}},{"type":"Feature","properties":{"name":"Bruchweg","klasse":"residential"},"geometry":{"type":"LineString","coordinates":[[8.5678,49.73475],[8.56815,49.73502],[8.56851,49.7365]]}},{"type":"Feature","properties":{"name":"Gartenstraße","klasse":"residential"},"geometry":{"type":"LineString","coordinates":[[8.57001,49.73297],[8.57075,49.73342],[8.57275,49.73524]]}},{"type":"Feature","properties":{"name":"Georg-Fröba-Straße","klasse":"residential"},"geometry":{"type":"LineString","coordinates":[[8.57186,49.74141],[8.57202,49.74111]]}},{"type":"Feature","properties":{"name":"Weilerstraße","klasse":"residential"},"geometry":{"type":"LineString","coordinates":[[8.57386,49.74017],[8.5761,49.74097]]}},{"type":"Feature","properties":{"name":"Georg-Fröba-Straße","klasse":"residential"},"geometry":{"type":"LineString","coordinates":[[8.57719,49.73688],[8.57641,49.73797],[8.57601,49.73832],[8.57552,49.73863],[8.57416,49.73927],[8.57321,49.73997],[8.57293,49.74008],[8.57273,49.74008]]}},{"type":"Feature","properties":{"name":"Ringweg","klasse":"living_street"},"geometry":{"type":"LineString","coordinates":[[8.57342,49.73506],[8.57177,49.73372]]}},{"type":"Feature","properties":{"ref":"L 3261","name":"Rodauer Straße","klasse":"unclassified"},"geometry":{"type":"LineString","coordinates":[[8.57442,49.73482],[8.57458,49.73494],[8.5748,49.73538],[8.57503,49.73626]]}},{"type":"Feature","properties":{"name":"Geschwister-Scholl-Straße","klasse":"living_street"},"geometry":{"type":"LineString","coordinates":[[8.56687,49.6599],[8.56726,49.65995]]}},{"type":"Feature","properties":{"name":"Wiesenstraße","klasse":"residential"},"geometry":{"type":"LineString","coordinates":[[8.56912,49.7357],[8.56863,49.73476],[8.56814,49.73447]]}},{"type":"Feature","properties":{"name":"Karl-Marx-Straße","klasse":"residential"},"geometry":{"type":"LineString","coordinates":[[8.56873,49.73401],[8.56924,49.73428],[8.56962,49.73463],[8.5702,49.73563]]}},{"type":"Feature","properties":{"name":"Wetzbach","klasse":"residential"},"geometry":{"type":"LineString","coordinates":[[8.61319,49.72415],[8.6141,49.72417]]}},{"type":"Feature","properties":{"name":"Carlo-Mierendorff-Straße","klasse":"residential"},"geometry":{"type":"LineString","coordinates":[[8.57257,49.73743],[8.5715,49.73974]]}},{"type":"Feature","properties":{"name":"Römerstraße","klasse":"residential"},"geometry":{"type":"LineString","coordinates":[[8.56689,49.73982],[8.56686,49.73735],[8.56675,49.73666]]}},{"type":"Feature","properties":{"name":"Schulstraße","klasse":"residential"},"geometry":{"type":"LineString","coordinates":[[8.56867,49.73911],[8.56867,49.73846]]}},{"type":"Feature","properties":{"name":"Mittelstraße","klasse":"residential"},"geometry":{"type":"LineString","coordinates":[[8.56687,49.73836],[8.56866,49.73821]]}},{"type":"Feature","properties":{"name":"Rhönstraße","klasse":"residential"},"geometry":{"type":"LineString","coordinates":[[8.56545,49.73992],[8.56545,49.74031]]}},{"type":"Feature","properties":{"name":"Donnersbergstraße","klasse":"residential"},"geometry":{"type":"LineString","coordinates":[[8.56962,49.73964],[8.56969,49.74151]]}},{"type":"Feature","properties":{"name":"Gartenstraße","klasse":"residential"},"geometry":{"type":"LineString","coordinates":[[8.57001,49.73297],[8.56968,49.73278]]}},{"type":"Feature","properties":{"name":"Marktstraße","klasse":"residential"},"geometry":{"type":"LineString","coordinates":[[8.57149,49.73551],[8.572,49.73548]]}},{"type":"Feature","properties":{"name":"Im Ritterbruch","klasse":"residential"},"geometry":{"type":"LineString","coordinates":[[8.56815,49.73502],[8.56671,49.73609],[8.56629,49.73593]]}},{"type":"Feature","properties":{"name":"Im Ritterbruch","klasse":"residential"},"geometry":{"type":"LineString","coordinates":[[8.56629,49.73593],[8.566,49.7357],[8.56683,49.73503]]}},{"type":"Feature","properties":{"name":"Im Ritterbruch","klasse":"residential"},"geometry":{"type":"LineString","coordinates":[[8.56599,49.73674],[8.56582,49.73637],[8.56629,49.73593]]}},{"type":"Feature","properties":{"ref":"L 3112","name":"Gernsheimer Straße","klasse":"secondary"},"geometry":{"type":"LineString","coordinates":[[8.57503,49.73626],[8.57554,49.73646],[8.57719,49.73688]]}},{"type":"Feature","properties":{"ref":"L 3112","name":"Alsbacher Straße","klasse":"secondary"},"geometry":{"type":"LineString","coordinates":[[8.57719,49.73688],[8.57751,49.73694],[8.57802,49.7369]]}},{"type":"Feature","properties":{"name":"Bruchweg","klasse":"residential"},"geometry":{"type":"LineString","coordinates":[[8.56742,49.73456],[8.5678,49.73475]]}},{"type":"Feature","properties":{"name":"Wilhelm-Leuschner-Straße","klasse":"residential"},"geometry":{"type":"LineString","coordinates":[[8.57601,49.73832],[8.57554,49.7381],[8.57257,49.73743]]}},{"type":"Feature","properties":{"name":"Taunusring","klasse":"residential"},"geometry":{"type":"LineString","coordinates":[[8.56867,49.73846],[8.57043,49.73845],[8.5706,49.73854],[8.57051,49.73903],[8.56867,49.73905]]}},{"type":"Feature","properties":{"name":"Eichendorffstraße","klasse":"residential"},"geometry":{"type":"LineString","coordinates":[[8.56716,49.6459],[8.5684,49.6459]]}},{"type":"Feature","properties":{"ref":"L 3261","klasse":"secondary"},"geometry":{"type":"LineString","coordinates":[[8.54567,49.71332],[8.54504,49.71285]]}},{"type":"Feature","properties":{"ref":"L 3261","klasse":"secondary"},"geometry":{"type":"LineString","coordinates":[[8.54363,49.71188],[8.54142,49.71072]]}},{"type":"Feature","properties":{"ref":"A 67","klasse":"motorway"},"geometry":{"type":"LineString","coordinates":[[8.54833,49.70212],[8.54829,49.70227]]}},{"type":"Feature","properties":{"name":"Ottostraße","klasse":"residential"},"geometry":{"type":"LineString","coordinates":[[8.60969,49.68119],[8.60988,49.68241]]}},{"type":"Feature","properties":{"name":"Sudetenstraße","klasse":"residential"},"geometry":{"type":"LineString","coordinates":[[8.61173,49.68166],[8.60836,49.68195],[8.60804,49.68189]]}},{"type":"Feature","properties":{"name":"Spessartstraße","klasse":"residential"},"geometry":{"type":"LineString","coordinates":[[8.61438,49.68362],[8.61401,49.68367],[8.61204,49.68361]]}},{"type":"Feature","properties":{"name":"Odenwaldstraße","klasse":"residential"},"geometry":{"type":"LineString","coordinates":[[8.61204,49.68361],[8.61175,49.685]]}},{"type":"Feature","properties":{"name":"Vogelsbergstraße","klasse":"residential"},"geometry":{"type":"LineString","coordinates":[[8.60972,49.68354],[8.60975,49.68242]]}},{"type":"Feature","properties":{"name":"Rhönstraße","klasse":"residential"},"geometry":{"type":"LineString","coordinates":[[8.61087,49.68235],[8.61077,49.68358],[8.61045,49.68483]]}},{"type":"Feature","properties":{"name":"Freiherr-vom-Stein-Straße","klasse":"residential"},"geometry":{"type":"LineString","coordinates":[[8.60873,49.68249],[8.60866,49.68346],[8.60832,49.68455]]}},{"type":"Feature","properties":{"name":"Mainstraße","klasse":"residential"},"geometry":{"type":"LineString","coordinates":[[8.60893,49.67438],[8.60898,49.67373],[8.6087,49.67305],[8.60869,49.67236],[8.60883,49.67185],[8.6093,49.6712]]}},{"type":"Feature","properties":{"name":"Nahestraße","klasse":"residential"},"geometry":{"type":"LineString","coordinates":[[8.60802,49.67412],[8.60893,49.67438]]}},{"type":"Feature","properties":{"name":"Nahestraße","klasse":"residential"},"geometry":{"type":"LineString","coordinates":[[8.60893,49.67438],[8.61261,49.67537]]}},{"type":"Feature","properties":{"name":"Fuldastraße","klasse":"residential"},"geometry":{"type":"LineString","coordinates":[[8.61301,49.67458],[8.61152,49.67417],[8.61141,49.67398],[8.61145,49.67343]]}},{"type":"Feature","properties":{"name":"Donaustraße","klasse":"residential"},"geometry":{"type":"LineString","coordinates":[[8.61089,49.67197],[8.61012,49.6726],[8.61007,49.67339]]}},{"type":"Feature","properties":{"name":"Bodelschwinghstraße","klasse":"residential"},"geometry":{"type":"LineString","coordinates":[[8.60194,49.68059],[8.60071,49.68056]]}},{"type":"Feature","properties":{"name":"Kettelerstraße","klasse":"residential"},"geometry":{"type":"LineString","coordinates":[[8.60194,49.67998],[8.6007,49.67997]]}},{"type":"Feature","properties":{"name":"Humboldtstraße","klasse":"residential"},"geometry":{"type":"LineString","coordinates":[[8.60186,49.67936],[8.60057,49.67935]]}},{"type":"Feature","properties":{"name":"Otto-Beck-Straße","klasse":"residential"},"geometry":{"type":"LineString","coordinates":[[8.61367,49.70248],[8.61565,49.70248]]}},{"type":"Feature","properties":{"ref":"L 3112","klasse":"secondary"},"geometry":{"type":"LineString","coordinates":[[8.60184,49.74022],[8.60201,49.74022]]}},{"type":"Feature","properties":{"ref":"L 3112","klasse":"secondary"},"geometry":{"type":"LineString","coordinates":[[8.60485,49.73998],[8.60597,49.73986]]}},{"type":"Feature","properties":{"name":"Hähnleiner Straße","klasse":"residential"},"geometry":{"type":"LineString","coordinates":[[8.6024,49.73838],[8.59646,49.73803]]}},{"type":"Feature","properties":{"name":"Spessartring","klasse":"residential"},"geometry":{"type":"LineString","coordinates":[[8.56964,49.74024],[8.57074,49.74023],[8.57088,49.74043],[8.57084,49.74101],[8.56967,49.74111]]}},{"type":"Feature","properties":{"name":"Am Alten Neckarbett","klasse":"residential"},"geometry":{"type":"LineString","coordinates":[[8.57969,49.73691],[8.57966,49.73679]]}},{"type":"Feature","properties":{"name":"Zum Landgraben","klasse":"living_street"},"geometry":{"type":"LineString","coordinates":[[8.57643,49.73547],[8.5763,49.7355]]}},{"type":"Feature","properties":{"name":"Im Steingarten","klasse":"living_street"},"geometry":{"type":"LineString","coordinates":[[8.57516,49.73407],[8.57598,49.73478],[8.57675,49.73446]]}},{"type":"Feature","properties":{"name":"Am Weiher","klasse":"living_street"},"geometry":{"type":"LineString","coordinates":[[8.5763,49.7355],[8.57616,49.73497],[8.57598,49.73478]]}},{"type":"Feature","properties":{"name":"Täubchesweg","klasse":"living_street"},"geometry":{"type":"LineString","coordinates":[[8.57572,49.73379],[8.57442,49.73434]]}},{"type":"Feature","properties":{"name":"Am Holzlachgraben","klasse":"living_street"},"geometry":{"type":"LineString","coordinates":[[8.57675,49.73446],[8.57603,49.73392],[8.57526,49.7336]]}},{"type":"Feature","properties":{"name":"Täubchesweg","klasse":"living_street"},"geometry":{"type":"LineString","coordinates":[[8.57407,49.73445],[8.57442,49.73434]]}},{"type":"Feature","properties":{"ref":"B 44","klasse":"primary"},"geometry":{"type":"LineString","coordinates":[[8.45131,49.65406],[8.45118,49.65397]]}},{"type":"Feature","properties":{"ref":"B 44","klasse":"primary"},"geometry":{"type":"LineString","coordinates":[[8.45235,49.67673],[8.45132,49.67267]]}},{"type":"Feature","properties":{"name":"Saarstraße","klasse":"tertiary"},"geometry":{"type":"LineString","coordinates":[[8.61392,49.69533],[8.6148,49.69541]]}},{"type":"Feature","properties":{"name":"Ernst-Moritz-Arndt-Straße","klasse":"living_street"},"geometry":{"type":"LineString","coordinates":[[8.61623,49.69943],[8.61424,49.69905]]}},{"type":"Feature","properties":{"name":"Otto-Beck-Straße","klasse":"residential"},"geometry":{"type":"LineString","coordinates":[[8.61367,49.70248],[8.61333,49.70249]]}},{"type":"Feature","properties":{"name":"Hermann-Löns-Straße","klasse":"residential"},"geometry":{"type":"LineString","coordinates":[[8.61808,49.70368],[8.61723,49.70447],[8.61613,49.70515],[8.61517,49.70549],[8.61433,49.70554]]}},{"type":"Feature","properties":{"name":"Am Vogelherd","klasse":"residential"},"geometry":{"type":"LineString","coordinates":[[8.61352,49.70904],[8.61279,49.7089]]}},{"type":"Feature","properties":{"name":"Am Vogelherd","klasse":"residential"},"geometry":{"type":"LineString","coordinates":[[8.6129,49.70831],[8.61376,49.70842]]}},{"type":"Feature","properties":{"name":"Am Vogelherd","klasse":"residential"},"geometry":{"type":"LineString","coordinates":[[8.6131,49.70749],[8.61405,49.70763]]}},{"type":"Feature","properties":{"name":"Im Lerchengrund","klasse":"residential"},"geometry":{"type":"LineString","coordinates":[[8.61405,49.70763],[8.61476,49.70761],[8.61513,49.70752],[8.61474,49.70942]]}},{"type":"Feature","properties":{"name":"Fasanenweg","klasse":"residential"},"geometry":{"type":"LineString","coordinates":[[8.61343,49.70929],[8.61607,49.70953]]}},{"type":"Feature","properties":{"name":"Heimrodstraße","klasse":"residential"},"geometry":{"type":"LineString","coordinates":[[8.61055,49.69918],[8.61335,49.69946]]}},{"type":"Feature","properties":{"name":"Renngrubenstraße","klasse":"residential"},"geometry":{"type":"LineString","coordinates":[[8.61182,49.69929],[8.612,49.69829]]}},{"type":"Feature","properties":{"name":"Zwischen den Bächen","klasse":"residential"},"geometry":{"type":"LineString","coordinates":[[8.61163,49.70457],[8.6124,49.70334],[8.61259,49.70259]]}},{"type":"Feature","properties":{"name":"Lahnstraße","klasse":"residential"},"geometry":{"type":"LineString","coordinates":[[8.61259,49.70247],[8.61265,49.7023]]}},{"type":"Feature","properties":{"name":"Brückweg","klasse":"unclassified"},"geometry":{"type":"LineString","coordinates":[[8.60926,49.7065],[8.60911,49.70649]]}},{"type":"Feature","properties":{"name":"Brückweg","klasse":"unclassified"},"geometry":{"type":"LineString","coordinates":[[8.6005,49.70595],[8.59915,49.70571]]}},{"type":"Feature","properties":{"name":"Brückweg","klasse":"unclassified"},"geometry":{"type":"LineString","coordinates":[[8.59915,49.70571],[8.59765,49.7054],[8.59616,49.7049]]}},{"type":"Feature","properties":{"name":"Brückweg","klasse":"unclassified"},"geometry":{"type":"LineString","coordinates":[[8.6005,49.70595],[8.60158,49.70608],[8.6041,49.70602]]}},{"type":"Feature","properties":{"name":"Wiesenstraße","klasse":"residential"},"geometry":{"type":"LineString","coordinates":[[8.44738,49.6832],[8.44872,49.68186]]}},{"type":"Feature","properties":{"name":"Frankensteinstraße","klasse":"residential"},"geometry":{"type":"LineString","coordinates":[[8.61506,49.67726],[8.61462,49.67761],[8.614,49.67795]]}},{"type":"Feature","properties":{"name":"Grüne Straße","klasse":"residential"},"geometry":{"type":"LineString","coordinates":[[8.61242,49.67961],[8.61422,49.67944]]}},{"type":"Feature","properties":{"name":"Friedensstraße","klasse":"residential"},"geometry":{"type":"LineString","coordinates":[[8.61433,49.67987],[8.61256,49.68016]]}},{"type":"Feature","properties":{"name":"Karl-Kreuzer-Weg","klasse":"living_street"},"geometry":{"type":"LineString","coordinates":[[8.61499,49.67936],[8.61422,49.67944]]}},{"type":"Feature","properties":{"name":"Steinmetzweg","klasse":"pedestrian"},"geometry":{"type":"LineString","coordinates":[[8.61508,49.67795],[8.61557,49.67851],[8.61537,49.67963],[8.61448,49.67965]]}},{"type":"Feature","properties":{"name":"Wormser Straße","klasse":"residential"},"geometry":{"type":"LineString","coordinates":[[8.60782,49.67474],[8.60982,49.6753],[8.60993,49.67546]]}},{"type":"Feature","properties":{"name":"Johann-Valentin-May-Straße","klasse":"residential"},"geometry":{"type":"LineString","coordinates":[[8.56686,49.73873],[8.56533,49.73875]]}},{"type":"Feature","properties":{"name":"Im Hirscheck","klasse":"residential"},"geometry":{"type":"LineString","coordinates":[[8.56488,49.73761],[8.56687,49.73756]]}},{"type":"Feature","properties":{"name":"Hufelandstraße","klasse":"residential"},"geometry":{"type":"LineString","coordinates":[[8.56525,49.73693],[8.56632,49.7368]]}},{"type":"Feature","properties":{"name":"Im Schäfersgarten","klasse":"residential"},"geometry":{"type":"LineString","coordinates":[[8.56686,49.7393],[8.56544,49.7393],[8.56533,49.73911],[8.56533,49.73825],[8.56541,49.73819],[8.56687,49.73817]]}},{"type":"Feature","properties":{"name":"Wiesenweg","klasse":"residential"},"geometry":{"type":"LineString","coordinates":[[8.48845,49.73314],[8.48877,49.73319],[8.48883,49.73329],[8.48941,49.73337]]}},{"type":"Feature","properties":{"name":"Rheinauenweg","klasse":"residential"},"geometry":{"type":"LineString","coordinates":[[8.4883,49.73349],[8.48953,49.73369]]}},{"type":"Feature","properties":{"name":"Wingertsweg","klasse":"residential"},"geometry":{"type":"LineString","coordinates":[[8.48821,49.7353],[8.48984,49.73553]]}},{"type":"Feature","properties":{"name":"Wilhelm-Kilian-Straße","klasse":"residential"},"geometry":{"type":"LineString","coordinates":[[8.61175,49.685],[8.61147,49.68596]]}},{"type":"Feature","properties":{"name":"Wilhelm-Kilian-Straße","klasse":"living_street"},"geometry":{"type":"LineString","coordinates":[[8.61147,49.68596],[8.61137,49.68643],[8.61146,49.68644],[8.61159,49.68677]]}},{"type":"Feature","properties":{"name":"Riedstraße","klasse":"living_street"},"geometry":{"type":"LineString","coordinates":[[8.61397,49.68619],[8.61399,49.68611]]}},{"type":"Feature","properties":{"name":"Fritz-Bockius-Straße","klasse":"living_street"},"geometry":{"type":"LineString","coordinates":[[8.61147,49.68596],[8.61014,49.6858],[8.60987,49.68649]]}},{"type":"Feature","properties":{"name":"Karl-Fuchs-Straße","klasse":"living_street"},"geometry":{"type":"LineString","coordinates":[[8.61291,49.68669],[8.61302,49.68609],[8.61397,49.68619]]}},{"type":"Feature","properties":{"name":"Jakob-Kindinger-Straße","klasse":"living_street"},"geometry":{"type":"LineString","coordinates":[[8.61147,49.68596],[8.61296,49.68626]]}},{"type":"Feature","properties":{"ref":"L 3112","klasse":"secondary"},"geometry":{"type":"LineString","coordinates":[[8.60919,49.73952],[8.61258,49.73922]]}},{"type":"Feature","properties":{"ref":"L 3112","klasse":"secondary"},"geometry":{"type":"LineString","coordinates":[[8.60894,49.73955],[8.60919,49.73952]]}},{"type":"Feature","properties":{"name":"Spießgasse","klasse":"residential"},"geometry":{"type":"LineString","coordinates":[[8.56489,49.73997],[8.56545,49.73992]]}},{"type":"Feature","properties":{"name":"Schulstraße","klasse":"residential"},"geometry":{"type":"LineString","coordinates":[[8.56867,49.73846],[8.56866,49.73821]]}},{"type":"Feature","properties":{"name":"Theresienstraße","klasse":"residential"},"geometry":{"type":"LineString","coordinates":[[8.47778,49.71452],[8.47965,49.71372]]}},{"type":"Feature","properties":{"name":"Bensheimer Straße","klasse":"residential"},"geometry":{"type":"LineString","coordinates":[[8.5688,49.70347],[8.56996,49.70241],[8.57143,49.70174]]}},{"type":"Feature","properties":{"name":"Gartenstraße","klasse":"residential"},"geometry":{"type":"LineString","coordinates":[[8.47815,49.71614],[8.47758,49.71639],[8.47714,49.71688]]}},{"type":"Feature","properties":{"name":"Melibokusstraße","klasse":"residential"},"geometry":{"type":"LineString","coordinates":[[8.61314,49.74678],[8.61132,49.74809],[8.6112,49.74826],[8.61122,49.74865]]}},{"type":"Feature","properties":{"name":"Tannenweg","klasse":"residential"},"geometry":{"type":"LineString","coordinates":[[8.61304,49.75023],[8.61055,49.74974]]}},{"type":"Feature","properties":{"name":"Friedenstraße","klasse":"residential"},"geometry":{"type":"LineString","coordinates":[[8.61242,49.74822],[8.6134,49.74886],[8.61372,49.74892],[8.61457,49.74937],[8.61439,49.74984],[8.61447,49.75042]]}},{"type":"Feature","properties":{"name":"Wilhelm-Leuschner-Straße","klasse":"residential"},"geometry":{"type":"LineString","coordinates":[[8.61033,49.75045],[8.61063,49.75046],[8.6123,49.75103],[8.61267,49.75129]]}},{"type":"Feature","properties":{"name":"Raiffeisenstraße","klasse":"residential"},"geometry":{"type":"LineString","coordinates":[[8.6123,49.74738],[8.6158,49.74949],[8.61622,49.74964],[8.61664,49.74962]]}},{"type":"Feature","properties":{"ref":"K 203","name":"Mannheimer Straße","klasse":"tertiary"},"geometry":{"type":"LineString","coordinates":[[8.48988,49.73535],[8.48984,49.73553]]}},{"type":"Feature","properties":{"name":"An der Kaplanei","klasse":"unclassified"},"geometry":{"type":"LineString","coordinates":[[8.49689,49.71569],[8.49628,49.71566]]}},{"type":"Feature","properties":{"name":"An der Kaplanei","klasse":"unclassified"},"geometry":{"type":"LineString","coordinates":[[8.49715,49.71568],[8.49689,49.71569]]}},{"type":"Feature","properties":{"name":"Karl-Marx-Straße","klasse":"residential"},"geometry":{"type":"LineString","coordinates":[[8.61267,49.75129],[8.61285,49.75108],[8.6134,49.74886]]}},{"type":"Feature","properties":{"name":"Im Höhsand","klasse":"residential"},"geometry":{"type":"LineString","coordinates":[[8.61065,49.74867],[8.61158,49.74867],[8.61209,49.74895],[8.61219,49.7493],[8.61203,49.75001]]}},{"type":"Feature","properties":{"ref":"K 203","klasse":"tertiary"},"geometry":{"type":"LineString","coordinates":[[8.49371,49.74178],[8.49545,49.74202]]}},{"type":"Feature","properties":{"ref":"K 203","klasse":"tertiary"},"geometry":{"type":"LineString","coordinates":[[8.48937,49.73729],[8.48932,49.73746]]}},{"type":"Feature","properties":{"ref":"K 203","name":"Mannheimer Straße","klasse":"tertiary"},"geometry":{"type":"LineString","coordinates":[[8.48977,49.73584],[8.48937,49.73729]]}},{"type":"Feature","properties":{"name":"Rheinstraße","klasse":"tertiary"},"geometry":{"type":"LineString","coordinates":[[8.48454,49.72206],[8.48413,49.72157],[8.48358,49.7211]]}},{"type":"Feature","properties":{"ref":"B 44","klasse":"primary"},"geometry":{"type":"LineString","coordinates":[[8.5056,49.75154],[8.50512,49.75077],[8.503,49.74795]]}},{"type":"Feature","properties":{"name":"Ampèrestraße","klasse":"unclassified"},"geometry":{"type":"LineString","coordinates":[[8.59832,49.67215],[8.59822,49.67239]]}},{"type":"Feature","properties":{"name":"Walter-Möller-Straße","klasse":"tertiary"},"geometry":{"type":"LineString","coordinates":[[8.60884,49.72614],[8.60906,49.72616]]}},{"type":"Feature","properties":{"ref":"B 3","name":"Heidelberger Straße","klasse":"primary"},"geometry":{"type":"LineString","coordinates":[[8.61389,49.7167],[8.61423,49.71607]]}},{"type":"Feature","properties":{"ref":"B 3","name":"Zwingenberger Straße","klasse":"primary"},"geometry":{"type":"LineString","coordinates":[[8.61042,49.75135],[8.61033,49.75045]]}},{"type":"Feature","properties":{"ref":"B 3","name":"Darmstädter Straße","klasse":"primary"},"geometry":{"type":"LineString","coordinates":[[8.61208,49.72624],[8.61219,49.726]]}},{"type":"Feature","properties":{"ref":"B 47","klasse":"trunk"},"geometry":{"type":"LineString","coordinates":[[8.55693,49.66162],[8.55764,49.66186]]}},{"type":"Feature","properties":{"ref":"K 31","klasse":"tertiary"},"geometry":{"type":"LineString","coordinates":[[8.58507,49.66777],[8.58517,49.66741]]}},{"type":"Feature","properties":{"ref":"K 31","klasse":"tertiary"},"geometry":{"type":"LineString","coordinates":[[8.58517,49.66741],[8.58516,49.66668]]}},{"type":"Feature","properties":{"ref":"B 47","klasse":"trunk"},"geometry":{"type":"LineString","coordinates":[[8.55188,49.65936],[8.5533,49.6601]]}},{"type":"Feature","properties":{"ref":"B 47","klasse":"trunk"},"geometry":{"type":"LineString","coordinates":[[8.55139,49.65921],[8.54951,49.658]]}},{"type":"Feature","properties":{"ref":"L 3261","klasse":"secondary"},"geometry":{"type":"LineString","coordinates":[[8.46635,49.69646],[8.46662,49.69644]]}},{"type":"Feature","properties":{"ref":"L 3112","klasse":"secondary"},"geometry":{"type":"LineString","coordinates":[[8.58642,49.73735],[8.58704,49.7374]]}},{"type":"Feature","properties":{"name":"Mainstraße","klasse":"residential"},"geometry":{"type":"LineString","coordinates":[[8.60078,49.73675],[8.60266,49.7373]]}},{"type":"Feature","properties":{"ref":"B 44","klasse":"primary"},"geometry":{"type":"LineString","coordinates":[[8.4542,49.68291],[8.45376,49.68209]]}},{"type":"Feature","properties":{"ref":"B 44","klasse":"primary"},"geometry":{"type":"LineString","coordinates":[[8.45506,49.65542],[8.45486,49.65534]]}},{"type":"Feature","properties":{"ref":"B 44","klasse":"primary"},"geometry":{"type":"LineString","coordinates":[[8.45486,49.65534],[8.45268,49.65467]]}},{"type":"Feature","properties":{"ref":"L 3112","klasse":"secondary"},"geometry":{"type":"LineString","coordinates":[[8.54109,49.74495],[8.54119,49.74491]]}},{"type":"Feature","properties":{"name":"Lessingstraße","klasse":"residential"},"geometry":{"type":"LineString","coordinates":[[8.4502,49.66098],[8.45247,49.6611],[8.4523,49.6615]]}},{"type":"Feature","properties":{"name":"Schillerstraße","klasse":"residential"},"geometry":{"type":"LineString","coordinates":[[8.48113,49.71918],[8.48065,49.71875],[8.47958,49.71816]]}},{"type":"Feature","properties":{"ref":"L 3112","klasse":"secondary"},"geometry":{"type":"LineString","coordinates":[[8.54119,49.74491],[8.54152,49.74476]]}},{"type":"Feature","properties":{"ref":"A 67","klasse":"motorway"},"geometry":{"type":"LineString","coordinates":[[8.54448,49.71671],[8.54439,49.71704]]}},{"type":"Feature","properties":{"ref":"L 3345","klasse":"secondary"},"geometry":{"type":"LineString","coordinates":[[8.54789,49.70238],[8.54619,49.70312]]}},{"type":"Feature","properties":{"ref":"L 3261","klasse":"secondary"},"geometry":{"type":"LineString","coordinates":[[8.54743,49.71459],[8.54733,49.71452]]}},{"type":"Feature","properties":{"ref":"L 3261","klasse":"secondary"},"geometry":{"type":"LineString","coordinates":[[8.54733,49.71452],[8.54722,49.71444]]}},{"type":"Feature","properties":{"ref":"L 3261","name":"Marktstraße","klasse":"secondary"},"geometry":{"type":"LineString","coordinates":[[8.572,49.73548],[8.57442,49.73482]]}},{"type":"Feature","properties":{"name":"Rheinstraße","klasse":"residential"},"geometry":{"type":"LineString","coordinates":[[8.61369,49.72821],[8.61173,49.72847],[8.6109,49.72821]]}},{"type":"Feature","properties":{"name":"Annastraße","klasse":"residential"},"geometry":{"type":"LineString","coordinates":[[8.61162,49.72723],[8.6118,49.72733],[8.61179,49.72807],[8.61136,49.72991]]}},{"type":"Feature","properties":{"ref":"L 3112","klasse":"secondary"},"geometry":{"type":"LineString","coordinates":[[8.60631,49.73982],[8.60659,49.73979]]}},{"type":"Feature","properties":{"ref":"L 3112","klasse":"secondary"},"geometry":{"type":"LineString","coordinates":[[8.60659,49.73979],[8.60678,49.73977]]}},{"type":"Feature","properties":{"name":"Am Bahnhof","klasse":"residential"},"geometry":{"type":"LineString","coordinates":[[8.60725,49.73873],[8.60899,49.73879]]}},{"type":"Feature","properties":{"name":"Auf der Bach","klasse":"residential"},"geometry":{"type":"LineString","coordinates":[[8.61375,49.73763],[8.61401,49.73866]]}},{"type":"Feature","properties":{"name":"Grenzweg","klasse":"residential"},"geometry":{"type":"LineString","coordinates":[[8.61526,49.73272],[8.61207,49.7333]]}},{"type":"Feature","properties":{"name":"Zwingenberger Straße","klasse":"residential"},"geometry":{"type":"LineString","coordinates":[[8.58361,49.72083],[8.58346,49.72092]]}},{"type":"Feature","properties":{"name":"Wiesenpromenade","klasse":"residential"},"geometry":{"type":"LineString","coordinates":[[8.6126,49.72316],[8.61003,49.72324]]}},{"type":"Feature","properties":{"name":"Gutenbergstraße","klasse":"residential"},"geometry":{"type":"LineString","coordinates":[[8.47993,49.72014],[8.48057,49.71955]]}},{"type":"Feature","properties":{"name":"Rheinstraße","klasse":"residential"},"geometry":{"type":"LineString","coordinates":[[8.48246,49.72046],[8.48247,49.72034],[8.4821,49.72014]]}},{"type":"Feature","properties":{"name":"Erlenstraße","klasse":"residential"},"geometry":{"type":"LineString","coordinates":[[8.48155,49.72003],[8.48049,49.72085]]}},{"type":"Feature","properties":{"name":"Briebelgasse","klasse":"residential"},"geometry":{"type":"LineString","coordinates":[[8.45127,49.64191],[8.45178,49.64225],[8.45257,49.6424],[8.45283,49.64267]]}},{"type":"Feature","properties":{"name":"Bahnhofstraße","klasse":"unclassified"},"geometry":{"type":"LineString","coordinates":[[8.61418,49.74077],[8.61417,49.74097]]}},{"type":"Feature","properties":{"name":"Friedrichstraße","klasse":"residential"},"geometry":{"type":"LineString","coordinates":[[8.61405,49.72956],[8.61136,49.72991]]}},{"type":"Feature","properties":{"name":"Heinrichstraße","klasse":"residential"},"geometry":{"type":"LineString","coordinates":[[8.6093,49.73194],[8.61095,49.73194],[8.61148,49.73186]]}},{"type":"Feature","properties":{"name":"Heinrichstraße","klasse":"residential"},"geometry":{"type":"LineString","coordinates":[[8.61024,49.73253],[8.61021,49.72996]]}},{"type":"Feature","properties":{"name":"Hans-Gärtner-Weg","klasse":"residential"},"geometry":{"type":"LineString","coordinates":[[8.61439,49.72748],[8.61486,49.72849],[8.61488,49.72878],[8.61475,49.72904]]}},{"type":"Feature","properties":{"name":"In den Bruchgärten","klasse":"residential"},"geometry":{"type":"LineString","coordinates":[[8.61132,49.7277],[8.60939,49.72719]]}},{"type":"Feature","properties":{"name":"Fissanweg","klasse":"residential"},"geometry":{"type":"LineString","coordinates":[[8.60992,49.72731],[8.61063,49.72644]]}},{"type":"Feature","properties":{"name":"Diefenbachstraße","klasse":"living_street"},"geometry":{"type":"LineString","coordinates":[[8.60949,49.72621],[8.60942,49.72636],[8.60902,49.72662],[8.60879,49.72817],[8.60975,49.72825]]}},{"type":"Feature","properties":{"name":"Bahnhofstraße","klasse":"residential"},"geometry":{"type":"LineString","coordinates":[[8.61229,49.72488],[8.61042,49.72508]]}},{"type":"Feature","properties":{"name":"Bahnhofstraße","klasse":"residential"},"geometry":{"type":"LineString","coordinates":[[8.61042,49.72508],[8.60927,49.72508]]}},{"type":"Feature","properties":{"name":"Melibokusstraße","klasse":"residential"},"geometry":{"type":"LineString","coordinates":[[8.60993,49.72407],[8.61003,49.72324]]}},{"type":"Feature","properties":{"name":"Scheuergasse","klasse":"living_street"},"geometry":{"type":"LineString","coordinates":[[8.61214,49.72405],[8.60993,49.72407]]}},{"type":"Feature","properties":{"name":"Scheuergasse","klasse":"pedestrian"},"geometry":{"type":"LineString","coordinates":[[8.61239,49.72405],[8.6122,49.72405]]}},{"type":"Feature","properties":{"name":"Wiesenstraße","klasse":"residential"},"geometry":{"type":"LineString","coordinates":[[8.61023,49.72045],[8.61167,49.72058],[8.61267,49.72079],[8.61367,49.72084]]}},{"type":"Feature","properties":{"name":"Obertor","klasse":"residential"},"geometry":{"type":"LineString","coordinates":[[8.61367,49.72084],[8.61383,49.7209],[8.61422,49.72153]]}},{"type":"Feature","properties":{"name":"Untergasse","klasse":"residential"},"geometry":{"type":"LineString","coordinates":[[8.61319,49.72415],[8.61312,49.72387]]}},{"type":"Feature","properties":{"name":"Am Großen Berg","klasse":"living_street"},"geometry":{"type":"LineString","coordinates":[[8.61476,49.72263],[8.61449,49.72261],[8.61406,49.72323]]}},{"type":"Feature","properties":{"name":"Obergasse","klasse":"living_street"},"geometry":{"type":"LineString","coordinates":[[8.61401,49.72273],[8.61383,49.72318]]}},{"type":"Feature","properties":{"name":"Darmstädter Straße","klasse":"residential"},"geometry":{"type":"LineString","coordinates":[[8.60976,49.72982],[8.60889,49.73091]]}},{"type":"Feature","properties":{"name":"An der Dornhecke","klasse":"residential"},"geometry":{"type":"LineString","coordinates":[[8.61375,49.73763],[8.61288,49.73765]]}},{"type":"Feature","properties":{"name":"Platanenallee","klasse":"tertiary"},"geometry":{"type":"LineString","coordinates":[[8.60168,49.72264],[8.60155,49.7232]]}},{"type":"Feature","properties":{"name":"Am Alten Neckarbett","klasse":"living_street"},"geometry":{"type":"LineString","coordinates":[[8.57954,49.73667],[8.57889,49.73614],[8.5783,49.73611],[8.57804,49.73588],[8.57709,49.73579],[8.57709,49.73563],[8.57738,49.73552],[8.57739,49.73543],[8.57697,49.73502],[8.57686,49.73497],[8.57623,49.73521]]}},{"type":"Feature","properties":{"name":"Am Alten Neckarbett","klasse":"residential"},"geometry":{"type":"LineString","coordinates":[[8.57963,49.73675],[8.57954,49.73667]]}},{"type":"Feature","properties":{"ref":"L 3112","name":"Alsbacher Straße","klasse":"secondary"},"geometry":{"type":"LineString","coordinates":[[8.57926,49.7369],[8.57939,49.73691]]}},{"type":"Feature","properties":{"ref":"L 3112","name":"Alsbacher Straße","klasse":"secondary"},"geometry":{"type":"LineString","coordinates":[[8.57939,49.73691],[8.57969,49.73691]]}},{"type":"Feature","properties":{"name":"In der Pfarrtanne","klasse":"residential"},"geometry":{"type":"LineString","coordinates":[[8.6075,49.74353],[8.60881,49.74362]]}},{"type":"Feature","properties":{"name":"In der Pfarrtanne","klasse":"residential"},"geometry":{"type":"LineString","coordinates":[[8.60747,49.74248],[8.6075,49.74353]]}},{"type":"Feature","properties":{"name":"In der Pfarrtanne","klasse":"residential"},"geometry":{"type":"LineString","coordinates":[[8.60916,49.74253],[8.60747,49.74248]]}},{"type":"Feature","properties":{"name":"Arresthausgasse","klasse":"living_street"},"geometry":{"type":"LineString","coordinates":[[8.61422,49.72153],[8.61329,49.72133]]}},{"type":"Feature","properties":{"name":"Hohl","klasse":"residential"},"geometry":{"type":"LineString","coordinates":[[8.61536,49.71958],[8.61539,49.72105],[8.61524,49.72182],[8.61497,49.7219],[8.61443,49.72171]]}},{"type":"Feature","properties":{"name":"Passwiese","klasse":"residential"},"geometry":{"type":"LineString","coordinates":[[8.61274,49.72174],[8.61179,49.72149]]}},{"type":"Feature","properties":{"ref":"B 44","klasse":"primary"},"geometry":{"type":"LineString","coordinates":[[8.45162,49.65425],[8.45131,49.65406]]}},{"type":"Feature","properties":{"ref":"L 3411","klasse":"secondary"},"geometry":{"type":"LineString","coordinates":[[8.45091,49.65371],[8.45044,49.6541]]}},{"type":"Feature","properties":{"ref":"L 3411","klasse":"secondary"},"geometry":{"type":"LineString","coordinates":[[8.45112,49.6555],[8.45093,49.65588]]}},{"type":"Feature","properties":{"name":"Mannheimer Straße","klasse":"secondary"},"geometry":{"type":"LineString","coordinates":[[8.44944,49.66133],[8.44942,49.66181],[8.44932,49.66193]]}},{"type":"Feature","properties":{"ref":"B 44","klasse":"primary"},"geometry":{"type":"LineString","coordinates":[[8.45268,49.65467],[8.45189,49.65438]]}},{"type":"Feature","properties":{"ref":"A 5","klasse":"motorway"},"geometry":{"type":"LineString","coordinates":[[8.60215,49.6678],[8.60308,49.66623]]}},{"type":"Feature","properties":{"ref":"B 47","name":"Wormser Straße","klasse":"primary"},"geometry":{"type":"LineString","coordinates":[[8.61457,49.67702],[8.61421,49.67684]]}},{"type":"Feature","properties":{"ref":"B 47","name":"Wormser Straße","klasse":"primary"},"geometry":{"type":"LineString","coordinates":[[8.61231,49.67609],[8.61158,49.6759]]}},{"type":"Feature","properties":{"name":"Tannbergstraße","klasse":"residential"},"geometry":{"type":"LineString","coordinates":[[8.60964,49.67891],[8.61012,49.67819]]}},{"type":"Feature","properties":{"name":"Tannbergstraße","klasse":"residential"},"geometry":{"type":"LineString","coordinates":[[8.61012,49.67819],[8.61136,49.67627]]}},{"type":"Feature","properties":{"ref":"A 5","klasse":"motorway"},"geometry":{"type":"LineString","coordinates":[[8.60926,49.64309],[8.60926,49.64303]]}},{"type":"Feature","properties":{"ref":"B 47","klasse":"trunk"},"geometry":{"type":"LineString","coordinates":[[8.55764,49.66186],[8.55797,49.66196]]}},{"type":"Feature","properties":{"ref":"B 47","klasse":"trunk"},"geometry":{"type":"LineString","coordinates":[[8.55797,49.66196],[8.55913,49.66231]]}},{"type":"Feature","properties":{"ref":"B 47","klasse":"trunk"},"geometry":{"type":"LineString","coordinates":[[8.55799,49.66207],[8.55766,49.66197]]}},{"type":"Feature","properties":{"ref":"B 47","klasse":"trunk"},"geometry":{"type":"LineString","coordinates":[[8.55766,49.66197],[8.55609,49.66143]]}},{"type":"Feature","properties":{"name":"Einhäuser Landstraße","klasse":"tertiary"},"geometry":{"type":"LineString","coordinates":[[8.5577,49.66167],[8.55757,49.66118],[8.5576,49.66041]]}},{"type":"Feature","properties":{"name":"Peter-Krenkel-Straße","klasse":"living_street"},"geometry":{"type":"LineString","coordinates":[[8.6109,49.6903],[8.61028,49.68978],[8.60978,49.68897],[8.60949,49.68905]]}},{"type":"Feature","properties":{"name":"Anton-Bayer-Straße","klasse":"living_street"},"geometry":{"type":"LineString","coordinates":[[8.60978,49.68897],[8.61051,49.68878],[8.61067,49.6889],[8.61139,49.68887]]}},{"type":"Feature","properties":{"name":"Gertrud-Eysoldt-Straße","klasse":"living_street"},"geometry":{"type":"LineString","coordinates":[[8.61213,49.6878],[8.61291,49.68814],[8.61307,49.688],[8.61362,49.68813],[8.61374,49.68829],[8.61423,49.68845]]}},{"type":"Feature","properties":{"name":"Else-Jawanske-Straße","klasse":"living_street"},"geometry":{"type":"LineString","coordinates":[[8.61291,49.68814],[8.61292,49.68826],[8.61263,49.68851],[8.61359,49.68898]]}},{"type":"Feature","properties":{"name":"Max-Reinhardt-Straße","klasse":"living_street"},"geometry":{"type":"LineString","coordinates":[[8.61322,49.68935],[8.61498,49.68778],[8.61556,49.68759]]}},{"type":"Feature","properties":{"name":"Therese-Giehse-Straße","klasse":"living_street"},"geometry":{"type":"LineString","coordinates":[[8.61272,49.68964],[8.61223,49.69022]]}},{"type":"Feature","properties":{"name":"Philipp-Zimmermann-Straße","klasse":"living_street"},"geometry":{"type":"LineString","coordinates":[[8.6098,49.69097],[8.61017,49.69124],[8.61024,49.69148]]}},{"type":"Feature","properties":{"name":"Else-Lasker-Schüler-Straße","klasse":"living_street"},"geometry":{"type":"LineString","coordinates":[[8.61036,49.69063],[8.61092,49.69107],[8.61105,49.69156],[8.61143,49.6917]]}},{"type":"Feature","properties":{"name":"Franz-Kafka-Straße","klasse":"living_street"},"geometry":{"type":"LineString","coordinates":[[8.61096,49.69113],[8.61145,49.69107],[8.61185,49.69091],[8.61248,49.69031]]}},{"type":"Feature","properties":{"name":"Anna-Seghers-Weg","klasse":"living_street"},"geometry":{"type":"LineString","coordinates":[[8.61158,49.69103],[8.61195,49.69136]]}},{"type":"Feature","properties":{"name":"Ricarda-Huch-Weg","klasse":"living_street"},"geometry":{"type":"LineString","coordinates":[[8.61204,49.69077],[8.61268,49.69099]]}},{"type":"Feature","properties":{"name":"Anne-Frank-Weg","klasse":"living_street"},"geometry":{"type":"LineString","coordinates":[[8.61174,49.69097],[8.61149,49.69076],[8.61148,49.69062]]}},{"type":"Feature","properties":{"name":"Heinz-Eiff-Straße","klasse":"living_street"},"geometry":{"type":"LineString","coordinates":[[8.61015,49.68956],[8.61053,49.68947],[8.61143,49.68948]]}},{"type":"Feature","properties":{"name":"Leo-Grewenig-Straße","klasse":"living_street"},"geometry":{"type":"LineString","coordinates":[[8.61245,49.68906],[8.61225,49.6893]]}},{"type":"Feature","properties":{"name":"Wilhelm-Ringelband-Weg","klasse":"living_street"},"geometry":{"type":"LineString","coordinates":[[8.61269,49.68725],[8.61362,49.68759],[8.61381,49.68757],[8.61388,49.68747]]}},{"type":"Feature","properties":{"name":"Schwester-Jovita-Straße","klasse":"living_street"},"geometry":{"type":"LineString","coordinates":[[8.61226,49.68766],[8.61166,49.68738],[8.61139,49.68745],[8.61079,49.688],[8.61158,49.68834]]}},{"type":"Feature","properties":{"name":"Schwester-Jovita-Straße","klasse":"living_street"},"geometry":{"type":"LineString","coordinates":[[8.61093,49.68787],[8.61055,49.68767]]}},{"type":"Feature","properties":{"name":"Schwester-Jovita-Straße","klasse":"living_street"},"geometry":{"type":"LineString","coordinates":[[8.61079,49.688],[8.61061,49.68817],[8.60913,49.68853]]}},{"type":"Feature","properties":{"name":"Therese-Giehse-Straße","klasse":"living_street"},"geometry":{"type":"LineString","coordinates":[[8.61255,49.68987],[8.61334,49.69016],[8.6138,49.68986],[8.61399,49.68962]]}},{"type":"Feature","properties":{"name":"Elbestraße","klasse":"residential"},"geometry":{"type":"LineString","coordinates":[[8.61453,49.67179],[8.61565,49.67203],[8.61533,49.67274]]}},{"type":"Feature","properties":{"name":"Elbestraße","klasse":"residential"},"geometry":{"type":"LineString","coordinates":[[8.61489,49.67296],[8.61402,49.67278]]}},{"type":"Feature","properties":{"name":"Heinrich-Winter-Weg","klasse":"residential"},"geometry":{"type":"LineString","coordinates":[[8.60869,49.67267],[8.6101,49.67267]]}},{"type":"Feature","properties":{"name":"Am Bildstock","klasse":"residential"},"geometry":{"type":"LineString","coordinates":[[8.60819,49.67353],[8.60882,49.67354]]}},{"type":"Feature","properties":{"name":"Am Fuchsloch","klasse":"residential"},"geometry":{"type":"LineString","coordinates":[[8.60695,49.67319],[8.60722,49.67233]]}},{"type":"Feature","properties":{"name":"Elzweg","klasse":"living_street"},"geometry":{"type":"LineString","coordinates":[[8.61402,49.67278],[8.61365,49.67271],[8.61333,49.67278],[8.61296,49.67303]]}},{"type":"Feature","properties":{"name":"Ruwerstraße","klasse":"living_street"},"geometry":{"type":"LineString","coordinates":[[8.61423,49.67237],[8.61356,49.67223],[8.61313,49.67225],[8.61285,49.67234],[8.61236,49.67271]]}},{"type":"Feature","properties":{"name":"Kälberpfad","klasse":"living_street"},"geometry":{"type":"LineString","coordinates":[[8.61285,49.67234],[8.61257,49.67204]]}},{"type":"Feature","properties":{"name":"Mümlingstraße","klasse":"living_street"},"geometry":{"type":"LineString","coordinates":[[8.61322,49.67224],[8.61352,49.67166],[8.61385,49.67132]]}},{"type":"Feature","properties":{"name":"Karl-Fuchs-Straße","klasse":"living_street"},"geometry":{"type":"LineString","coordinates":[[8.61383,49.68617],[8.61375,49.6867]]}},{"type":"Feature","properties":{"name":"In der Dieterswiese","klasse":"residential"},"geometry":{"type":"LineString","coordinates":[[8.55475,49.65616],[8.55602,49.65296]]}},{"type":"Feature","properties":{"name":"Friedhofstraße","klasse":"residential"},"geometry":{"type":"LineString","coordinates":[[8.61524,49.72711],[8.61403,49.72761],[8.61345,49.72772]]}},{"type":"Feature","properties":{"name":"Gartenfeld","klasse":"residential"},"geometry":{"type":"LineString","coordinates":[[8.60888,49.72509],[8.60892,49.72505]]}},{"type":"Feature","properties":{"name":"Rodauer Straße","klasse":"residential"},"geometry":{"type":"LineString","coordinates":[[8.6017,49.72363],[8.60232,49.72385]]}},{"type":"Feature","properties":{"name":"Auf dem Berg","klasse":"living_street"},"geometry":{"type":"LineString","coordinates":[[8.61459,49.72356],[8.61457,49.72298],[8.61476,49.72263]]}},{"type":"Feature","properties":{"name":"Gießer Weg","klasse":"residential"},"geometry":{"type":"LineString","coordinates":[[8.6094,49.72217],[8.60835,49.72238],[8.60298,49.72305]]}},{"type":"Feature","properties":{"name":"Am Krummgewann","klasse":"living_street"},"geometry":{"type":"LineString","coordinates":[[8.6029,49.67623],[8.60207,49.67605]]}},{"type":"Feature","properties":{"name":"Am Krummgewann","klasse":"living_street"},"geometry":{"type":"LineString","coordinates":[[8.60192,49.67626],[8.60223,49.67579]]}},{"type":"Feature","properties":{"name":"Am Krummgewann","klasse":"living_street"},"geometry":{"type":"LineString","coordinates":[[8.602,49.67614],[8.60122,49.67592]]}},{"type":"Feature","properties":{"name":"Am Krummgewann","klasse":"living_street"},"geometry":{"type":"LineString","coordinates":[[8.60111,49.67608],[8.60144,49.67557]]}},{"type":"Feature","properties":{"name":"Am Krummgewann","klasse":"living_street"},"geometry":{"type":"LineString","coordinates":[[8.60127,49.67584],[8.60073,49.67569]]}},{"type":"Feature","properties":{"name":"Am Krummgewann","klasse":"living_street"},"geometry":{"type":"LineString","coordinates":[[8.60069,49.67597],[8.60078,49.67539]]}},{"type":"Feature","properties":{"name":"Marktplatz","klasse":"living_street"},"geometry":{"type":"LineString","coordinates":[[8.61362,49.72231],[8.61415,49.72241],[8.61401,49.72273]]}},{"type":"Feature","properties":{"ref":"K 67","klasse":"tertiary"},"geometry":{"type":"LineString","coordinates":[[8.608,49.71885],[8.60631,49.7192],[8.60496,49.71961],[8.60445,49.71967]]}},{"type":"Feature","properties":{"name":"Im Lucken","klasse":"residential"},"geometry":{"type":"LineString","coordinates":[[8.61359,49.71722],[8.61653,49.71725]]}},{"type":"Feature","properties":{"name":"Europa-Allee","klasse":"unclassified"},"geometry":{"type":"LineString","coordinates":[[8.60756,49.68772],[8.60722,49.68785]]}},{"type":"Feature","properties":{"name":"Eifelstraße","klasse":"residential"},"geometry":{"type":"LineString","coordinates":[[8.61245,49.64468],[8.61265,49.64513]]}},{"type":"Feature","properties":{"name":"Wiesenpromenade West","klasse":"residential"},"geometry":{"type":"LineString","coordinates":[[8.60922,49.72319],[8.60806,49.72316]]}},{"type":"Feature","properties":{"name":"Am Sportplatz","klasse":"residential"},"geometry":{"type":"LineString","coordinates":[[8.60867,49.72182],[8.6078,49.72159],[8.60816,49.71995],[8.60903,49.71984]]}},{"type":"Feature","properties":{"name":"An den Stadtwiesen","klasse":"residential"},"geometry":{"type":"LineString","coordinates":[[8.57174,49.69562],[8.57319,49.69696],[8.57329,49.69698],[8.57411,49.69649],[8.57449,49.69561],[8.57575,49.6949],[8.57522,49.69441]]}},{"type":"Feature","properties":{"name":"Weidenstraße","klasse":"residential"},"geometry":{"type":"LineString","coordinates":[[8.60944,49.72092],[8.60806,49.72046]]}},{"type":"Feature","properties":{"name":"Schulstraße","klasse":"living_street"},"geometry":{"type":"LineString","coordinates":[[8.48377,49.75102],[8.48368,49.75149]]}},{"type":"Feature","properties":{"name":"Stadthausstraße","klasse":"living_street"},"geometry":{"type":"LineString","coordinates":[[8.48495,49.75052],[8.48475,49.75137]]}},{"type":"Feature","properties":{"name":"Kiefernstraße","klasse":"residential"},"geometry":{"type":"LineString","coordinates":[[8.56536,49.64335],[8.5653,49.64354]]}},{"type":"Feature","properties":{"name":"Pierrefondsstraße","klasse":"living_street"},"geometry":{"type":"LineString","coordinates":[[8.60555,49.72697],[8.60536,49.72666],[8.6052,49.72602],[8.60533,49.72504]]}},{"type":"Feature","properties":{"name":"Eckartsbergastraße","klasse":"living_street"},"geometry":{"type":"LineString","coordinates":[[8.60713,49.72546],[8.60616,49.7255]]}},{"type":"Feature","properties":{"name":"Tetburystraße","klasse":"living_street"},"geometry":{"type":"LineString","coordinates":[[8.60616,49.7255],[8.60623,49.72602],[8.60588,49.72619],[8.60526,49.72628]]}},{"type":"Feature","properties":{"name":"Langwader Straße","klasse":"residential"},"geometry":{"type":"LineString","coordinates":[[8.60433,49.7229],[8.60445,49.72343],[8.60425,49.72427]]}},{"type":"Feature","properties":{"name":"Hähnleiner Straße","klasse":"residential"},"geometry":{"type":"LineString","coordinates":[[8.60683,49.72499],[8.60728,49.72318]]}},{"type":"Feature","properties":{"name":"Fehlheimer Straße","klasse":"residential"},"geometry":{"type":"LineString","coordinates":[[8.60433,49.72394],[8.60708,49.72405]]}},{"type":"Feature","properties":{"name":"Schwanheimer Straße","klasse":"residential"},"geometry":{"type":"LineString","coordinates":[[8.60425,49.72427],[8.60697,49.72442]]}},{"type":"Feature","properties":{"name":"In der Tagweide","klasse":"residential"},"geometry":{"type":"LineString","coordinates":[[8.60473,49.72285],[8.60449,49.72197]]}},{"type":"Feature","properties":{"name":"Rudolf-Diesel-Straße","klasse":"unclassified"},"geometry":{"type":"LineString","coordinates":[[8.59196,49.67242],[8.59271,49.67153]]}},{"type":"Feature","properties":{"name":"Neuer Weg","klasse":"residential"},"geometry":{"type":"LineString","coordinates":[[8.61624,49.73027],[8.61585,49.73025],[8.61441,49.73061]]}},{"type":"Feature","properties":{"name":"Im Eck","klasse":"residential"},"geometry":{"type":"LineString","coordinates":[[8.47472,49.71729],[8.47449,49.7177]]}},{"type":"Feature","properties":{"ref":"L 3345","klasse":"secondary"},"geometry":{"type":"LineString","coordinates":[[8.57985,49.69189],[8.58086,49.6913],[8.58205,49.69046],[8.58426,49.68816],[8.58506,49.68754],[8.58604,49.68702]]}},{"type":"Feature","properties":{"name":"Untergasse","klasse":"living_street"},"geometry":{"type":"LineString","coordinates":[[8.6135,49.72266],[8.61349,49.7227]]}},{"type":"Feature","properties":{"name":"Melibokusstraße","klasse":"residential"},"geometry":{"type":"LineString","coordinates":[[8.61013,49.7221],[8.61149,49.72196]]}},{"type":"Feature","properties":{"name":"Schulstraße","klasse":"residential"},"geometry":{"type":"LineString","coordinates":[[8.61008,49.7225],[8.61036,49.72245],[8.61207,49.72265],[8.61257,49.72264]]}},{"type":"Feature","properties":{"name":"Taunusstraße","klasse":"residential"},"geometry":{"type":"LineString","coordinates":[[8.60745,49.68343],[8.60554,49.68322]]}},{"type":"Feature","properties":{"name":"Am Langen Pfad","klasse":"residential"},"geometry":{"type":"LineString","coordinates":[[8.59659,49.68304],[8.59773,49.68403]]}},{"type":"Feature","properties":{"name":"Weidenring","klasse":"residential"},"geometry":{"type":"LineString","coordinates":[[8.59884,49.68447],[8.59973,49.68684],[8.59867,49.68703]]}},{"type":"Feature","properties":{"name":"Weidenring","klasse":"residential"},"geometry":{"type":"LineString","coordinates":[[8.59545,49.6864],[8.59656,49.68584],[8.59766,49.68556]]}},{"type":"Feature","properties":{"name":"An der Hartbrücke","klasse":"residential"},"geometry":{"type":"LineString","coordinates":[[8.59564,49.68659],[8.59471,49.68731]]}},{"type":"Feature","properties":{"name":"Neuwiesenfeld","klasse":"unclassified"},"geometry":{"type":"LineString","coordinates":[[8.59647,49.68783],[8.59594,49.68808],[8.59317,49.6911]]}},{"type":"Feature","properties":{"name":"Am Schlachthof","klasse":"unclassified"},"geometry":{"type":"LineString","coordinates":[[8.59214,49.68958],[8.59405,49.69015]]}},{"type":"Feature","properties":{"name":"Lindberghstraße","klasse":"unclassified"},"geometry":{"type":"LineString","coordinates":[[8.5954,49.69067],[8.59747,49.68835]]}},{"type":"Feature","properties":{"name":"Schulzengasse","klasse":"residential"},"geometry":{"type":"LineString","coordinates":[[8.56831,49.69717],[8.56859,49.69739]]}},{"type":"Feature","properties":{"name":"Am Falltor","klasse":"residential"},"geometry":{"type":"LineString","coordinates":[[8.608,49.72857],[8.60807,49.72851],[8.60821,49.72853]]}},{"type":"Feature","properties":{"name":"In den Almen","klasse":"unclassified"},"geometry":{"type":"LineString","coordinates":[[8.60774,49.72836],[8.6058,49.72978]]}},{"type":"Feature","properties":{"name":"Brisighellastraße","klasse":"living_street"},"geometry":{"type":"LineString","coordinates":[[8.6052,49.72602],[8.60453,49.72606],[8.60419,49.72601],[8.60349,49.72573],[8.6028,49.7256],[8.60279,49.72545]]}},{"type":"Feature","properties":{"name":"Bickenbacher Weg","klasse":"living_street"},"geometry":{"type":"LineString","coordinates":[[8.60481,49.72495],[8.60427,49.72565],[8.60394,49.72592]]}},{"type":"Feature","properties":{"name":"Fritz-Snowdon-Weg","klasse":"living_street"},"geometry":{"type":"LineString","coordinates":[[8.60402,49.72462],[8.60367,49.72496],[8.60353,49.72534]]}},{"type":"Feature","properties":{"name":"Lindenweg","klasse":"residential"},"geometry":{"type":"LineString","coordinates":[[8.61022,49.72522],[8.61038,49.72546]]}},{"type":"Feature","properties":{"name":"Birkenweg","klasse":"residential"},"geometry":{"type":"LineString","coordinates":[[8.60141,49.74232],[8.60205,49.74237],[8.60359,49.74229],[8.60453,49.74236]]}},{"type":"Feature","properties":{"name":"Akazienweg","klasse":"residential"},"geometry":{"type":"LineString","coordinates":[[8.60132,49.7448],[8.60432,49.74478],[8.60436,49.74589],[8.60423,49.74596],[8.60178,49.74632]]}},{"type":"Feature","properties":{"name":"Joseph-Treffert-Straße","klasse":"living_street"},"geometry":{"type":"LineString","coordinates":[[8.60828,49.68633],[8.60987,49.68649]]}},{"type":"Feature","properties":{"name":"Rudolf-Angermeier-Straße","klasse":"living_street"},"geometry":{"type":"LineString","coordinates":[[8.60925,49.68646],[8.60916,49.68677]]}},{"type":"Feature","properties":{"name":"Aloys-van-Gries-Straße","klasse":"living_street"},"geometry":{"type":"LineString","coordinates":[[8.60911,49.68644],[8.60926,49.68597]]}},{"type":"Feature","properties":{"name":"Sandhügelstraße","klasse":"residential"},"geometry":{"type":"LineString","coordinates":[[8.57183,49.6956],[8.57165,49.69507],[8.57135,49.69481],[8.57099,49.69474],[8.57087,49.69478]]}},{"type":"Feature","properties":{"name":"Sandhügelstraße","klasse":"residential"},"geometry":{"type":"LineString","coordinates":[[8.57155,49.69499],[8.57115,49.69516]]}},{"type":"Feature","properties":{"name":"Waldblick","klasse":"living_street"},"geometry":{"type":"LineString","coordinates":[[8.57135,49.69481],[8.57192,49.69454],[8.57181,49.69443]]}},{"type":"Feature","properties":{"name":"Waldblick","klasse":"living_street"},"geometry":{"type":"LineString","coordinates":[[8.5717,49.69464],[8.57169,49.69451],[8.57188,49.69438],[8.57227,49.69421],[8.57246,49.69424],[8.57284,49.6941]]}},{"type":"Feature","properties":{"name":"Waldblick","klasse":"living_street"},"geometry":{"type":"LineString","coordinates":[[8.57246,49.69424],[8.57255,49.69433]]}},{"type":"Feature","properties":{"name":"Vogelhecke","klasse":"living_street"},"geometry":{"type":"LineString","coordinates":[[8.57399,49.69472],[8.57346,49.69465],[8.57284,49.6941]]}},{"type":"Feature","properties":{"name":"Vogelhecke","klasse":"living_street"},"geometry":{"type":"LineString","coordinates":[[8.5736,49.69468],[8.57356,49.69489],[8.57334,49.69497]]}},{"type":"Feature","properties":{"name":"Ackerrainweg","klasse":"living_street"},"geometry":{"type":"LineString","coordinates":[[8.57167,49.69514],[8.57248,49.69493],[8.57335,49.69455]]}},{"type":"Feature","properties":{"name":"Ackerrainweg","klasse":"living_street"},"geometry":{"type":"LineString","coordinates":[[8.57248,49.69493],[8.57257,49.69515]]}},{"type":"Feature","properties":{"name":"Bensheimer Weg","klasse":"living_street"},"geometry":{"type":"LineString","coordinates":[[8.57399,49.69472],[8.57424,49.69459],[8.57449,49.69412],[8.575,49.6939]]}},{"type":"Feature","properties":{"name":"Bensheimer Weg","klasse":"living_street"},"geometry":{"type":"LineString","coordinates":[[8.57487,49.69378],[8.575,49.6939]]}},{"type":"Feature","properties":{"name":"Vogelhecke","klasse":"living_street"},"geometry":{"type":"LineString","coordinates":[[8.57346,49.6938],[8.57392,49.69422],[8.57439,49.69431]]}},{"type":"Feature","properties":{"name":"Auf der Hochzeit","klasse":"residential"},"geometry":{"type":"LineString","coordinates":[[8.57012,49.69755],[8.5693,49.69795]]}},{"type":"Feature","properties":{"name":"Im Alengarten","klasse":"residential"},"geometry":{"type":"LineString","coordinates":[[8.56782,49.69755],[8.56854,49.6986]]}},{"type":"Feature","properties":{"name":"Bergblick","klasse":"residential"},"geometry":{"type":"LineString","coordinates":[[8.57386,49.69664],[8.57278,49.69567]]}},{"type":"Feature","properties":{"name":"An den Stadtwiesen","klasse":"residential"},"geometry":{"type":"LineString","coordinates":[[8.57523,49.69519],[8.57498,49.69495]]}},{"type":"Feature","properties":{"name":"An den Stadtwiesen","klasse":"residential"},"geometry":{"type":"LineString","coordinates":[[8.57463,49.69551],[8.57436,49.69527]]}},{"type":"Feature","properties":{"name":"Im Entenpfad","klasse":"residential"},"geometry":{"type":"LineString","coordinates":[[8.5743,49.69604],[8.57364,49.69552]]}},{"type":"Feature","properties":{"name":"Olmützer Straße","klasse":"residential"},"geometry":{"type":"LineString","coordinates":[[8.56756,49.70004],[8.56615,49.69904]]}},{"type":"Feature","properties":{"name":"Weyrichstraße","klasse":"residential"},"geometry":{"type":"LineString","coordinates":[[8.56488,49.69918],[8.56688,49.70044]]}},{"type":"Feature","properties":{"name":"Weyrichstraße","klasse":"residential"},"geometry":{"type":"LineString","coordinates":[[8.56859,49.69947],[8.56733,49.70017]]}},{"type":"Feature","properties":{"ref":"L 3345","name":"Rohrheimer Straße","klasse":"secondary"},"geometry":{"type":"LineString","coordinates":[[8.56488,49.69918],[8.56605,49.69846],[8.56669,49.69817]]}},{"type":"Feature","properties":{"ref":"L 3345","name":"Rohrheimer Straße","klasse":"secondary"},"geometry":{"type":"LineString","coordinates":[[8.56782,49.69755],[8.56842,49.69708]]}},{"type":"Feature","properties":{"name":"Im Alengarten","klasse":"residential"},"geometry":{"type":"LineString","coordinates":[[8.56854,49.6986],[8.56799,49.6991]]}},{"type":"Feature","properties":{"name":"Erlenweg","klasse":"unclassified"},"geometry":{"type":"LineString","coordinates":[[8.60478,49.74088],[8.60407,49.74084],[8.60241,49.74099]]}},{"type":"Feature","properties":{"name":"Kiefernweg","klasse":"unclassified"},"geometry":{"type":"LineString","coordinates":[[8.6043,49.74348],[8.60478,49.74088]]}},{"type":"Feature","properties":{"name":"Kiefernweg","klasse":"unclassified"},"geometry":{"type":"LineString","coordinates":[[8.60478,49.74088],[8.60489,49.74027]]}},{"type":"Feature","properties":{"name":"Zwingenberger Straße","klasse":"residential"},"geometry":{"type":"LineString","coordinates":[[8.582,49.72009],[8.58241,49.72001],[8.58274,49.72052],[8.58352,49.72086]]}},{"type":"Feature","properties":{"name":"Zur Holderhecke","klasse":"residential"},"geometry":{"type":"LineString","coordinates":[[8.61327,49.71303],[8.61482,49.71398],[8.6152,49.71409]]}},{"type":"Feature","properties":{"name":"Friedrichstraße","klasse":"residential"},"geometry":{"type":"LineString","coordinates":[[8.4705,49.71437],[8.47111,49.71375],[8.47234,49.71296]]}},{"type":"Feature","properties":{"name":"Jahnstraße","klasse":"residential"},"geometry":{"type":"LineString","coordinates":[[8.47109,49.71839],[8.47355,49.71903]]}},{"type":"Feature","properties":{"name":"Wilhelmstraße","klasse":"residential"},"geometry":{"type":"LineString","coordinates":[[8.47641,49.71439],[8.4792,49.71715]]}},{"type":"Feature","properties":{"name":"Katzenelnbogenweg","klasse":"residential"},"geometry":{"type":"LineString","coordinates":[[8.61096,49.7258],[8.61063,49.72644]]}},{"type":"Feature","properties":{"name":"Lilienthalstraße","klasse":"residential"},"geometry":{"type":"LineString","coordinates":[[8.59204,49.68687],[8.59126,49.68784],[8.59087,49.6879],[8.58992,49.68765],[8.58939,49.68729],[8.58929,49.68713],[8.58934,49.68691],[8.5896,49.68676],[8.59079,49.68639]]}},{"type":"Feature","properties":{"name":"Lilienthalstraße","klasse":"residential"},"geometry":{"type":"LineString","coordinates":[[8.59119,49.68787],[8.59125,49.68823],[8.59193,49.68844]]}},{"type":"Feature","properties":{"name":"Lilienthalstraße","klasse":"residential"},"geometry":{"type":"LineString","coordinates":[[8.58934,49.68691],[8.58862,49.68704]]}},{"type":"Feature","properties":{"name":"Am Falltor","klasse":"residential"},"geometry":{"type":"LineString","coordinates":[[8.57217,49.69723],[8.57244,49.69749]]}},{"type":"Feature","properties":{"name":"Mühlgrabenstraße","klasse":"residential"},"geometry":{"type":"LineString","coordinates":[[8.57147,49.70176],[8.57196,49.7014]]}},{"type":"Feature","properties":{"name":"Im Ebertswinkel","klasse":"residential"},"geometry":{"type":"LineString","coordinates":[[8.57049,49.70407],[8.5689,49.7051],[8.56819,49.70591]]}},{"type":"Feature","properties":{"name":"Am Wiesengrund","klasse":"residential"},"geometry":{"type":"LineString","coordinates":[[8.56941,49.70636],[8.56723,49.70551]]}},{"type":"Feature","properties":{"name":"In den Linkengärten","klasse":"residential"},"geometry":{"type":"LineString","coordinates":[[8.56977,49.70584],[8.56866,49.70533]]}},{"type":"Feature","properties":{"name":"Falltorstraße","klasse":"residential"},"geometry":{"type":"LineString","coordinates":[[8.57313,49.70801],[8.57119,49.70699]]}},{"type":"Feature","properties":{"ref":"A 67","klasse":"motorway"},"geometry":{"type":"LineString","coordinates":[[8.54303,49.72926],[8.54334,49.73981]]}},{"type":"Feature","properties":{"ref":"A 67","klasse":"motorway"},"geometry":{"type":"LineString","coordinates":[[8.5435,49.74592],[8.54403,49.76389],[8.54434,49.76583],[8.54496,49.76769],[8.54589,49.76952],[8.54742,49.77164],[8.56211,49.78878]]}},{"type":"Feature","properties":{"name":"Gewerbestraße","klasse":"unclassified"},"geometry":{"type":"LineString","coordinates":[[8.44995,49.69205],[8.45466,49.69524],[8.45482,49.69517]]}},{"type":"Feature","properties":{"name":"Starkenburgring","klasse":"residential"},"geometry":{"type":"LineString","coordinates":[[8.61388,49.73817],[8.61665,49.73812],[8.61671,49.73918]]}},{"type":"Feature","properties":{"name":"Starkenburgring","klasse":"residential"},"geometry":{"type":"LineString","coordinates":[[8.61669,49.73862],[8.61401,49.73866]]}},{"type":"Feature","properties":{"name":"Im Wiesengrund","klasse":"residential"},"geometry":{"type":"LineString","coordinates":[[8.57905,49.7369],[8.57904,49.73733],[8.57878,49.73759]]}},{"type":"Feature","properties":{"name":"Platanenweg","klasse":"residential"},"geometry":{"type":"LineString","coordinates":[[8.57682,49.73734],[8.57858,49.73776]]}},{"type":"Feature","properties":{"name":"Platanenweg","klasse":"residential"},"geometry":{"type":"LineString","coordinates":[[8.5785,49.73766],[8.57878,49.73759]]}},{"type":"Feature","properties":{"name":"Im Wiesengrund","klasse":"residential"},"geometry":{"type":"LineString","coordinates":[[8.57858,49.73776],[8.57752,49.73869]]}},{"type":"Feature","properties":{"name":"Ringstraße","klasse":"residential"},"geometry":{"type":"LineString","coordinates":[[8.55043,49.71919],[8.55099,49.71921]]}},{"type":"Feature","properties":{"name":"Etzwiesenstraße","klasse":"residential"},"geometry":{"type":"LineString","coordinates":[[8.55164,49.71746],[8.5512,49.71828]]}},{"type":"Feature","properties":{"name":"Am Niederwald","klasse":"residential"},"geometry":{"type":"LineString","coordinates":[[8.57415,49.70892],[8.5756,49.70856]]}},{"type":"Feature","properties":{"name":"Am Niederwald","klasse":"residential"},"geometry":{"type":"LineString","coordinates":[[8.5756,49.70856],[8.57576,49.70874],[8.57573,49.70886],[8.5752,49.70955],[8.57507,49.70958]]}},{"type":"Feature","properties":{"name":"Am Niederwald","klasse":"residential"},"geometry":{"type":"LineString","coordinates":[[8.57507,49.70958],[8.57488,49.70942],[8.57474,49.70881]]}},{"type":"Feature","properties":{"ref":"K 203","klasse":"tertiary"},"geometry":{"type":"LineString","coordinates":[[8.48853,49.74152],[8.48801,49.74148]]}},{"type":"Feature","properties":{"name":"Berliner Ring","klasse":"tertiary"},"geometry":{"type":"LineString","coordinates":[[8.6089,49.69098],[8.60737,49.68844]]}},{"type":"Feature","properties":{"name":"Berliner Ring","klasse":"tertiary"},"geometry":{"type":"LineString","coordinates":[[8.60993,49.69308],[8.60988,49.69296]]}},{"type":"Feature","properties":{"name":"Mittelstraße","klasse":"residential"},"geometry":{"type":"LineString","coordinates":[[8.58052,49.72168],[8.58019,49.72041]]}},{"type":"Feature","properties":{"name":"Im Daubhart","klasse":"residential"},"geometry":{"type":"LineString","coordinates":[[8.56462,49.66501],[8.56438,49.66492],[8.56422,49.66416],[8.56428,49.66377]]}},{"type":"Feature","properties":{"name":"Friedhofstraße","klasse":"residential"},"geometry":{"type":"LineString","coordinates":[[8.5666,49.66216],[8.56557,49.66266],[8.56478,49.66317]]}},{"type":"Feature","properties":{"name":"An der Eselsbrücke","klasse":"residential"},"geometry":{"type":"LineString","coordinates":[[8.60648,49.66981],[8.60705,49.66905]]}},{"type":"Feature","properties":{"name":"Riedstraße","klasse":"residential"},"geometry":{"type":"LineString","coordinates":[[8.47058,49.71874],[8.46927,49.71864],[8.46751,49.7184],[8.46658,49.71919],[8.4665,49.71932],[8.46671,49.71959],[8.46657,49.71966],[8.46643,49.71958],[8.4665,49.71932]]}},{"type":"Feature","properties":{"name":"Im Eck","klasse":"residential"},"geometry":{"type":"LineString","coordinates":[[8.47449,49.7177],[8.47447,49.71787],[8.47499,49.71803],[8.47467,49.71876]]}},{"type":"Feature","properties":{"name":"Die Fohlenweide","klasse":"residential"},"geometry":{"type":"LineString","coordinates":[[8.4703,49.71904],[8.47526,49.7204]]}},{"type":"Feature","properties":{"ref":"A 67","klasse":"motorway"},"geometry":{"type":"LineString","coordinates":[[8.54336,49.74093],[8.54341,49.74246]]}},{"type":"Feature","properties":{"name":"Im Niederfeld","klasse":"residential"},"geometry":{"type":"LineString","coordinates":[[8.47993,49.72014],[8.47746,49.71909],[8.47724,49.71911]]}},{"type":"Feature","properties":{"name":"Feldstraße","klasse":"residential"},"geometry":{"type":"LineString","coordinates":[[8.48014,49.71761],[8.47954,49.71705],[8.47937,49.71699]]}},{"type":"Feature","properties":{"name":"Rheinstraße","klasse":"residential"},"geometry":{"type":"LineString","coordinates":[[8.48146,49.72011],[8.48186,49.72032]]}},{"type":"Feature","properties":{"name":"Darmstädter Straße","klasse":"residential"},"geometry":{"type":"LineString","coordinates":[[8.48087,49.72061],[8.48195,49.72129]]}},{"type":"Feature","properties":{"name":"Sudetenstraße","klasse":"residential"},"geometry":{"type":"LineString","coordinates":[[8.48286,49.72081],[8.48152,49.72159]]}},{"type":"Feature","properties":{"name":"Klein-Rohrheimer Weg","klasse":"residential"},"geometry":{"type":"LineString","coordinates":[[8.482,49.7219],[8.48306,49.72135]]}},{"type":"Feature","properties":{"name":"Klein-Rohrheimer Weg","klasse":"residential"},"geometry":{"type":"LineString","coordinates":[[8.48255,49.7216],[8.48278,49.72178]]}},{"type":"Feature","properties":{"name":"Gernsheimer Straße","klasse":"residential"},"geometry":{"type":"LineString","coordinates":[[8.48152,49.72159],[8.48186,49.72189],[8.482,49.7219]]}},{"type":"Feature","properties":{"name":"Gernsheimer Straße","klasse":"residential"},"geometry":{"type":"LineString","coordinates":[[8.482,49.7219],[8.48266,49.72245]]}},{"type":"Feature","properties":{"name":"Zwischen den Bächen","klasse":"unclassified"},"geometry":{"type":"LineString","coordinates":[[8.6116,49.70531],[8.61163,49.70457]]}},{"type":"Feature","properties":{"name":"Claus-Kröncke-Straße","klasse":"residential"},"geometry":{"type":"LineString","coordinates":[[8.48091,49.71185],[8.48009,49.71219],[8.47976,49.71185]]}},{"type":"Feature","properties":{"name":"Jenaer Weg","klasse":"residential"},"geometry":{"type":"LineString","coordinates":[[8.48213,49.71195],[8.48168,49.71151]]}},{"type":"Feature","properties":{"name":"Naumburger Straße","klasse":"residential"},"geometry":{"type":"LineString","coordinates":[[8.48136,49.71116],[8.48168,49.71151]]}},{"type":"Feature","properties":{"name":"Erfurter Straße","klasse":"residential"},"geometry":{"type":"LineString","coordinates":[[8.48228,49.71123],[8.48295,49.71187]]}},{"type":"Feature","properties":{"name":"Breslauer Weg","klasse":"residential"},"geometry":{"type":"LineString","coordinates":[[8.48424,49.71193],[8.48467,49.71223]]}},{"type":"Feature","properties":{"name":"Königsberger Weg","klasse":"residential"},"geometry":{"type":"LineString","coordinates":[[8.48362,49.71225],[8.48395,49.71258]]}},{"type":"Feature","properties":{"name":"Karlsbader Weg","klasse":"residential"},"geometry":{"type":"LineString","coordinates":[[8.48287,49.71258],[8.48324,49.71293]]}},{"type":"Feature","properties":{"name":"Tilsiter Weg","klasse":"residential"},"geometry":{"type":"LineString","coordinates":[[8.48289,49.71257],[8.48255,49.71225]]}},{"type":"Feature","properties":{"name":"Lindberghstraße","klasse":"unclassified"},"geometry":{"type":"LineString","coordinates":[[8.59405,49.69015],[8.59579,49.69081],[8.59595,49.69078],[8.5962,49.6905]]}},{"type":"Feature","properties":{"ref":"L 3345","name":"Schwanheimer Straße","klasse":"secondary"},"geometry":{"type":"LineString","coordinates":[[8.59019,49.68566],[8.59076,49.68551]]}},{"type":"Feature","properties":{"name":"Karl-Fuchs-Straße","klasse":"living_street"},"geometry":{"type":"LineString","coordinates":[[8.61397,49.68619],[8.61432,49.6862]]}},{"type":"Feature","properties":{"name":"Gernsheimer Straße","klasse":"unclassified"},"geometry":{"type":"LineString","coordinates":[[8.60134,49.72465],[8.59954,49.72456],[8.59894,49.72445],[8.59737,49.72393]]}},{"type":"Feature","properties":{"name":"SurTec-Straße","klasse":"unclassified"},"geometry":{"type":"LineString","coordinates":[[8.60964,49.72977],[8.60958,49.72974]]}},{"type":"Feature","properties":{"ref":"B 3","name":"Pass","klasse":"primary"},"geometry":{"type":"LineString","coordinates":[[8.61241,49.72425],[8.6124,49.72385],[8.61261,49.72307],[8.61257,49.72264]]}},{"type":"Feature","properties":{"ref":"B 3","name":"Heidelberger Straße","klasse":"primary"},"geometry":{"type":"LineString","coordinates":[[8.61351,49.71969],[8.61319,49.71863]]}},{"type":"Feature","properties":{"name":"Beginenstraße","klasse":"residential"},"geometry":{"type":"LineString","coordinates":[[8.61139,49.68887],[8.61144,49.68849],[8.61286,49.68709],[8.61291,49.68669]]}},{"type":"Feature","properties":{"name":"Am Bienenpfad","klasse":"residential"},"geometry":{"type":"LineString","coordinates":[[8.47681,49.71199],[8.47643,49.71124],[8.47738,49.71111]]}},{"type":"Feature","properties":{"name":"Passwiese","klasse":"living_street"},"geometry":{"type":"LineString","coordinates":[[8.61179,49.72149],[8.61155,49.72137],[8.61017,49.72124]]}},{"type":"Feature","properties":{"name":"Philipp-Münster-Straße","klasse":"residential"},"geometry":{"type":"LineString","coordinates":[[8.5511,49.72035],[8.5528,49.72062]]}},{"type":"Feature","properties":{"name":"Ringstraße","klasse":"residential"},"geometry":{"type":"LineString","coordinates":[[8.55099,49.71921],[8.55253,49.71946],[8.55282,49.71968],[8.55273,49.7199],[8.55247,49.72002],[8.55097,49.71981]]}},{"type":"Feature","properties":{"name":"Neckarstraße","klasse":"residential"},"geometry":{"type":"LineString","coordinates":[[8.56544,49.6512],[8.56582,49.65152],[8.56622,49.65168]]}},{"type":"Feature","properties":{"name":"Heppenheimer Straße","klasse":"residential"},"geometry":{"type":"LineString","coordinates":[[8.57338,49.65137],[8.57373,49.65078]]}},{"type":"Feature","properties":{"name":"Friedensstraße","klasse":"residential"},"geometry":{"type":"LineString","coordinates":[[8.57087,49.64815],[8.5724,49.64851],[8.57464,49.6492]]}},{"type":"Feature","properties":{"name":"Rosmarinweg","klasse":"living_street"},"geometry":{"type":"LineString","coordinates":[[8.57503,49.64994],[8.5745,49.64989]]}},{"type":"Feature","properties":{"name":"Oleanderstraße","klasse":"living_street"},"geometry":{"type":"LineString","coordinates":[[8.57373,49.65145],[8.57427,49.65054]]}},{"type":"Feature","properties":{"name":"Malvenweg","klasse":"living_street"},"geometry":{"type":"LineString","coordinates":[[8.57505,49.64967],[8.57499,49.65035]]}},{"type":"Feature","properties":{"name":"Lavendelweg","klasse":"living_street"},"geometry":{"type":"LineString","coordinates":[[8.57488,49.65094],[8.5749,49.65143]]}},{"type":"Feature","properties":{"name":"Pinienweg","klasse":"living_street"},"geometry":{"type":"LineString","coordinates":[[8.57492,49.6512],[8.57402,49.65098]]}},{"type":"Feature","properties":{"name":"Salbeiweg","klasse":"living_street"},"geometry":{"type":"LineString","coordinates":[[8.5749,49.65143],[8.57389,49.6512]]}},{"type":"Feature","properties":{"name":"Thymianplatz","klasse":"living_street"},"geometry":{"type":"LineString","coordinates":[[8.57506,49.64963],[8.57507,49.6495],[8.57491,49.64947],[8.57484,49.6496],[8.57506,49.64963]]}},{"type":"Feature","properties":{"name":"Obertor","klasse":"living_street"},"geometry":{"type":"LineString","coordinates":[[8.61443,49.72171],[8.61415,49.72241]]}},{"type":"Feature","properties":{"ref":"L 3111","klasse":"secondary"},"geometry":{"type":"LineString","coordinates":[[8.583,49.6524],[8.58272,49.6523]]}},{"type":"Feature","properties":{"ref":"L 3111","klasse":"secondary"},"geometry":{"type":"LineString","coordinates":[[8.58272,49.6523],[8.58261,49.65227]]}},{"type":"Feature","properties":{"name":"Nibelungenstraße","klasse":"pedestrian"},"geometry":{"type":"LineString","coordinates":[[8.56946,49.65425],[8.5708,49.65458]]}},{"type":"Feature","properties":{"name":"Marktplatz","klasse":"residential"},"geometry":{"type":"LineString","coordinates":[[8.56766,49.65385],[8.5674,49.65393]]}},{"type":"Feature","properties":{"name":"Nibelungenstraße","klasse":"tertiary"},"geometry":{"type":"LineString","coordinates":[[8.47242,49.64511],[8.4776,49.64561]]}},{"type":"Feature","properties":{"name":"Darmstädter Straße","klasse":"tertiary"},"geometry":{"type":"LineString","coordinates":[[8.4542,49.68695],[8.45297,49.68635],[8.45293,49.6862],[8.4532,49.68564],[8.45249,49.68511],[8.45228,49.68483]]}},{"type":"Feature","properties":{"name":"Heinrichstraße","klasse":"residential"},"geometry":{"type":"LineString","coordinates":[[8.45088,49.68854],[8.45063,49.68854],[8.44997,49.68807]]}},{"type":"Feature","properties":{"name":"Lindenstraße","klasse":"residential"},"geometry":{"type":"LineString","coordinates":[[8.4511,49.68869],[8.45112,49.68879],[8.45194,49.68936]]}},{"type":"Feature","properties":{"name":"Fischerstraße","klasse":"residential"},"geometry":{"type":"LineString","coordinates":[[8.45334,49.68367],[8.45389,49.68329]]}},{"type":"Feature","properties":{"name":"Elsbeerweg","klasse":"residential"},"geometry":{"type":"LineString","coordinates":[[8.57155,49.7095],[8.57289,49.70824]]}},{"type":"Feature","properties":{"ref":"B 460","klasse":"primary"},"geometry":{"type":"LineString","coordinates":[[8.60315,49.64844],[8.60584,49.64781]]}},{"type":"Feature","properties":{"name":"Spießgasse","klasse":"residential"},"geometry":{"type":"LineString","coordinates":[[8.56545,49.73992],[8.56689,49.73982]]}},{"type":"Feature","properties":{"name":"Am Werrtor","klasse":"residential"},"geometry":{"type":"LineString","coordinates":[[8.45571,49.68365],[8.46045,49.68483],[8.4612,49.68334]]}},{"type":"Feature","properties":{"name":"Hochschildstraße","klasse":"residential"},"geometry":{"type":"LineString","coordinates":[[8.45305,49.68394],[8.45217,49.68348]]}},{"type":"Feature","properties":{"name":"Pfadgasse","klasse":"residential"},"geometry":{"type":"LineString","coordinates":[[8.45645,49.68555],[8.45708,49.6851]]}},{"type":"Feature","properties":{"name":"Bei den Anstreichern","klasse":"residential"},"geometry":{"type":"LineString","coordinates":[[8.45112,49.68088],[8.45084,49.68135]]}},{"type":"Feature","properties":{"name":"Lessingstraße","klasse":"residential"},"geometry":{"type":"LineString","coordinates":[[8.4593,49.69479],[8.45902,49.69459],[8.45817,49.69447],[8.45764,49.6943],[8.45694,49.69396],[8.45542,49.69239]]}},{"type":"Feature","properties":{"name":"Schumannstraße","klasse":"residential"},"geometry":{"type":"LineString","coordinates":[[8.46054,49.69567],[8.4593,49.69479]]}},{"type":"Feature","properties":{"name":"Am Rübgarten","klasse":"unclassified"},"geometry":{"type":"LineString","coordinates":[[8.45134,49.68999],[8.4499,49.68898]]}},{"type":"Feature","properties":{"name":"Gewerbestraße","klasse":"unclassified"},"geometry":{"type":"LineString","coordinates":[[8.45147,49.69308],[8.45028,49.69357]]}},{"type":"Feature","properties":{"name":"Odenwaldallee","klasse":"unclassified"},"geometry":{"type":"LineString","coordinates":[[8.57792,49.65323],[8.57817,49.65297],[8.57851,49.65201],[8.57886,49.65144]]}},{"type":"Feature","properties":{"name":"Johanna-Tesch-Straße","klasse":"residential"},"geometry":{"type":"LineString","coordinates":[[8.57216,49.73835],[8.57142,49.73824],[8.5713,49.73856]]}},{"type":"Feature","properties":{"name":"Johanna-Tesch-Straße","klasse":"residential"},"geometry":{"type":"LineString","coordinates":[[8.57146,49.73767],[8.57136,49.73803],[8.57142,49.73824]]}},{"type":"Feature","properties":{"name":"Almenstraße","klasse":"residential"},"geometry":{"type":"LineString","coordinates":[[8.54837,49.67521],[8.55069,49.67485]]}},{"type":"Feature","properties":{"name":"Brückweg","klasse":"unclassified"},"geometry":{"type":"LineString","coordinates":[[8.60911,49.70649],[8.6041,49.70602]]}},{"type":"Feature","properties":{"name":"Am Falltor","klasse":"residential"},"geometry":{"type":"LineString","coordinates":[[8.60818,49.72873],[8.608,49.72857]]}},{"type":"Feature","properties":{"name":"Gänsau","klasse":"residential"},"geometry":{"type":"LineString","coordinates":[[8.45182,49.68237],[8.45207,49.6821],[8.45359,49.68237],[8.45373,49.68274],[8.45319,49.68272]]}},{"type":"Feature","properties":{"name":"Bürstädter Straße","klasse":"tertiary"},"geometry":{"type":"LineString","coordinates":[[8.4514,49.68221],[8.45094,49.68271]]}},{"type":"Feature","properties":{"name":"Bürstädter Straße","klasse":"tertiary"},"geometry":{"type":"LineString","coordinates":[[8.45288,49.67983],[8.45247,49.68041]]}},{"type":"Feature","properties":{"ref":"L 3261","name":"Jägersburger Straße","klasse":"secondary"},"geometry":{"type":"LineString","coordinates":[[8.54831,49.71682],[8.54977,49.7173],[8.55013,49.71756]]}},{"type":"Feature","properties":{"ref":"K 67","name":"Rodauer Straße","klasse":"tertiary"},"geometry":{"type":"LineString","coordinates":[[8.57326,49.70697],[8.57361,49.70762]]}},{"type":"Feature","properties":{"ref":"K 67","name":"Rodauer Straße","klasse":"tertiary"},"geometry":{"type":"LineString","coordinates":[[8.57361,49.70762],[8.57415,49.70892]]}},{"type":"Feature","properties":{"name":"Falltorstraße","klasse":"residential"},"geometry":{"type":"LineString","coordinates":[[8.57313,49.70801],[8.57351,49.70769]]}},{"type":"Feature","properties":{"name":"Waldstraße","klasse":"residential"},"geometry":{"type":"LineString","coordinates":[[8.57119,49.70699],[8.57094,49.70736]]}},{"type":"Feature","properties":{"name":"Falltorstraße","klasse":"residential"},"geometry":{"type":"LineString","coordinates":[[8.57033,49.70661],[8.57021,49.70655],[8.57021,49.70642],[8.57078,49.70566]]}},{"type":"Feature","properties":{"name":"Falltorstraße","klasse":"residential"},"geometry":{"type":"LineString","coordinates":[[8.57119,49.70699],[8.57033,49.70661]]}},{"type":"Feature","properties":{"name":"Zwischen den Bächen","klasse":"residential"},"geometry":{"type":"LineString","coordinates":[[8.61163,49.70457],[8.6095,49.70472]]}},{"type":"Feature","properties":{"name":"Lahnstraße","klasse":"residential"},"geometry":{"type":"LineString","coordinates":[[8.61265,49.7023],[8.61355,49.69859],[8.614,49.69622]]}},{"type":"Feature","properties":{"name":"Spießgasse","klasse":"residential"},"geometry":{"type":"LineString","coordinates":[[8.56689,49.73982],[8.56869,49.7397]]}},{"type":"Feature","properties":{"name":"Odenwaldallee","klasse":"unclassified"},"geometry":{"type":"LineString","coordinates":[[8.57704,49.65368],[8.57792,49.65323]]}},{"type":"Feature","properties":{"name":"An der Glockenwiese","klasse":"living_street"},"geometry":{"type":"LineString","coordinates":[[8.57677,49.65338],[8.57735,49.65312],[8.5777,49.65283],[8.57788,49.65231]]}},{"type":"Feature","properties":{"name":"An der Glockenwiese","klasse":"living_street"},"geometry":{"type":"LineString","coordinates":[[8.57598,49.65372],[8.57677,49.65338]]}},{"type":"Feature","properties":{"name":"Nibelungenstraße","klasse":"living_street"},"geometry":{"type":"LineString","coordinates":[[8.57276,49.65507],[8.57313,49.65513]]}},{"type":"Feature","properties":{"ref":"B 44","klasse":"primary"},"geometry":{"type":"LineString","coordinates":[[8.47788,49.70613],[8.47775,49.70621],[8.47756,49.70621],[8.47746,49.70601],[8.47774,49.70593],[8.47788,49.70601],[8.47788,49.70613]]}},{"type":"Feature","properties":{"ref":"B 44","klasse":"primary"},"geometry":{"type":"LineString","coordinates":[[8.46618,49.69568],[8.46628,49.69603]]}},{"type":"Feature","properties":{"ref":"B 44","klasse":"primary"},"geometry":{"type":"LineString","coordinates":[[8.46579,49.69512],[8.46605,49.69542]]}},{"type":"Feature","properties":{"name":"Wormser Straße","klasse":"tertiary"},"geometry":{"type":"LineString","coordinates":[[8.48784,49.74162],[8.48793,49.74145],[8.48824,49.74127]]}},{"type":"Feature","properties":{"ref":"B 44","klasse":"primary"},"geometry":{"type":"LineString","coordinates":[[8.46492,49.69347],[8.46364,49.69107]]}},{"type":"Feature","properties":{"ref":"K 41","klasse":"tertiary"},"geometry":{"type":"LineString","coordinates":[[8.4736,49.70976],[8.47357,49.70916],[8.47394,49.70868],[8.47573,49.7078],[8.47726,49.70644]]}},{"type":"Feature","properties":{"ref":"K 41","klasse":"tertiary"},"geometry":{"type":"LineString","coordinates":[[8.47763,49.70622],[8.47726,49.70644]]}},{"type":"Feature","properties":{"ref":"K 41","klasse":"tertiary"},"geometry":{"type":"LineString","coordinates":[[8.47726,49.70644],[8.47746,49.70614]]}},{"type":"Feature","properties":{"ref":"B 44","klasse":"primary"},"geometry":{"type":"LineString","coordinates":[[8.47708,49.70584],[8.47755,49.70595]]}},{"type":"Feature","properties":{"ref":"B 44","klasse":"primary"},"geometry":{"type":"LineString","coordinates":[[8.47744,49.70605],[8.47708,49.70584]]}},{"type":"Feature","properties":{"ref":"B 44","klasse":"primary"},"geometry":{"type":"LineString","coordinates":[[8.46587,49.69546],[8.46579,49.69512]]}},{"type":"Feature","properties":{"ref":"B 44","klasse":"primary"},"geometry":{"type":"LineString","coordinates":[[8.46628,49.69603],[8.46604,49.69571]]}},{"type":"Feature","properties":{"ref":"B 44","klasse":"primary"},"geometry":{"type":"LineString","coordinates":[[8.46646,49.69637],[8.46628,49.69603]]}},{"type":"Feature","properties":{"ref":"B 44","klasse":"primary"},"geometry":{"type":"LineString","coordinates":[[8.46571,49.69496],[8.46492,49.69347]]}},{"type":"Feature","properties":{"ref":"B 44","klasse":"primary"},"geometry":{"type":"LineString","coordinates":[[8.46296,49.68981],[8.4622,49.68864],[8.46111,49.68746],[8.45957,49.68627],[8.45768,49.68521]]}},{"type":"Feature","properties":{"name":"Wilhelmstraße","klasse":"living_street"},"geometry":{"type":"LineString","coordinates":[[8.61373,49.70216],[8.61367,49.70248]]}},{"type":"Feature","properties":{"name":"Wilhelmstraße","klasse":"residential"},"geometry":{"type":"LineString","coordinates":[[8.61565,49.6959],[8.61423,49.69909],[8.61373,49.70216]]}},{"type":"Feature","properties":{"name":"Annastraße","klasse":"residential"},"geometry":{"type":"LineString","coordinates":[[8.61202,49.7332],[8.61144,49.73327],[8.60927,49.73327]]}},{"type":"Feature","properties":{"name":"Annastraße","klasse":"residential"},"geometry":{"type":"LineString","coordinates":[[8.61136,49.72991],[8.61124,49.73071],[8.61137,49.73156],[8.61202,49.7332]]}},{"type":"Feature","properties":{"name":"Friedrichstraße","klasse":"residential"},"geometry":{"type":"LineString","coordinates":[[8.61136,49.72991],[8.6103,49.72998],[8.60964,49.72977]]}},{"type":"Feature","properties":{"ref":"B 3","klasse":"primary"},"geometry":{"type":"LineString","coordinates":[[8.60893,49.73067],[8.60964,49.72977]]}},{"type":"Feature","properties":{"name":"Rodauer Straße","klasse":"residential"},"geometry":{"type":"LineString","coordinates":[[8.60732,49.72501],[8.60888,49.72509]]}},{"type":"Feature","properties":{"name":"Rodauer Straße","klasse":"residential"},"geometry":{"type":"LineString","coordinates":[[8.60723,49.72501],[8.60732,49.72501]]}},{"type":"Feature","properties":{"name":"SurTec-Straße","klasse":"unclassified"},"geometry":{"type":"LineString","coordinates":[[8.60958,49.72974],[8.60859,49.7293]]}},{"type":"Feature","properties":{"name":"Zum Oberfeld","klasse":"residential"},"geometry":{"type":"LineString","coordinates":[[8.57228,49.70391],[8.57376,49.70332]]}},{"type":"Feature","properties":{"name":"Neurodstraße","klasse":"residential"},"geometry":{"type":"LineString","coordinates":[[8.57431,49.70397],[8.57376,49.70332]]}},{"type":"Feature","properties":{"ref":"L 3111","klasse":"secondary"},"geometry":{"type":"LineString","coordinates":[[8.49248,49.71552],[8.49333,49.71572]]}},{"type":"Feature","properties":{"ref":"B 44","klasse":"primary"},"geometry":{"type":"LineString","coordinates":[[8.4783,49.70629],[8.47781,49.70619]]}},{"type":"Feature","properties":{"ref":"B 44","klasse":"primary"},"geometry":{"type":"LineString","coordinates":[[8.4779,49.70609],[8.4783,49.70629]]}},{"type":"Feature","properties":{"name":"Bahnhofstraße","klasse":"residential"},"geometry":{"type":"LineString","coordinates":[[8.60988,49.72549],[8.60948,49.72586],[8.60949,49.72621]]}},{"type":"Feature","properties":{"ref":"B 3","name":"Darmstädter Straße","klasse":"primary"},"geometry":{"type":"LineString","coordinates":[[8.61229,49.72488],[8.61241,49.72425]]}},{"type":"Feature","properties":{"name":"Auf dem Berg","klasse":"living_street"},"geometry":{"type":"LineString","coordinates":[[8.61474,49.72368],[8.61459,49.72356]]}},{"type":"Feature","properties":{"name":"Wetzbach","klasse":"residential"},"geometry":{"type":"LineString","coordinates":[[8.6141,49.72417],[8.61487,49.7243],[8.61605,49.72433],[8.61648,49.72441]]}},{"type":"Feature","properties":{"ref":"B 3","name":"Zwingenberger Straße","klasse":"primary"},"geometry":{"type":"LineString","coordinates":[[8.61013,49.74874],[8.6099,49.74682]]}},{"type":"Feature","properties":{"ref":"B 3","klasse":"primary"},"geometry":{"type":"LineString","coordinates":[[8.6086,49.73118],[8.60893,49.73067]]}},{"type":"Feature","properties":{"ref":"B 460","klasse":"primary"},"geometry":{"type":"LineString","coordinates":[[8.57317,49.66309],[8.57369,49.66282]]}},{"type":"Feature","properties":{"ref":"B 460","klasse":"primary"},"geometry":{"type":"LineString","coordinates":[[8.57392,49.66268],[8.57418,49.66253]]}},{"type":"Feature","properties":{"ref":"B 460","klasse":"primary"},"geometry":{"type":"LineString","coordinates":[[8.57224,49.66357],[8.57317,49.66309]]}},{"type":"Feature","properties":{"ref":"B 460","klasse":"primary"},"geometry":{"type":"LineString","coordinates":[[8.57149,49.66393],[8.57224,49.66357]]}},{"type":"Feature","properties":{"ref":"B 460","klasse":"primary"},"geometry":{"type":"LineString","coordinates":[[8.57078,49.66425],[8.57118,49.66406]]}},{"type":"Feature","properties":{"ref":"B 460","klasse":"primary"},"geometry":{"type":"LineString","coordinates":[[8.5687,49.66509],[8.56915,49.66492]]}},{"type":"Feature","properties":{"ref":"B 460","klasse":"primary"},"geometry":{"type":"LineString","coordinates":[[8.57556,49.66171],[8.57601,49.66141]]}},{"type":"Feature","properties":{"name":"Friedenstraße","klasse":"residential"},"geometry":{"type":"LineString","coordinates":[[8.61476,49.75096],[8.61447,49.75042],[8.61564,49.74989]]}},{"type":"Feature","properties":{"name":"Waldkolonie","klasse":"residential"},"geometry":{"type":"LineString","coordinates":[[8.61364,49.74709],[8.61353,49.74726],[8.61394,49.7474],[8.61413,49.74738]]}},{"type":"Feature","properties":{"name":"Berliner Ring","klasse":"tertiary"},"geometry":{"type":"LineString","coordinates":[[8.60553,49.67412],[8.60549,49.67424]]}},{"type":"Feature","properties":{"ref":"K 67","klasse":"tertiary"},"geometry":{"type":"LineString","coordinates":[[8.59211,49.72259],[8.59261,49.72264]]}},{"type":"Feature","properties":{"ref":"B 460","klasse":"primary"},"geometry":{"type":"LineString","coordinates":[[8.60761,49.64741],[8.60846,49.64721]]}},{"type":"Feature","properties":{"ref":"B 47","klasse":"primary"},"geometry":{"type":"LineString","coordinates":[[8.59832,49.67215],[8.59817,49.67211]]}},{"type":"Feature","properties":{"name":"Falltorstraße","klasse":"residential"},"geometry":{"type":"LineString","coordinates":[[8.57289,49.70824],[8.57313,49.70801]]}},{"type":"Feature","properties":{"ref":"L 3261","klasse":"secondary"},"geometry":{"type":"LineString","coordinates":[[8.4641,49.69664],[8.46635,49.69646]]}},{"type":"Feature","properties":{"name":"Darmstädter Straße","klasse":"tertiary"},"geometry":{"type":"LineString","coordinates":[[8.46345,49.69335],[8.45924,49.69041]]}},{"type":"Feature","properties":{"name":"Darmstädter Straße","klasse":"tertiary"},"geometry":{"type":"LineString","coordinates":[[8.46507,49.69548],[8.46505,49.69529]]}},{"type":"Feature","properties":{"name":"Darmstädter Straße","klasse":"tertiary"},"geometry":{"type":"LineString","coordinates":[[8.46588,49.69567],[8.46539,49.69566]]}},{"type":"Feature","properties":{"ref":"B 44","klasse":"primary"},"geometry":{"type":"LineString","coordinates":[[8.45132,49.67267],[8.4508,49.67034],[8.45089,49.66963],[8.45109,49.66916],[8.45179,49.66826],[8.45385,49.66673],[8.45429,49.66633],[8.45468,49.66581]]}},{"type":"Feature","properties":{"ref":"B 47","klasse":"trunk"},"geometry":{"type":"LineString","coordinates":[[8.53918,49.65095],[8.54063,49.6514]]}},{"type":"Feature","properties":{"name":"An der Riedwiese","klasse":"unclassified"},"geometry":{"type":"LineString","coordinates":[[8.60251,49.67257],[8.60233,49.67282]]}},{"type":"Feature","properties":{"name":"Friedrich-Mößinger-Straße","klasse":"residential"},"geometry":{"type":"LineString","coordinates":[[8.48847,49.74459],[8.48874,49.74387]]}},{"type":"Feature","properties":{"name":"Hellergasse","klasse":"living_street"},"geometry":{"type":"LineString","coordinates":[[8.48567,49.75098],[8.48602,49.75104]]}},{"type":"Feature","properties":{"name":"Annastraße","klasse":"residential"},"geometry":{"type":"LineString","coordinates":[[8.45203,49.68784],[8.44994,49.68696]]}},{"type":"Feature","properties":{"name":"Bruchweg","klasse":"residential"},"geometry":{"type":"LineString","coordinates":[[8.45742,49.68305],[8.45863,49.68262]]}},{"type":"Feature","properties":{"name":"Am Bruchweiher","klasse":"residential"},"geometry":{"type":"LineString","coordinates":[[8.46048,49.68045],[8.46148,49.67925]]}},{"type":"Feature","properties":{"name":"Kleine Rosengasse","klasse":"residential"},"geometry":{"type":"LineString","coordinates":[[8.4538,49.68858],[8.45413,49.68823]]}},{"type":"Feature","properties":{"name":"Große Teilung","klasse":"residential"},"geometry":{"type":"LineString","coordinates":[[8.53878,49.67465],[8.537,49.67463]]}},{"type":"Feature","properties":{"name":"Ludwig-Jahn-Straße","klasse":"residential"},"geometry":{"type":"LineString","coordinates":[[8.53911,49.6753],[8.5379,49.6756]]}},{"type":"Feature","properties":{"name":"Bensheimer Straße","klasse":"residential"},"geometry":{"type":"LineString","coordinates":[[8.55219,49.67306],[8.55284,49.67306]]}},{"type":"Feature","properties":{"ref":"L 3345","name":"Rohrheimer Straße","klasse":"secondary"},"geometry":{"type":"LineString","coordinates":[[8.56842,49.69708],[8.57073,49.69594],[8.57139,49.69571]]}},{"type":"Feature","properties":{"ref":"K 67","name":"Mühlgrabenstraße","klasse":"tertiary"},"geometry":{"type":"LineString","coordinates":[[8.57143,49.70174],[8.57162,49.70182]]}},{"type":"Feature","properties":{"ref":"L 3345","name":"Rohrheimer Straße","klasse":"secondary"},"geometry":{"type":"LineString","coordinates":[[8.56669,49.69817],[8.56782,49.69755]]}},{"type":"Feature","properties":{"ref":"K 67","name":"Rodauer Straße","klasse":"tertiary"},"geometry":{"type":"LineString","coordinates":[[8.57125,49.70469],[8.57181,49.70516]]}},{"type":"Feature","properties":{"ref":"K 67","klasse":"tertiary"},"geometry":{"type":"LineString","coordinates":[[8.61236,49.7175],[8.6118,49.71741],[8.61133,49.71753]]}},{"type":"Feature","properties":{"ref":"K 67","klasse":"tertiary"},"geometry":{"type":"LineString","coordinates":[[8.6107,49.71792],[8.61,49.71828]]}},{"type":"Feature","properties":{"ref":"L 3345","klasse":"secondary"},"geometry":{"type":"LineString","coordinates":[[8.53792,49.70759],[8.53631,49.70904]]}},{"type":"Feature","properties":{"name":"Ringstraße","klasse":"residential"},"geometry":{"type":"LineString","coordinates":[[8.54333,49.67594],[8.546,49.67556]]}},{"type":"Feature","properties":{"name":"Martin-Luther-Straße","klasse":"living_street"},"geometry":{"type":"LineString","coordinates":[[8.54615,49.67607],[8.54614,49.67665]]}},{"type":"Feature","properties":{"name":"Hauptstraße","klasse":"residential"},"geometry":{"type":"LineString","coordinates":[[8.54687,49.67388],[8.54528,49.67429]]}},{"type":"Feature","properties":{"name":"Hauptstraße","klasse":"residential"},"geometry":{"type":"LineString","coordinates":[[8.54528,49.67429],[8.54469,49.67441],[8.54413,49.67444]]}},{"type":"Feature","properties":{"ref":"L 3261","klasse":"secondary"},"geometry":{"type":"LineString","coordinates":[[8.54722,49.71444],[8.54704,49.7143]]}},{"type":"Feature","properties":{"name":"Kriemhildenstraße","klasse":"residential"},"geometry":{"type":"LineString","coordinates":[[8.55952,49.64774],[8.55967,49.64744]]}},{"type":"Feature","properties":{"ref":"L 3112","klasse":"secondary"},"geometry":{"type":"LineString","coordinates":[[8.54612,49.74271],[8.54887,49.74153]]}},{"type":"Feature","properties":{"ref":"B 3","klasse":"primary"},"geometry":{"type":"LineString","coordinates":[[8.60894,49.73833],[8.6088,49.73726]]}},{"type":"Feature","properties":{"ref":"L 3112","klasse":"secondary"},"geometry":{"type":"LineString","coordinates":[[8.58081,49.73698],[8.58155,49.73704]]}},{"type":"Feature","properties":{"ref":"B 3","klasse":"primary"},"geometry":{"type":"LineString","coordinates":[[8.60836,49.73338],[8.60829,49.73227],[8.60842,49.73159],[8.6086,49.73118]]}},{"type":"Feature","properties":{"ref":"L 3112","klasse":"secondary"},"geometry":{"type":"LineString","coordinates":[[8.60721,49.73973],[8.60767,49.73968]]}},{"type":"Feature","properties":{"name":"Weidenring","klasse":"residential"},"geometry":{"type":"LineString","coordinates":[[8.5976,49.68473],[8.5995,49.68435],[8.5996,49.68437],[8.59971,49.68458]]}},{"type":"Feature","properties":{"name":"Amselweg","klasse":"living_street"},"geometry":{"type":"LineString","coordinates":[[8.61474,49.70942],[8.61456,49.71036]]}},{"type":"Feature","properties":{"name":"Vogelhecke","klasse":"living_street"},"geometry":{"type":"LineString","coordinates":[[8.57284,49.6941],[8.57346,49.6938]]}},{"type":"Feature","properties":{"name":"Jägerstraße","klasse":"residential"},"geometry":{"type":"LineString","coordinates":[[8.61387,49.68151],[8.61404,49.68235]]}},{"type":"Feature","properties":{"name":"Baumschulstraße","klasse":"residential"},"geometry":{"type":"LineString","coordinates":[[8.61293,49.68157],[8.61476,49.68137]]}},{"type":"Feature","properties":{"ref":"A 5","klasse":"motorway"},"geometry":{"type":"LineString","coordinates":[[8.60228,49.69857],[8.6029,49.69585]]}},{"type":"Feature","properties":{"ref":"A 5","klasse":"motorway"},"geometry":{"type":"LineString","coordinates":[[8.59427,49.72056],[8.59501,49.71803]]}},{"type":"Feature","properties":{"name":"Bibliser Straße","klasse":"unclassified"},"geometry":{"type":"LineString","coordinates":[[8.47463,49.71015],[8.47423,49.71015],[8.4739,49.71025]]}},{"type":"Feature","properties":{"name":"Berliner Ring","klasse":"tertiary"},"geometry":{"type":"LineString","coordinates":[[8.60549,49.67424],[8.60535,49.67451]]}},{"type":"Feature","properties":{"name":"Berliner Ring","klasse":"tertiary"},"geometry":{"type":"LineString","coordinates":[[8.6057,49.67374],[8.60565,49.67387]]}},{"type":"Feature","properties":{"ref":"L 3112","name":"Gernsheimer Straße","klasse":"secondary"},"geometry":{"type":"LineString","coordinates":[[8.56851,49.7365],[8.57213,49.73624]]}},{"type":"Feature","properties":{"ref":"A 67","klasse":"motorway"},"geometry":{"type":"LineString","coordinates":[[8.54341,49.74246],[8.54343,49.74343]]}},{"type":"Feature","properties":{"name":"Wormser Straße","klasse":"tertiary"},"geometry":{"type":"LineString","coordinates":[[8.48209,49.74965],[8.48242,49.74845]]}},{"type":"Feature","properties":{"ref":"L 3112","name":"Gernsheimer Straße","klasse":"secondary"},"geometry":{"type":"LineString","coordinates":[[8.57213,49.73624],[8.57503,49.73626]]}},{"type":"Feature","properties":{"ref":"L 3112","klasse":"secondary"},"geometry":{"type":"LineString","coordinates":[[8.53694,49.74675],[8.54034,49.74527]]}},{"type":"Feature","properties":{"name":"Untergasse","klasse":"living_street"},"geometry":{"type":"LineString","coordinates":[[8.61312,49.72387],[8.61306,49.72386]]}},{"type":"Feature","properties":{"name":"Außerhalb","klasse":"unclassified"},"geometry":{"type":"LineString","coordinates":[[8.50103,49.71632],[8.50195,49.71647]]}},{"type":"Feature","properties":{"name":"Außerhalb","klasse":"unclassified"},"geometry":{"type":"LineString","coordinates":[[8.50025,49.71619],[8.50103,49.71632]]}},{"type":"Feature","properties":{"name":"Außerhalb","klasse":"unclassified"},"geometry":{"type":"LineString","coordinates":[[8.50195,49.71647],[8.50282,49.71662]]}},{"type":"Feature","properties":{"ref":"B 44","klasse":"primary"},"geometry":{"type":"LineString","coordinates":[[8.48931,49.72482],[8.49019,49.72335]]}},{"type":"Feature","properties":{"ref":"B 44","klasse":"primary"},"geometry":{"type":"LineString","coordinates":[[8.49019,49.72335],[8.4905,49.72296]]}},{"type":"Feature","properties":{"ref":"L 3111","klasse":"secondary"},"geometry":{"type":"LineString","coordinates":[[8.50303,49.71297],[8.50416,49.71265],[8.50503,49.71227],[8.5058,49.71181],[8.50633,49.71135],[8.50684,49.71074],[8.50718,49.71007],[8.50757,49.70829],[8.50789,49.70762],[8.50843,49.70707],[8.51028,49.70578]]}},{"type":"Feature","properties":{"name":"Grenzweg","klasse":"residential"},"geometry":{"type":"LineString","coordinates":[[8.61207,49.7333],[8.61202,49.7332]]}},{"type":"Feature","properties":{"ref":"B 44","klasse":"primary"},"geometry":{"type":"LineString","coordinates":[[8.46364,49.69107],[8.46296,49.68981]]}},{"type":"Feature","properties":{"name":"Speyerstraße","klasse":"residential"},"geometry":{"type":"LineString","coordinates":[[8.47248,49.71577],[8.46897,49.71469]]}},{"type":"Feature","properties":{"name":"Speyerstraße","klasse":"residential"},"geometry":{"type":"LineString","coordinates":[[8.46887,49.71466],[8.4682,49.71448]]}},{"type":"Feature","properties":{"name":"Wormser Straße","klasse":"residential"},"geometry":{"type":"LineString","coordinates":[[8.47392,49.71137],[8.47391,49.71136]]}},{"type":"Feature","properties":{"name":"Mannheimer Straße","klasse":"tertiary"},"geometry":{"type":"LineString","coordinates":[[8.4888,49.7298],[8.48914,49.73042]]}},{"type":"Feature","properties":{"ref":"K 31","name":"Robert-Bosch-Straße","klasse":"tertiary"},"geometry":{"type":"LineString","coordinates":[[8.5867,49.67516],[8.58662,49.67504],[8.58669,49.67493],[8.5869,49.67488],[8.58704,49.67493],[8.58706,49.67513],[8.58691,49.6752],[8.5867,49.67516]]}},{"type":"Feature","properties":{"name":"Erich-Kästner-Weg","klasse":"residential"},"geometry":{"type":"LineString","coordinates":[[8.54902,49.68006],[8.54882,49.6785]]}},{"type":"Feature","properties":{"name":"Gernsheimer Straße","klasse":"residential"},"geometry":{"type":"LineString","coordinates":[[8.48266,49.72245],[8.48278,49.72255]]}},{"type":"Feature","properties":{"ref":"B 44","klasse":"primary"},"geometry":{"type":"LineString","coordinates":[[8.4559,49.68427],[8.45518,49.68383]]}},{"type":"Feature","properties":{"name":"Bürstädter Straße","klasse":"residential"},"geometry":{"type":"LineString","coordinates":[[8.5396,49.66837],[8.54099,49.66826],[8.54084,49.66713]]}},{"type":"Feature","properties":{"name":"Riedroder Weg","klasse":"residential"},"geometry":{"type":"LineString","coordinates":[[8.54018,49.66752],[8.54028,49.66757],[8.54027,49.668]]}},{"type":"Feature","properties":{"name":"Sepp-Herberger-Straße","klasse":"residential"},"geometry":{"type":"LineString","coordinates":[[8.53967,49.66893],[8.53941,49.66716]]}},{"type":"Feature","properties":{"name":"Riedroder Weg","klasse":"residential"},"geometry":{"type":"LineString","coordinates":[[8.54027,49.668],[8.54016,49.66787],[8.5401,49.66759],[8.54018,49.66752]]}},{"type":"Feature","properties":{"name":"Stubenwald-Allee","klasse":"residential"},"geometry":{"type":"LineString","coordinates":[[8.58601,49.67145],[8.58516,49.67245],[8.58526,49.67267],[8.58547,49.6728]]}},{"type":"Feature","properties":{"ref":"B 44","klasse":"primary"},"geometry":{"type":"LineString","coordinates":[[8.4905,49.72296],[8.49241,49.7208],[8.49293,49.71978]]}},{"type":"Feature","properties":{"name":"Bürstädter Straße","klasse":"tertiary"},"geometry":{"type":"LineString","coordinates":[[8.45327,49.68013],[8.45288,49.67983]]}},{"type":"Feature","properties":{"name":"Bürstädter Straße","klasse":"tertiary"},"geometry":{"type":"LineString","coordinates":[[8.45288,49.67983],[8.45316,49.67978]]}},{"type":"Feature","properties":{"name":"Schücostraße","klasse":"tertiary"},"geometry":{"type":"LineString","coordinates":[[8.48206,49.71581],[8.48428,49.71544],[8.48655,49.71486],[8.48723,49.71493],[8.48926,49.71544],[8.49094,49.71565]]}},{"type":"Feature","properties":{"name":"In der Wolfshecke","klasse":"residential"},"geometry":{"type":"LineString","coordinates":[[8.55604,49.65898],[8.55497,49.65871]]}},{"type":"Feature","properties":{"name":"Untergasse","klasse":"living_street"},"geometry":{"type":"LineString","coordinates":[[8.61306,49.72386],[8.61349,49.7227]]}},{"type":"Feature","properties":{"name":"Einsiedlerstraße","klasse":"living_street"},"geometry":{"type":"LineString","coordinates":[[8.48534,49.75166],[8.48585,49.75053]]}},{"type":"Feature","properties":{"name":"Kirchstraße","klasse":"residential"},"geometry":{"type":"LineString","coordinates":[[8.48452,49.75041],[8.48463,49.75024]]}},{"type":"Feature","properties":{"ref":"B 44","klasse":"primary"},"geometry":{"type":"LineString","coordinates":[[8.48931,49.72482],[8.48924,49.72506]]}},{"type":"Feature","properties":{"name":"Rheinstraße","klasse":"tertiary"},"geometry":{"type":"LineString","coordinates":[[8.47381,49.71714],[8.47191,49.71677],[8.47177,49.71669]]}},{"type":"Feature","properties":{"name":"Mannheimer Straße","klasse":"unclassified"},"geometry":{"type":"LineString","coordinates":[[8.55664,49.64274],[8.55495,49.64083]]}},{"type":"Feature","properties":{"name":"Mannheimer Straße","klasse":"residential"},"geometry":{"type":"LineString","coordinates":[[8.55912,49.64668],[8.55774,49.64421]]}},{"type":"Feature","properties":{"name":"Dorfplatz","klasse":"pedestrian"},"geometry":{"type":"LineString","coordinates":[[8.48854,49.73307],[8.48886,49.73301],[8.48893,49.73283],[8.48865,49.73282],[8.48854,49.73307]]}},{"type":"Feature","properties":{"name":"Hohenweg","klasse":"residential"},"geometry":{"type":"LineString","coordinates":[[8.6129,49.67843],[8.61284,49.67815],[8.61296,49.67782],[8.61287,49.67779]]}},{"type":"Feature","properties":{"name":"Therese-Giehse-Straße","klasse":"living_street"},"geometry":{"type":"LineString","coordinates":[[8.61347,49.6901],[8.6137,49.6902],[8.61363,49.69031]]}},{"type":"Feature","properties":{"ref":"B 47","klasse":"primary"},"geometry":{"type":"LineString","coordinates":[[8.48563,49.64544],[8.48278,49.64441]]}},{"type":"Feature","properties":{"ref":"B 47","klasse":"primary"},"geometry":{"type":"LineString","coordinates":[[8.48926,49.64634],[8.48815,49.64612]]}},{"type":"Feature","properties":{"name":"Berliner Ring","klasse":"tertiary"},"geometry":{"type":"LineString","coordinates":[[8.60283,49.68065],[8.60278,49.68034]]}},{"type":"Feature","properties":{"name":"Breslauer Straße","klasse":"residential"},"geometry":{"type":"LineString","coordinates":[[8.60477,49.68035],[8.60303,49.68028]]}},{"type":"Feature","properties":{"name":"Berliner Ring","klasse":"tertiary"},"geometry":{"type":"LineString","coordinates":[[8.60285,49.68074],[8.60283,49.68065]]}},{"type":"Feature","properties":{"ref":"L 3345","name":"Schwanheimer Straße","klasse":"secondary"},"geometry":{"type":"LineString","coordinates":[[8.60426,49.68158],[8.60438,49.68158]]}},{"type":"Feature","properties":{"name":"Am Bildstock","klasse":"residential"},"geometry":{"type":"LineString","coordinates":[[8.60766,49.67403],[8.60745,49.67431]]}},{"type":"Feature","properties":{"name":"Rheinstraße","klasse":"living_street"},"geometry":{"type":"LineString","coordinates":[[8.608,49.67066],[8.60771,49.67116],[8.60786,49.6712]]}},{"type":"Feature","properties":{"name":"Rheinstraße","klasse":"living_street"},"geometry":{"type":"LineString","coordinates":[[8.60771,49.67116],[8.60751,49.67112],[8.6074,49.67133]]}},{"type":"Feature","properties":{"name":"Karl-Fuchs-Straße","klasse":"living_street"},"geometry":{"type":"LineString","coordinates":[[8.61467,49.68624],[8.61452,49.68689]]}},{"type":"Feature","properties":{"name":"Rudolf-Angermeier-Straße","klasse":"living_street"},"geometry":{"type":"LineString","coordinates":[[8.60927,49.68696],[8.60941,49.68719]]}},{"type":"Feature","properties":{"ref":"K 31","klasse":"tertiary"},"geometry":{"type":"LineString","coordinates":[[8.53678,49.65207],[8.53655,49.65156],[8.5367,49.65133]]}},{"type":"Feature","properties":{"name":"Leo-Grewenig-Straße","klasse":"living_street"},"geometry":{"type":"LineString","coordinates":[[8.61324,49.68936],[8.61306,49.68962]]}},{"type":"Feature","properties":{"name":"Hirschstraße","klasse":"residential"},"geometry":{"type":"LineString","coordinates":[[8.5677,49.65091],[8.56805,49.64874],[8.56796,49.64766]]}},{"type":"Feature","properties":{"ref":"L 3261","klasse":"secondary"},"geometry":{"type":"LineString","coordinates":[[8.52821,49.70758],[8.52437,49.70687]]}},{"type":"Feature","properties":{"ref":"A 5","klasse":"motorway_link"},"geometry":{"type":"LineString","coordinates":[[8.61125,49.6469],[8.61152,49.64767],[8.61138,49.64801],[8.61118,49.64818],[8.61016,49.64869],[8.60992,49.64918]]}},{"type":"Feature","properties":{"ref":"B 460","klasse":"motorway_link"},"geometry":{"type":"LineString","coordinates":[[8.61115,49.64694],[8.6105,49.64674]]}},{"type":"Feature","properties":{"name":"Taunusstraße","klasse":"residential"},"geometry":{"type":"LineString","coordinates":[[8.6146,49.64428],[8.61747,49.64377],[8.61773,49.64378]]}},{"type":"Feature","properties":{"ref":"B 3","name":"Darmstädter Straße","klasse":"primary"},"geometry":{"type":"LineString","coordinates":[[8.61219,49.726],[8.61229,49.72488]]}},{"type":"Feature","properties":{"ref":"B 460","klasse":"primary"},"geometry":{"type":"LineString","coordinates":[[8.61009,49.64683],[8.6105,49.64674]]}},{"type":"Feature","properties":{"name":"Bitzenheimer Weg","klasse":"residential"},"geometry":{"type":"LineString","coordinates":[[8.56017,49.65841],[8.55906,49.65813],[8.55849,49.65877]]}},{"type":"Feature","properties":{"name":"Friedensstraße","klasse":"residential"},"geometry":{"type":"LineString","coordinates":[[8.56027,49.64658],[8.56273,49.64678],[8.56715,49.64751]]}},{"type":"Feature","properties":{"name":"Siegfriedstraße","klasse":"residential"},"geometry":{"type":"LineString","coordinates":[[8.55827,49.65314],[8.5579,49.65401],[8.55737,49.65489]]}},{"type":"Feature","properties":{"name":"Neckarstraße","klasse":"residential"},"geometry":{"type":"LineString","coordinates":[[8.56221,49.64882],[8.56544,49.6512]]}},{"type":"Feature","properties":{"ref":"L 3345","name":"Schwanheimer Straße","klasse":"secondary"},"geometry":{"type":"LineString","coordinates":[[8.59415,49.68428],[8.59581,49.68349]]}},{"type":"Feature","properties":{"ref":"K 67","name":"Rodauer Straße","klasse":"tertiary"},"geometry":{"type":"LineString","coordinates":[[8.57181,49.70516],[8.57314,49.70677]]}},{"type":"Feature","properties":{"name":"Wiesenstraße","klasse":"residential"},"geometry":{"type":"LineString","coordinates":[[8.59008,49.68532],[8.59151,49.68508]]}},{"type":"Feature","properties":{"name":"Nibelungenstraße","klasse":"residential"},"geometry":{"type":"LineString","coordinates":[[8.53663,49.67129],[8.53662,49.6723]]}},{"type":"Feature","properties":{"name":"Bibliser Straße","klasse":"residential"},"geometry":{"type":"LineString","coordinates":[[8.5379,49.6756],[8.53831,49.67593],[8.53891,49.67604],[8.53918,49.67618]]}},{"type":"Feature","properties":{"name":"Rheinstraße","klasse":"residential"},"geometry":{"type":"LineString","coordinates":[[8.5383,49.67219],[8.54014,49.67268],[8.54158,49.67264],[8.54248,49.67239],[8.54341,49.67234],[8.54378,49.67219],[8.54431,49.6721]]}},{"type":"Feature","properties":{"name":"Schanzenstraße","klasse":"residential"},"geometry":{"type":"LineString","coordinates":[[8.56536,49.65088],[8.56544,49.6512]]}},{"type":"Feature","properties":{"name":"Kornstraße","klasse":"residential"},"geometry":{"type":"LineString","coordinates":[[8.47447,49.71346],[8.47503,49.71276]]}},{"type":"Feature","properties":{"name":"Oberstraße","klasse":"residential"},"geometry":{"type":"LineString","coordinates":[[8.56067,49.64823],[8.56054,49.64842],[8.56038,49.65172],[8.56009,49.65338]]}},{"type":"Feature","properties":{"name":"Johann-Sebastian-Bach-Straße","klasse":"residential"},"geometry":{"type":"LineString","coordinates":[[8.55266,49.67002],[8.55218,49.66891],[8.55186,49.66775]]}},{"type":"Feature","properties":{"name":"Im Böhlchen","klasse":"residential"},"geometry":{"type":"LineString","coordinates":[[8.54504,49.66853],[8.54287,49.66874]]}},{"type":"Feature","properties":{"name":"In der Wolfshecke","klasse":"residential"},"geometry":{"type":"LineString","coordinates":[[8.54511,49.66394],[8.54588,49.66391]]}},{"type":"Feature","properties":{"name":"Im Böhlchen","klasse":"residential"},"geometry":{"type":"LineString","coordinates":[[8.55045,49.66797],[8.54504,49.66853]]}},{"type":"Feature","properties":{"name":"Gewerbestraße","klasse":"residential"},"geometry":{"type":"LineString","coordinates":[[8.45147,49.6635],[8.45069,49.66551]]}},{"type":"Feature","properties":{"ref":"B 44","klasse":"primary"},"geometry":{"type":"LineString","coordinates":[[8.47708,49.70584],[8.47636,49.70546],[8.47528,49.70464],[8.47476,49.70409],[8.47349,49.70238],[8.47259,49.70152],[8.47147,49.70082],[8.46914,49.69966],[8.46814,49.69893],[8.46737,49.69803],[8.46656,49.69654]]}},{"type":"Feature","properties":{"name":"Bibliser Straße","klasse":"residential"},"geometry":{"type":"LineString","coordinates":[[8.47463,49.71015],[8.47485,49.71024],[8.47505,49.71047],[8.4755,49.71136]]}},{"type":"Feature","properties":{"ref":"A 67","klasse":"motorway"},"geometry":{"type":"LineString","coordinates":[[8.555,49.67707],[8.55405,49.68044]]}},{"type":"Feature","properties":{"ref":"K 203","klasse":"tertiary"},"geometry":{"type":"LineString","coordinates":[[8.48822,49.74069],[8.48815,49.74099],[8.48824,49.74127]]}},{"type":"Feature","properties":{"name":"Lampertheimer Straße","klasse":"residential"},"geometry":{"type":"LineString","coordinates":[[8.49046,49.73619],[8.49065,49.73549]]}},{"type":"Feature","properties":{"name":"Lorscher Straße","klasse":"residential"},"geometry":{"type":"LineString","coordinates":[[8.49214,49.73638],[8.49182,49.73575]]}},{"type":"Feature","properties":{"ref":"K 203","name":"Mannheimer Straße","klasse":"tertiary"},"geometry":{"type":"LineString","coordinates":[[8.49,49.73493],[8.48988,49.73535]]}},{"type":"Feature","properties":{"name":"Le Coteauer Straße","klasse":"living_street"},"geometry":{"type":"LineString","coordinates":[[8.57677,49.65338],[8.57546,49.65243],[8.57554,49.65184]]}},{"type":"Feature","properties":{"name":"Wormser Straße","klasse":"residential"},"geometry":{"type":"LineString","coordinates":[[8.47447,49.71193],[8.474,49.71144]]}},{"type":"Feature","properties":{"name":"Im Taubenfang","klasse":"unclassified"},"geometry":{"type":"LineString","coordinates":[[8.54613,49.65204],[8.5467,49.65208]]}},{"type":"Feature","properties":{"name":"Im Taubenfang","klasse":"unclassified"},"geometry":{"type":"LineString","coordinates":[[8.54613,49.65204],[8.5457,49.65208],[8.54536,49.65229]]}},{"type":"Feature","properties":{"name":"Allmannspforte","klasse":"residential"},"geometry":{"type":"LineString","coordinates":[[8.47234,49.71296],[8.47423,49.71373]]}},{"type":"Feature","properties":{"name":"Beinstraße","klasse":"residential"},"geometry":{"type":"LineString","coordinates":[[8.47035,49.71653],[8.47111,49.71533]]}},{"type":"Feature","properties":{"name":"Die Neuwiese","klasse":"residential"},"geometry":{"type":"LineString","coordinates":[[8.47711,49.70901],[8.47658,49.70891]]}},{"type":"Feature","properties":{"name":"Die Neuwiese","klasse":"residential"},"geometry":{"type":"LineString","coordinates":[[8.47694,49.70935],[8.47641,49.70924]]}},{"type":"Feature","properties":{"name":"Die Neuwiese","klasse":"residential"},"geometry":{"type":"LineString","coordinates":[[8.47632,49.7104],[8.47577,49.71025]]}},{"type":"Feature","properties":{"name":"Die Neuwiese","klasse":"residential"},"geometry":{"type":"LineString","coordinates":[[8.47675,49.70972],[8.476,49.70956]]}},{"type":"Feature","properties":{"ref":"K 65","klasse":"tertiary"},"geometry":{"type":"LineString","coordinates":[[8.55293,49.68174],[8.55322,49.682]]}},{"type":"Feature","properties":{"name":"Bensheimer Straße","klasse":"residential"},"geometry":{"type":"LineString","coordinates":[[8.55019,49.67354],[8.55042,49.67319],[8.55219,49.67306]]}},{"type":"Feature","properties":{"name":"Stubenwald-Allee","klasse":"unclassified"},"geometry":{"type":"LineString","coordinates":[[8.58418,49.67078],[8.58373,49.6708]]}},{"type":"Feature","properties":{"ref":"K 31","klasse":"tertiary"},"geometry":{"type":"LineString","coordinates":[[8.5835,49.67063],[8.58395,49.66947]]}},{"type":"Feature","properties":{"name":"Stubenwald-Allee","klasse":"unclassified"},"geometry":{"type":"LineString","coordinates":[[8.58373,49.6707],[8.58418,49.67078]]}},{"type":"Feature","properties":{"name":"Die Neuwiese","klasse":"residential"},"geometry":{"type":"LineString","coordinates":[[8.47651,49.71009],[8.47599,49.70994]]}},{"type":"Feature","properties":{"name":"Einsiedlerstraße","klasse":"residential"},"geometry":{"type":"LineString","coordinates":[[8.48585,49.75053],[8.48596,49.75034]]}},{"type":"Feature","properties":{"name":"Karlstraße","klasse":"residential"},"geometry":{"type":"LineString","coordinates":[[8.48682,49.75087],[8.48585,49.75053]]}},{"type":"Feature","properties":{"name":"Gutenbergstraße","klasse":"residential"},"geometry":{"type":"LineString","coordinates":[[8.48113,49.71918],[8.48154,49.71902]]}},{"type":"Feature","properties":{"name":"Gutenbergstraße","klasse":"residential"},"geometry":{"type":"LineString","coordinates":[[8.48057,49.71955],[8.48059,49.71951]]}},{"type":"Feature","properties":{"name":"Rheinstraße","klasse":"residential"},"geometry":{"type":"LineString","coordinates":[[8.48186,49.72032],[8.48286,49.72081]]}},{"type":"Feature","properties":{"name":"Bibliser Straße","klasse":"residential"},"geometry":{"type":"LineString","coordinates":[[8.47553,49.71142],[8.47562,49.7123]]}},{"type":"Feature","properties":{"name":"Waldstraße","klasse":"residential"},"geometry":{"type":"LineString","coordinates":[[8.47958,49.71816],[8.47892,49.71876]]}},{"type":"Feature","properties":{"ref":"A 67","klasse":"motorway"},"geometry":{"type":"LineString","coordinates":[[8.55215,49.65251],[8.55217,49.65269]]}},{"type":"Feature","properties":{"ref":"A 67","klasse":"motorway"},"geometry":{"type":"LineString","coordinates":[[8.55596,49.6709],[8.55595,49.67118]]}},{"type":"Feature","properties":{"ref":"A 67","klasse":"motorway"},"geometry":{"type":"LineString","coordinates":[[8.55595,49.67118],[8.55575,49.67329]]}},{"type":"Feature","properties":{"ref":"A 67","klasse":"motorway"},"geometry":{"type":"LineString","coordinates":[[8.55217,49.65269],[8.55246,49.65474]]}},{"type":"Feature","properties":{"ref":"A 5","klasse":"motorway_link"},"geometry":{"type":"LineString","coordinates":[[8.60769,49.64771],[8.60708,49.64753]]}},{"type":"Feature","properties":{"ref":"A 5","klasse":"motorway_link"},"geometry":{"type":"LineString","coordinates":[[8.60846,49.64721],[8.60799,49.64744],[8.60782,49.64771]]}},{"type":"Feature","properties":{"ref":"L 3345","klasse":"secondary"},"geometry":{"type":"LineString","coordinates":[[8.58762,49.68641],[8.58969,49.6858]]}},{"type":"Feature","properties":{"name":"Stubenwaldstraße","klasse":"tertiary"},"geometry":{"type":"LineString","coordinates":[[8.58709,49.67622],[8.58721,49.67639]]}},{"type":"Feature","properties":{"name":"Stubenwaldstraße","klasse":"tertiary"},"geometry":{"type":"LineString","coordinates":[[8.58525,49.68067],[8.58506,49.68096]]}},{"type":"Feature","properties":{"name":"Stubenwaldstraße","klasse":"tertiary"},"geometry":{"type":"LineString","coordinates":[[8.58679,49.67556],[8.58681,49.67569]]}},{"type":"Feature","properties":{"ref":"L 3345","klasse":"secondary"},"geometry":{"type":"LineString","coordinates":[[8.58721,49.6866],[8.58703,49.68678]]}},{"type":"Feature","properties":{"name":"Stubenwaldstraße","klasse":"tertiary"},"geometry":{"type":"LineString","coordinates":[[8.58721,49.67639],[8.58772,49.67712],[8.58782,49.67777],[8.58755,49.67852],[8.58705,49.67909]]}},{"type":"Feature","properties":{"name":"Stubenwaldstraße","klasse":"tertiary"},"geometry":{"type":"LineString","coordinates":[[8.58463,49.68306],[8.5849,49.68395],[8.58519,49.68444],[8.58656,49.68613]]}},{"type":"Feature","properties":{"name":"Groß-Rohrheimer-Straße","klasse":"residential"},"geometry":{"type":"LineString","coordinates":[[8.49034,49.73543],[8.48988,49.73535]]}},{"type":"Feature","properties":{"ref":"L 3112","klasse":"secondary"},"geometry":{"type":"LineString","coordinates":[[8.54555,49.74296],[8.54567,49.7429]]}},{"type":"Feature","properties":{"name":"Berliner Ring","klasse":"tertiary"},"geometry":{"type":"LineString","coordinates":[[8.61005,49.70156],[8.6105,49.69969]]}},{"type":"Feature","properties":{"ref":"A 67","klasse":"motorway"},"geometry":{"type":"LineString","coordinates":[[8.55192,49.65249],[8.55183,49.65069],[8.55199,49.64777]]}},{"type":"Feature","properties":{"ref":"A 67","klasse":"motorway"},"geometry":{"type":"LineString","coordinates":[[8.55279,49.65627],[8.55491,49.6631],[8.55569,49.66644]]}},{"type":"Feature","properties":{"ref":"A 67","klasse":"motorway"},"geometry":{"type":"LineString","coordinates":[[8.55572,49.67099],[8.55569,49.66872],[8.55541,49.66623]]}},{"type":"Feature","properties":{"ref":"A 67","klasse":"motorway"},"geometry":{"type":"LineString","coordinates":[[8.55193,49.65267],[8.55192,49.65249]]}},{"type":"Feature","properties":{"ref":"A 67","klasse":"motorway"},"geometry":{"type":"LineString","coordinates":[[8.55266,49.6557],[8.55275,49.65611]]}},{"type":"Feature","properties":{"ref":"A 67","klasse":"motorway"},"geometry":{"type":"LineString","coordinates":[[8.55249,49.65606],[8.5524,49.65563]]}},{"type":"Feature","properties":{"ref":"A 67","klasse":"motorway"},"geometry":{"type":"LineString","coordinates":[[8.5524,49.65563],[8.55225,49.65498]]}},{"type":"Feature","properties":{"ref":"B 47","klasse":"trunk"},"geometry":{"type":"LineString","coordinates":[[8.55333,49.66024],[8.55139,49.65921]]}},{"type":"Feature","properties":{"ref":"B 47","klasse":"trunk"},"geometry":{"type":"LineString","coordinates":[[8.54822,49.65703],[8.54493,49.65397]]}},{"type":"Feature","properties":{"ref":"B 47","klasse":"trunk"},"geometry":{"type":"LineString","coordinates":[[8.54116,49.65171],[8.5401,49.65133]]}},{"type":"Feature","properties":{"ref":"B 47","klasse":"trunk"},"geometry":{"type":"LineString","coordinates":[[8.54796,49.65665],[8.54831,49.65694]]}},{"type":"Feature","properties":{"ref":"B 47","klasse":"trunk"},"geometry":{"type":"LineString","coordinates":[[8.5364,49.65051],[8.53629,49.6505]]}},{"type":"Feature","properties":{"ref":"B 47","klasse":"trunk"},"geometry":{"type":"LineString","coordinates":[[8.54841,49.65718],[8.54822,49.65703]]}},{"type":"Feature","properties":{"ref":"B 47","klasse":"trunk"},"geometry":{"type":"LineString","coordinates":[[8.53598,49.65038],[8.53765,49.65061],[8.53918,49.65095]]}},{"type":"Feature","properties":{"ref":"B 47","klasse":"trunk"},"geometry":{"type":"LineString","coordinates":[[8.54063,49.6514],[8.54112,49.65158]]}},{"type":"Feature","properties":{"ref":"B 47","klasse":"trunk"},"geometry":{"type":"LineString","coordinates":[[8.52646,49.6502],[8.53197,49.6503]]}},{"type":"Feature","properties":{"ref":"B 47","klasse":"trunk"},"geometry":{"type":"LineString","coordinates":[[8.53052,49.65039],[8.52646,49.6502]]}},{"type":"Feature","properties":{"ref":"B 47","klasse":"trunk"},"geometry":{"type":"LineString","coordinates":[[8.5401,49.65133],[8.53889,49.65097]]}},{"type":"Feature","properties":{"ref":"B 47","klasse":"trunk"},"geometry":{"type":"LineString","coordinates":[[8.53629,49.6505],[8.53482,49.65039]]}},{"type":"Feature","properties":{"ref":"K 31","klasse":"tertiary"},"geometry":{"type":"LineString","coordinates":[[8.54012,49.65148],[8.54137,49.6516]]}},{"type":"Feature","properties":{"ref":"B 460","klasse":"primary"},"geometry":{"type":"LineString","coordinates":[[8.56915,49.66492],[8.56952,49.66477]]}},{"type":"Feature","properties":{"ref":"B 47","klasse":"trunk"},"geometry":{"type":"LineString","coordinates":[[8.57256,49.66499],[8.5728,49.66503]]}},{"type":"Feature","properties":{"ref":"B 47","klasse":"primary"},"geometry":{"type":"LineString","coordinates":[[8.60549,49.67424],[8.60537,49.67421]]}},{"type":"Feature","properties":{"ref":"B 47","name":"Wormser Straße","klasse":"primary"},"geometry":{"type":"LineString","coordinates":[[8.60553,49.67412],[8.60686,49.67453]]}},{"type":"Feature","properties":{"ref":"B 47","klasse":"primary"},"geometry":{"type":"LineString","coordinates":[[8.49696,49.64725],[8.49564,49.64713]]}},{"type":"Feature","properties":{"ref":"B 47","klasse":"primary"},"geometry":{"type":"LineString","coordinates":[[8.48815,49.64612],[8.48646,49.64569]]}},{"type":"Feature","properties":{"ref":"B 47","klasse":"primary"},"geometry":{"type":"LineString","coordinates":[[8.50096,49.64781],[8.49955,49.64766],[8.49785,49.64735]]}},{"type":"Feature","properties":{"name":"Nibelungenstraße","klasse":"tertiary"},"geometry":{"type":"LineString","coordinates":[[8.48403,49.64602],[8.48336,49.64605]]}},{"type":"Feature","properties":{"ref":"A 5","klasse":"motorway"},"geometry":{"type":"LineString","coordinates":[[8.60956,49.64775],[8.60936,49.64542]]}},{"type":"Feature","properties":{"ref":"A 5","klasse":"motorway"},"geometry":{"type":"LineString","coordinates":[[8.60926,49.64303],[8.60936,49.64048],[8.6099,49.63736]]}},{"type":"Feature","properties":{"name":"Von-Humboldt-Straße","klasse":"residential"},"geometry":{"type":"LineString","coordinates":[[8.60982,49.64303],[8.61218,49.6428]]}},{"type":"Feature","properties":{"ref":"A 5","klasse":"motorway"},"geometry":{"type":"LineString","coordinates":[[8.60945,49.64302],[8.60945,49.64308]]}},{"type":"Feature","properties":{"ref":"A 5","klasse":"motorway"},"geometry":{"type":"LineString","coordinates":[[8.60987,49.65047],[8.60987,49.65053]]}},{"type":"Feature","properties":{"ref":"A 5","klasse":"motorway"},"geometry":{"type":"LineString","coordinates":[[8.60984,49.6494],[8.60987,49.65047]]}},{"type":"Feature","properties":{"ref":"A 5","klasse":"motorway"},"geometry":{"type":"LineString","coordinates":[[8.60945,49.64308],[8.6095,49.6446]]}},{"type":"Feature","properties":{"ref":"A 5","klasse":"motorway"},"geometry":{"type":"LineString","coordinates":[[8.60968,49.64707],[8.60984,49.6494]]}},{"type":"Feature","properties":{"ref":"A 5","klasse":"motorway"},"geometry":{"type":"LineString","coordinates":[[8.61009,49.63731],[8.60957,49.64034],[8.60945,49.64302]]}},{"type":"Feature","properties":{"ref":"B 460","klasse":"primary"},"geometry":{"type":"LineString","coordinates":[[8.60907,49.64706],[8.61009,49.64683]]}},{"type":"Feature","properties":{"ref":"B 460","klasse":"primary"},"geometry":{"type":"LineString","coordinates":[[8.59458,49.65043],[8.59988,49.6492]]}},{"type":"Feature","properties":{"ref":"A 5","klasse":"motorway_link"},"geometry":{"type":"LineString","coordinates":[[8.60968,49.65009],[8.60959,49.64983]]}},{"type":"Feature","properties":{"ref":"A 5","klasse":"motorway"},"geometry":{"type":"LineString","coordinates":[[8.60969,49.65056],[8.60969,49.6505]]}},{"type":"Feature","properties":{"ref":"A 5","klasse":"motorway"},"geometry":{"type":"LineString","coordinates":[[8.60969,49.6505],[8.60968,49.65009]]}},{"type":"Feature","properties":{"ref":"A 5","klasse":"motorway"},"geometry":{"type":"LineString","coordinates":[[8.60987,49.65053],[8.60986,49.6517]]}},{"type":"Feature","properties":{"ref":"A 5","klasse":"motorway"},"geometry":{"type":"LineString","coordinates":[[8.60321,49.66602],[8.606,49.66184],[8.60728,49.65975]]}},{"type":"Feature","properties":{"ref":"A 5","klasse":"motorway"},"geometry":{"type":"LineString","coordinates":[[8.60308,49.66623],[8.60321,49.66602]]}},{"type":"Feature","properties":{"ref":"A 5","klasse":"motorway"},"geometry":{"type":"LineString","coordinates":[[8.60234,49.66784],[8.60225,49.66799]]}},{"type":"Feature","properties":{"ref":"A 5","klasse":"motorway"},"geometry":{"type":"LineString","coordinates":[[8.60207,49.66795],[8.60215,49.6678]]}},{"type":"Feature","properties":{"ref":"A 5","klasse":"motorway"},"geometry":{"type":"LineString","coordinates":[[8.60338,49.66611],[8.60234,49.66784]]}},{"type":"Feature","properties":{"ref":"A 5","klasse":"motorway"},"geometry":{"type":"LineString","coordinates":[[8.6043,49.66472],[8.60338,49.66611]]}},{"type":"Feature","properties":{"ref":"A 5","klasse":"motorway"},"geometry":{"type":"LineString","coordinates":[[8.60093,49.67026],[8.60169,49.66866]]}},{"type":"Feature","properties":{"ref":"A 5","klasse":"motorway"},"geometry":{"type":"LineString","coordinates":[[8.59995,49.67305],[8.60004,49.67279]]}},{"type":"Feature","properties":{"ref":"A 5","klasse":"motorway"},"geometry":{"type":"LineString","coordinates":[[8.60225,49.66799],[8.60084,49.67101]]}},{"type":"Feature","properties":{"ref":"A 5","klasse":"motorway"},"geometry":{"type":"LineString","coordinates":[[8.60642,49.66151],[8.6043,49.66472]]}},{"type":"Feature","properties":{"ref":"A 5","klasse":"motorway"},"geometry":{"type":"LineString","coordinates":[[8.60011,49.67251],[8.60093,49.67026]]}},{"type":"Feature","properties":{"ref":"B 47","klasse":"primary"},"geometry":{"type":"LineString","coordinates":[[8.60197,49.67315],[8.60209,49.67319]]}},{"type":"Feature","properties":{"ref":"B 47","klasse":"primary"},"geometry":{"type":"LineString","coordinates":[[8.59823,49.67199],[8.59837,49.67204]]}},{"type":"Feature","properties":{"ref":"A 5","klasse":"motorway"},"geometry":{"type":"LineString","coordinates":[[8.59939,49.67773],[8.59942,49.6792],[8.59977,49.68147],[8.6003,49.68334],[8.60132,49.68592]]}},{"type":"Feature","properties":{"ref":"A 5","klasse":"motorway"},"geometry":{"type":"LineString","coordinates":[[8.59939,49.67758],[8.59939,49.67773]]}},{"type":"Feature","properties":{"ref":"A 5","klasse":"motorway"},"geometry":{"type":"LineString","coordinates":[[8.60304,49.69409],[8.60296,49.69198],[8.6026,49.69007],[8.60214,49.68854],[8.60014,49.68339],[8.5996,49.6815],[8.59925,49.67921],[8.59921,49.6777]]}},{"type":"Feature","properties":{"ref":"A 5","klasse":"motorway"},"geometry":{"type":"LineString","coordinates":[[8.59921,49.6777],[8.59922,49.67756]]}},{"type":"Feature","properties":{"ref":"A 5","klasse":"motorway"},"geometry":{"type":"LineString","coordinates":[[8.59965,49.67516],[8.59941,49.67708]]}},{"type":"Feature","properties":{"ref":"A 5","klasse":"motorway"},"geometry":{"type":"LineString","coordinates":[[8.60007,49.67327],[8.59965,49.67516]]}},{"type":"Feature","properties":{"ref":"A 5","klasse":"motorway"},"geometry":{"type":"LineString","coordinates":[[8.59922,49.67756],[8.59957,49.67459]]}},{"type":"Feature","properties":{"ref":"A 5","klasse":"motorway"},"geometry":{"type":"LineString","coordinates":[[8.60321,49.69437],[8.60293,49.69678],[8.60236,49.69889],[8.59848,49.70838],[8.59634,49.71437]]}},{"type":"Feature","properties":{"ref":"A 5","klasse":"motorway"},"geometry":{"type":"LineString","coordinates":[[8.59634,49.71437],[8.5963,49.71448]]}},{"type":"Feature","properties":{"ref":"A 5","klasse":"motorway"},"geometry":{"type":"LineString","coordinates":[[8.5961,49.71452],[8.59614,49.71441]]}},{"type":"Feature","properties":{"ref":"A 5","klasse":"motorway"},"geometry":{"type":"LineString","coordinates":[[8.59614,49.71441],[8.59748,49.71055]]}},{"type":"Feature","properties":{"ref":"A 5","klasse":"motorway"},"geometry":{"type":"LineString","coordinates":[[8.59373,49.72259],[8.59427,49.72056]]}},{"type":"Feature","properties":{"ref":"A 5","klasse":"motorway"},"geometry":{"type":"LineString","coordinates":[[8.59501,49.71803],[8.5961,49.71452]]}},{"type":"Feature","properties":{"ref":"A 5","klasse":"motorway"},"geometry":{"type":"LineString","coordinates":[[8.5963,49.71448],[8.59441,49.72067]]}},{"type":"Feature","properties":{"ref":"A 5","klasse":"motorway"},"geometry":{"type":"LineString","coordinates":[[8.60208,49.68778],[8.60278,49.69007],[8.60305,49.69139],[8.60323,49.69304]]}},{"type":"Feature","properties":{"name":"Zwingenberger Straße","klasse":"tertiary"},"geometry":{"type":"LineString","coordinates":[[8.59086,49.72244],[8.59105,49.72246]]}},{"type":"Feature","properties":{"ref":"A 5","klasse":"motorway"},"geometry":{"type":"LineString","coordinates":[[8.59271,49.7268],[8.59311,49.72507]]}},{"type":"Feature","properties":{"ref":"A 5","klasse":"motorway"},"geometry":{"type":"LineString","coordinates":[[8.59382,49.72298],[8.59329,49.72508]]}},{"type":"Feature","properties":{"ref":"A 5","klasse":"motorway"},"geometry":{"type":"LineString","coordinates":[[8.59329,49.72508],[8.59289,49.72682]]}},{"type":"Feature","properties":{"name":"Hauptstraße","klasse":"residential"},"geometry":{"type":"LineString","coordinates":[[8.5776,49.71917],[8.57847,49.71892],[8.57894,49.71903],[8.57919,49.71902],[8.57998,49.71868]]}},{"type":"Feature","properties":{"name":"Zwingenberger Straße","klasse":"tertiary"},"geometry":{"type":"LineString","coordinates":[[8.57998,49.71868],[8.58097,49.71927]]}},{"type":"Feature","properties":{"name":"Zwingenberger Straße","klasse":"tertiary"},"geometry":{"type":"LineString","coordinates":[[8.58468,49.72118],[8.58495,49.72123]]}},{"type":"Feature","properties":{"name":"Zwingenberger Straße","klasse":"tertiary"},"geometry":{"type":"LineString","coordinates":[[8.58495,49.72123],[8.58804,49.72187],[8.58951,49.72224],[8.59079,49.72243]]}},{"type":"Feature","properties":{"ref":"A 5","klasse":"motorway"},"geometry":{"type":"LineString","coordinates":[[8.59159,49.73707],[8.59188,49.73204],[8.59271,49.7268]]}},{"type":"Feature","properties":{"ref":"A 5","klasse":"motorway"},"geometry":{"type":"LineString","coordinates":[[8.59276,49.74878],[8.59193,49.74362]]}},{"type":"Feature","properties":{"name":"In den Linkengärten","klasse":"residential"},"geometry":{"type":"LineString","coordinates":[[8.56852,49.70545],[8.56756,49.70504]]}},{"type":"Feature","properties":{"name":"Berliner Ring","klasse":"tertiary"},"geometry":{"type":"LineString","coordinates":[[8.60278,49.68027],[8.60284,49.67945]]}},{"type":"Feature","properties":{"name":"Neuwiesenfeld","klasse":"unclassified"},"geometry":{"type":"LineString","coordinates":[[8.59317,49.6911],[8.5931,49.6912]]}},{"type":"Feature","properties":{"ref":"L 3261","klasse":"secondary"},"geometry":{"type":"LineString","coordinates":[[8.55358,49.7214],[8.55512,49.72282],[8.55579,49.72316],[8.5585,49.72394],[8.56084,49.72475],[8.56143,49.72504],[8.5657,49.72842],[8.56638,49.7288],[8.56792,49.7294],[8.5729,49.73022]]}},{"type":"Feature","properties":{"name":"Rodauer Straße","klasse":"secondary"},"geometry":{"type":"LineString","coordinates":[[8.57244,49.73245],[8.57232,49.73291],[8.57255,49.73336],[8.57368,49.73413],[8.57442,49.73482]]}},{"type":"Feature","properties":{"name":"An der Riedwiese","klasse":"unclassified"},"geometry":{"type":"LineString","coordinates":[[8.60645,49.67129],[8.6036,49.67077],[8.60322,49.6708],[8.60298,49.67103],[8.60258,49.6719],[8.60251,49.67257]]}},{"type":"Feature","properties":{"name":"Saarstraße","klasse":"tertiary"},"geometry":{"type":"LineString","coordinates":[[8.60685,49.69489],[8.60669,49.69486]]}},{"type":"Feature","properties":{"name":"Saarstraße","klasse":"tertiary"},"geometry":{"type":"LineString","coordinates":[[8.60556,49.6946],[8.60354,49.69404]]}},{"type":"Feature","properties":{"name":"Saarstraße","klasse":"tertiary"},"geometry":{"type":"LineString","coordinates":[[8.60663,49.69484],[8.60556,49.6946]]}},{"type":"Feature","properties":{"ref":"A 67","klasse":"motorway"},"geometry":{"type":"LineString","coordinates":[[8.54642,49.70876],[8.54811,49.70234]]}},{"type":"Feature","properties":{"name":"An der Riedwiese","klasse":"unclassified"},"geometry":{"type":"LineString","coordinates":[[8.60197,49.67315],[8.60233,49.67282]]}},{"type":"Feature","properties":{"name":"An der Riedwiese","klasse":"unclassified"},"geometry":{"type":"LineString","coordinates":[[8.60145,49.673],[8.60186,49.67301],[8.60216,49.67293]]}},{"type":"Feature","properties":{"name":"Am Forstbann","klasse":"residential"},"geometry":{"type":"LineString","coordinates":[[8.57408,49.64545],[8.57456,49.64538],[8.57514,49.64398],[8.57515,49.64382],[8.5749,49.64347]]}},{"type":"Feature","properties":{"ref":"L 3100","name":"Alsbacher Straße","klasse":"secondary"},"geometry":{"type":"LineString","coordinates":[[8.61372,49.72829],[8.61414,49.72987],[8.61526,49.73272]]}},{"type":"Feature","properties":{"name":"Lange Hart","klasse":"residential"},"geometry":{"type":"LineString","coordinates":[[8.60929,49.73257],[8.60884,49.73256]]}},{"type":"Feature","properties":{"name":"Lange Hart","klasse":"residential"},"geometry":{"type":"LineString","coordinates":[[8.60927,49.73336],[8.6093,49.73126],[8.61027,49.73126]]}},{"type":"Feature","properties":{"name":"Im Hartgrund","klasse":"residential"},"geometry":{"type":"LineString","coordinates":[[8.60638,49.73859],[8.60662,49.738],[8.60674,49.73728]]}},{"type":"Feature","properties":{"name":"Brückweg","klasse":"tertiary"},"geometry":{"type":"LineString","coordinates":[[8.61266,49.70663],[8.61207,49.70662]]}},{"type":"Feature","properties":{"name":"Adelungstraße","klasse":"residential"},"geometry":{"type":"LineString","coordinates":[[8.61233,49.67904],[8.6142,49.67894]]}},{"type":"Feature","properties":{"name":"An der Hartbrücke","klasse":"residential"},"geometry":{"type":"LineString","coordinates":[[8.59747,49.68835],[8.59727,49.68814],[8.59653,49.68789],[8.5964,49.68734],[8.59361,49.68456]]}},{"type":"Feature","properties":{"name":"Baustraße","klasse":"residential"},"geometry":{"type":"LineString","coordinates":[[8.61421,49.67684],[8.6134,49.67753]]}},{"type":"Feature","properties":{"name":"Beginenstraße","klasse":"living_street"},"geometry":{"type":"LineString","coordinates":[[8.61144,49.69008],[8.61139,49.68887]]}},{"type":"Feature","properties":{"name":"Beinengutstraße","klasse":"residential"},"geometry":{"type":"LineString","coordinates":[[8.61454,49.6807],[8.61422,49.67944],[8.61421,49.67857],[8.614,49.67795],[8.6136,49.67763],[8.61299,49.67736],[8.61094,49.67691]]}},{"type":"Feature","properties":{"name":"Bertolt-Brecht-Ring","klasse":"residential"},"geometry":{"type":"LineString","coordinates":[[8.61331,49.69069],[8.61205,49.69015],[8.61133,49.69009],[8.60912,49.69133]]}},{"type":"Feature","properties":{"name":"Gartenstraße","klasse":"residential"},"geometry":{"type":"LineString","coordinates":[[8.60771,49.68255],[8.60975,49.68242]]}},{"type":"Feature","properties":{"name":"Henri-Dunant-Straße","klasse":"residential"},"geometry":{"type":"LineString","coordinates":[[8.60148,49.68119],[8.60177,49.6812],[8.60188,49.68112],[8.60196,49.6802],[8.60182,49.67922],[8.60152,49.67878],[8.60155,49.67806]]}},{"type":"Feature","properties":{"name":"Hohenweg","klasse":"residential"},"geometry":{"type":"LineString","coordinates":[[8.61565,49.67756],[8.61508,49.67795],[8.61415,49.67827],[8.61228,49.67849]]}},{"type":"Feature","properties":{"name":"Küferweg","klasse":"pedestrian"},"geometry":{"type":"LineString","coordinates":[[8.61418,49.6792],[8.61459,49.67916],[8.61469,49.67856],[8.61447,49.67817]]}},{"type":"Feature","properties":{"name":"Leo-Grewenig-Straße","klasse":"living_street"},"geometry":{"type":"LineString","coordinates":[[8.61138,49.68881],[8.61179,49.68881],[8.61512,49.68998]]}},{"type":"Feature","properties":{"ref":"K 31","name":"Robert-Bosch-Straße","klasse":"tertiary"},"geometry":{"type":"LineString","coordinates":[[8.60295,49.67834],[8.6022,49.67818]]}},{"type":"Feature","properties":{"name":"Stubenwald-Allee","klasse":"unclassified"},"geometry":{"type":"LineString","coordinates":[[8.58902,49.67255],[8.58716,49.6747]]}},{"type":"Feature","properties":{"name":"Stubenwald-Allee","klasse":"unclassified"},"geometry":{"type":"LineString","coordinates":[[8.58902,49.67255],[8.58555,49.67127]]}},{"type":"Feature","properties":{"name":"Kinzigstraße","klasse":"residential"},"geometry":{"type":"LineString","coordinates":[[8.61582,49.67462],[8.6146,49.67504],[8.6141,49.67446],[8.61491,49.67407]]}},{"type":"Feature","properties":{"ref":"B 47","name":"Wormser Straße","klasse":"primary"},"geometry":{"type":"LineString","coordinates":[[8.60955,49.67535],[8.60643,49.67451]]}},{"type":"Feature","properties":{"name":"Humboldtstraße","klasse":"residential"},"geometry":{"type":"LineString","coordinates":[[8.56424,49.64701],[8.5645,49.64622]]}},{"type":"Feature","properties":{"name":"Humboldtstraße","klasse":"residential"},"geometry":{"type":"LineString","coordinates":[[8.5645,49.64622],[8.56464,49.64514]]}},{"type":"Feature","properties":{"name":"Mannheimer Straße","klasse":"residential"},"geometry":{"type":"LineString","coordinates":[[8.55952,49.64774],[8.56029,49.64811],[8.56173,49.64855],[8.56221,49.64882]]}},{"type":"Feature","properties":{"name":"Hügelstraße","klasse":"residential"},"geometry":{"type":"LineString","coordinates":[[8.56833,49.65043],[8.5677,49.65091]]}},{"type":"Feature","properties":{"ref":"L 3111","klasse":"secondary"},"geometry":{"type":"LineString","coordinates":[[8.58423,49.65285],[8.5846,49.65306],[8.58461,49.65318]]}},{"type":"Feature","properties":{"name":"Mittelstraße","klasse":"residential"},"geometry":{"type":"LineString","coordinates":[[8.57328,49.65346],[8.57341,49.65219]]}},{"type":"Feature","properties":{"name":"Odenwaldallee","klasse":"residential"},"geometry":{"type":"LineString","coordinates":[[8.57313,49.65513],[8.57635,49.65395]]}},{"type":"Feature","properties":{"name":"Friedensstraße","klasse":"unclassified"},"geometry":{"type":"LineString","coordinates":[[8.57547,49.64946],[8.57805,49.65043]]}},{"type":"Feature","properties":{"ref":"B 460","klasse":"primary"},"geometry":{"type":"LineString","coordinates":[[8.59435,49.65048],[8.59458,49.65043]]}},{"type":"Feature","properties":{"ref":"B 460","klasse":"primary"},"geometry":{"type":"LineString","coordinates":[[8.58241,49.65469],[8.58256,49.65456]]}},{"type":"Feature","properties":{"ref":"B 460","klasse":"primary"},"geometry":{"type":"LineString","coordinates":[[8.57382,49.66274],[8.57392,49.66268]]}},{"type":"Feature","properties":{"ref":"B 460","klasse":"primary"},"geometry":{"type":"LineString","coordinates":[[8.58529,49.65286],[8.58554,49.65275]]}},{"type":"Feature","properties":{"ref":"B 460","klasse":"primary"},"geometry":{"type":"LineString","coordinates":[[8.58256,49.65456],[8.58338,49.65391]]}},{"type":"Feature","properties":{"ref":"B 460","klasse":"primary"},"geometry":{"type":"LineString","coordinates":[[8.58554,49.65275],[8.58609,49.65254]]}},{"type":"Feature","properties":{"ref":"B 460","klasse":"primary"},"geometry":{"type":"LineString","coordinates":[[8.57797,49.65988],[8.57971,49.6581],[8.58218,49.65493]]}},{"type":"Feature","properties":{"name":"Carlo-Schmid-Straße","klasse":"living_street"},"geometry":{"type":"LineString","coordinates":[[8.5605,49.6597],[8.56131,49.65808]]}},{"type":"Feature","properties":{"ref":"K 31","klasse":"tertiary"},"geometry":{"type":"LineString","coordinates":[[8.57496,49.66139],[8.57487,49.66137]]}},{"type":"Feature","properties":{"ref":"K 31","klasse":"tertiary"},"geometry":{"type":"LineString","coordinates":[[8.57462,49.66131],[8.574,49.66116]]}},{"type":"Feature","properties":{"name":"Bahnhofstraße","klasse":"residential"},"geometry":{"type":"LineString","coordinates":[[8.5682,49.65923],[8.56782,49.65642]]}},{"type":"Feature","properties":{"ref":"K 31","name":"Bensheimer Straße","klasse":"tertiary"},"geometry":{"type":"LineString","coordinates":[[8.56202,49.65827],[8.5636,49.65866]]}},{"type":"Feature","properties":{"name":"Hedwig-Dransfeld-Straße","klasse":"living_street"},"geometry":{"type":"LineString","coordinates":[[8.56481,49.66064],[8.56429,49.66153]]}},{"type":"Feature","properties":{"ref":"K 31","name":"Bensheimer Straße","klasse":"tertiary"},"geometry":{"type":"LineString","coordinates":[[8.54773,49.65469],[8.54826,49.65508],[8.54892,49.65541],[8.54973,49.65565],[8.55057,49.65578]]}},{"type":"Feature","properties":{"name":"Rheinstraße","klasse":"residential"},"geometry":{"type":"LineString","coordinates":[[8.56052,49.6578],[8.56068,49.65761]]}},{"type":"Feature","properties":{"name":"Im Taubenfang","klasse":"unclassified"},"geometry":{"type":"LineString","coordinates":[[8.55093,49.65248],[8.55135,49.65252]]}},{"type":"Feature","properties":{"name":"Rödchesgasse","klasse":"residential"},"geometry":{"type":"LineString","coordinates":[[8.55994,49.65733],[8.5588,49.65718],[8.55637,49.6566]]}},{"type":"Feature","properties":{"ref":"L 3111","klasse":"secondary"},"geometry":{"type":"LineString","coordinates":[[8.56068,49.6675],[8.56019,49.66756]]}},{"type":"Feature","properties":{"ref":"K 65","name":"Industriestraße","klasse":"tertiary"},"geometry":{"type":"LineString","coordinates":[[8.55284,49.67022],[8.55356,49.67137]]}},{"type":"Feature","properties":{"name":"Kettelerstraße","klasse":"residential"},"geometry":{"type":"LineString","coordinates":[[8.55183,49.6705],[8.55121,49.66963],[8.55045,49.66797]]}},{"type":"Feature","properties":{"ref":"L 3111","klasse":"secondary"},"geometry":{"type":"LineString","coordinates":[[8.55291,49.67006],[8.5538,49.66966]]}},{"type":"Feature","properties":{"ref":"L 3111","klasse":"secondary"},"geometry":{"type":"LineString","coordinates":[[8.5538,49.66966],[8.55549,49.66906]]}},{"type":"Feature","properties":{"name":"Marktplatz","klasse":"tertiary"},"geometry":{"type":"LineString","coordinates":[[8.54479,49.6723],[8.54452,49.67223]]}},{"type":"Feature","properties":{"name":"Marktplatz","klasse":"secondary"},"geometry":{"type":"LineString","coordinates":[[8.54533,49.67213],[8.54479,49.6723]]}},{"type":"Feature","properties":{"name":"Mathildenstraße","klasse":"secondary"},"geometry":{"type":"LineString","coordinates":[[8.55183,49.6705],[8.54916,49.67166],[8.54786,49.6718]]}},{"type":"Feature","properties":{"name":"Römerstraße","klasse":"residential"},"geometry":{"type":"LineString","coordinates":[[8.53925,49.67247],[8.54052,49.67057],[8.54089,49.67021],[8.54205,49.66986],[8.54321,49.66962]]}},{"type":"Feature","properties":{"ref":"K 31","name":"Waldstraße","klasse":"tertiary"},"geometry":{"type":"LineString","coordinates":[[8.54287,49.66874],[8.5428,49.66722],[8.54299,49.66513]]}},{"type":"Feature","properties":{"name":"Waldstraße","klasse":"tertiary"},"geometry":{"type":"LineString","coordinates":[[8.54452,49.67223],[8.54431,49.6721],[8.5439,49.67143],[8.54287,49.66874]]}},{"type":"Feature","properties":{"name":"Friedhofstraße","klasse":"residential"},"geometry":{"type":"LineString","coordinates":[[8.54764,49.67373],[8.54837,49.67521]]}},{"type":"Feature","properties":{"name":"Friedhofstraße","klasse":"residential"},"geometry":{"type":"LineString","coordinates":[[8.54857,49.67573],[8.54879,49.67621]]}},{"type":"Feature","properties":{"name":"Geschwister-Scholl-Straße","klasse":"living_street"},"geometry":{"type":"LineString","coordinates":[[8.54878,49.67682],[8.54686,49.67712]]}},{"type":"Feature","properties":{"ref":"K 65","name":"Industriestraße","klasse":"tertiary"},"geometry":{"type":"LineString","coordinates":[[8.55376,49.67181],[8.55385,49.67239],[8.55371,49.6729],[8.55357,49.67309],[8.55235,49.67387],[8.55209,49.67415],[8.55186,49.67457],[8.55178,49.67527]]}},{"type":"Feature","properties":{"name":"Jägersburger Straße","klasse":"residential"},"geometry":{"type":"LineString","coordinates":[[8.53927,49.67628],[8.53757,49.67772],[8.53622,49.67919],[8.53623,49.67938],[8.5361,49.67951]]}},{"type":"Feature","properties":{"ref":"K 65","klasse":"tertiary"},"geometry":{"type":"LineString","coordinates":[[8.5524,49.67845],[8.55264,49.67858],[8.55245,49.67873],[8.55225,49.67868],[8.55221,49.67858],[8.5524,49.67845]]}},{"type":"Feature","properties":{"ref":"K 65","klasse":"tertiary"},"geometry":{"type":"LineString","coordinates":[[8.55213,49.67724],[8.5523,49.67798]]}},{"type":"Feature","properties":{"ref":"K 65","klasse":"tertiary"},"geometry":{"type":"LineString","coordinates":[[8.55245,49.67873],[8.55252,49.67925]]}},{"type":"Feature","properties":{"ref":"L 3111","klasse":"secondary"},"geometry":{"type":"LineString","coordinates":[[8.54406,49.67413],[8.54408,49.67417]]}},{"type":"Feature","properties":{"ref":"L 3111","klasse":"secondary"},"geometry":{"type":"LineString","coordinates":[[8.54395,49.67393],[8.54406,49.67413]]}},{"type":"Feature","properties":{"ref":"L 3111","klasse":"secondary"},"geometry":{"type":"LineString","coordinates":[[8.51213,49.70484],[8.51218,49.70462]]}},{"type":"Feature","properties":{"ref":"K 65","klasse":"tertiary"},"geometry":{"type":"LineString","coordinates":[[8.55448,49.69263],[8.55142,49.69712]]}},{"type":"Feature","properties":{"ref":"K 66","klasse":"tertiary"},"geometry":{"type":"LineString","coordinates":[[8.5742,49.72587],[8.5752,49.7245]]}},{"type":"Feature","properties":{"ref":"K 66","klasse":"tertiary"},"geometry":{"type":"LineString","coordinates":[[8.5752,49.7245],[8.57531,49.72443]]}},{"type":"Feature","properties":{"ref":"K 66","klasse":"tertiary"},"geometry":{"type":"LineString","coordinates":[[8.57531,49.72443],[8.5758,49.7241],[8.5761,49.72376],[8.57629,49.72291]]}},{"type":"Feature","properties":{"name":"Im Rodacker","klasse":"residential"},"geometry":{"type":"LineString","coordinates":[[8.57146,49.73238],[8.5709,49.73244],[8.57036,49.73267],[8.5678,49.73475]]}},{"type":"Feature","properties":{"ref":"L 3112","klasse":"secondary"},"geometry":{"type":"LineString","coordinates":[[8.58155,49.73704],[8.58642,49.73735]]}},{"type":"Feature","properties":{"ref":"L 3261","klasse":"secondary"},"geometry":{"type":"LineString","coordinates":[[8.57262,49.73212],[8.57338,49.73059]]}},{"type":"Feature","properties":{"ref":"L 3261","name":"Jägersburger Straße","klasse":"secondary"},"geometry":{"type":"LineString","coordinates":[[8.55355,49.719],[8.5536,49.71914],[8.55328,49.72019],[8.55341,49.72111],[8.55358,49.7214]]}},{"type":"Feature","properties":{"ref":"K 66","klasse":"tertiary"},"geometry":{"type":"LineString","coordinates":[[8.57402,49.72662],[8.57415,49.72598]]}},{"type":"Feature","properties":{"ref":"L 3261","klasse":"secondary"},"geometry":{"type":"LineString","coordinates":[[8.54841,49.71533],[8.54743,49.71459]]}},{"type":"Feature","properties":{"ref":"K 65","klasse":"tertiary"},"geometry":{"type":"LineString","coordinates":[[8.5557,49.6842],[8.55652,49.68498],[8.55679,49.68538],[8.55788,49.68827]]}},{"type":"Feature","properties":{"name":"Bahnhofstraße","klasse":"residential"},"geometry":{"type":"LineString","coordinates":[[8.49597,49.64732],[8.49591,49.64761]]}},{"type":"Feature","properties":{"name":"Bubenlachring","klasse":"residential"},"geometry":{"type":"LineString","coordinates":[[8.47817,49.6449],[8.4791,49.64518],[8.48073,49.64528],[8.48062,49.64484],[8.48025,49.64439],[8.47987,49.64413],[8.4791,49.64381]]}},{"type":"Feature","properties":{"name":"Eifelweg","klasse":"residential"},"geometry":{"type":"LineString","coordinates":[[8.49474,49.64821],[8.49531,49.64828]]}},{"type":"Feature","properties":{"name":"Harzweg","klasse":"residential"},"geometry":{"type":"LineString","coordinates":[[8.49479,49.648],[8.49536,49.64805]]}},{"type":"Feature","properties":{"name":"Odenwaldstraße","klasse":"residential"},"geometry":{"type":"LineString","coordinates":[[8.49299,49.64805],[8.49177,49.64801],[8.49171,49.64809],[8.49185,49.64811],[8.49191,49.64802]]}},{"type":"Feature","properties":{"name":"Am Pettweg","klasse":"residential"},"geometry":{"type":"LineString","coordinates":[[8.46495,49.64524],[8.46448,49.64526],[8.46445,49.64502],[8.46491,49.64427]]}},{"type":"Feature","properties":{"name":"Bensheimer Straße","klasse":"residential"},"geometry":{"type":"LineString","coordinates":[[8.46445,49.64502],[8.45962,49.64528]]}},{"type":"Feature","properties":{"name":"Boxheimerhofstraße","klasse":"residential"},"geometry":{"type":"LineString","coordinates":[[8.47074,49.64278],[8.47004,49.64354],[8.46951,49.64479]]}},{"type":"Feature","properties":{"name":"Boxheimerhofstraße","klasse":"residential"},"geometry":{"type":"LineString","coordinates":[[8.47218,49.6412],[8.47074,49.64278]]}},{"type":"Feature","properties":{"name":"Brüningstraße","klasse":"residential"},"geometry":{"type":"LineString","coordinates":[[8.47149,49.64283],[8.47065,49.64426],[8.47045,49.64492]]}},{"type":"Feature","properties":{"name":"Dieburger Straße","klasse":"residential"},"geometry":{"type":"LineString","coordinates":[[8.45974,49.64467],[8.46202,49.64479]]}},{"type":"Feature","properties":{"name":"Erbacher Straße","klasse":"residential"},"geometry":{"type":"LineString","coordinates":[[8.46192,49.64516],[8.46212,49.64443]]}},{"type":"Feature","properties":{"name":"Erzbergerstraße","klasse":"residential"},"geometry":{"type":"LineString","coordinates":[[8.47052,49.64459],[8.47246,49.64497]]}},{"type":"Feature","properties":{"name":"Friedrich-Ebert-Straße","klasse":"residential"},"geometry":{"type":"LineString","coordinates":[[8.47094,49.64375],[8.47312,49.64419]]}},{"type":"Feature","properties":{"name":"Heppenheimer Straße","klasse":"residential"},"geometry":{"type":"LineString","coordinates":[[8.45995,49.64405],[8.46352,49.64468]]}},{"type":"Feature","properties":{"name":"Leuschnerstraße","klasse":"residential"},"geometry":{"type":"LineString","coordinates":[[8.47177,49.64298],[8.47181,49.64289]]}},{"type":"Feature","properties":{"name":"Vinzenzstraße","klasse":"residential"},"geometry":{"type":"LineString","coordinates":[[8.45962,49.64528],[8.45956,49.64517],[8.46025,49.64314]]}},{"type":"Feature","properties":{"name":"Vinzenzstraße","klasse":"residential"},"geometry":{"type":"LineString","coordinates":[[8.46025,49.64314],[8.46119,49.64088]]}},{"type":"Feature","properties":{"name":"Alemannenstraße","klasse":"residential"},"geometry":{"type":"LineString","coordinates":[[8.44803,49.64454],[8.45002,49.64439]]}},{"type":"Feature","properties":{"name":"Am Weiher","klasse":"residential"},"geometry":{"type":"LineString","coordinates":[[8.45002,49.64439],[8.45002,49.6452],[8.44979,49.64596]]}},{"type":"Feature","properties":{"name":"Am Alten Friedhof","klasse":"residential"},"geometry":{"type":"LineString","coordinates":[[8.45159,49.6442],[8.45297,49.64414]]}},{"type":"Feature","properties":{"name":"Am Alten Friedhof","klasse":"residential"},"geometry":{"type":"LineString","coordinates":[[8.45297,49.64414],[8.45291,49.64465]]}},{"type":"Feature","properties":{"name":"Andreasstraße","klasse":"residential"},"geometry":{"type":"LineString","coordinates":[[8.45542,49.6453],[8.4558,49.6448],[8.45621,49.64377],[8.45659,49.64336],[8.45704,49.64223]]}},{"type":"Feature","properties":{"name":"Bahnhofsallee","klasse":"residential"},"geometry":{"type":"LineString","coordinates":[[8.4571,49.64548],[8.45723,49.64541],[8.45883,49.6453]]}},{"type":"Feature","properties":{"name":"Bahnhofsallee","klasse":"residential"},"geometry":{"type":"LineString","coordinates":[[8.4558,49.6448],[8.45707,49.6452]]}},{"type":"Feature","properties":{"name":"Bahnhofsallee","klasse":"residential"},"geometry":{"type":"LineString","coordinates":[[8.455,49.64583],[8.45406,49.64576]]}},{"type":"Feature","properties":{"name":"Bahnhofsallee","klasse":"residential"},"geometry":{"type":"LineString","coordinates":[[8.45709,49.6456],[8.45697,49.64567],[8.455,49.64583]]}},{"type":"Feature","properties":{"name":"Burgunderstraße","klasse":"residential"},"geometry":{"type":"LineString","coordinates":[[8.4486,49.64328],[8.44901,49.64449]]}},{"type":"Feature","properties":{"name":"Clemensstraße","klasse":"residential"},"geometry":{"type":"LineString","coordinates":[[8.45202,49.64493],[8.45426,49.64518]]}},{"type":"Feature","properties":{"name":"Clemensstraße","klasse":"residential"},"geometry":{"type":"LineString","coordinates":[[8.45426,49.64518],[8.45542,49.6453]]}},{"type":"Feature","properties":{"name":"Dammstraße","klasse":"residential"},"geometry":{"type":"LineString","coordinates":[[8.45981,49.64302],[8.45883,49.6453]]}},{"type":"Feature","properties":{"name":"Elisabethenstraße","klasse":"residential"},"geometry":{"type":"LineString","coordinates":[[8.45962,49.6436],[8.45675,49.64303]]}},{"type":"Feature","properties":{"name":"Frankenstraße","klasse":"residential"},"geometry":{"type":"LineString","coordinates":[[8.44799,49.64221],[8.4486,49.64328]]}},{"type":"Feature","properties":{"name":"Goethestraße","klasse":"residential"},"geometry":{"type":"LineString","coordinates":[[8.45747,49.64387],[8.45929,49.64422]]}},{"type":"Feature","properties":{"name":"Jahnstraße","klasse":"residential"},"geometry":{"type":"LineString","coordinates":[[8.45569,49.64496],[8.45441,49.64481]]}},{"type":"Feature","properties":{"name":"Jahnstraße","klasse":"residential"},"geometry":{"type":"LineString","coordinates":[[8.45208,49.64462],[8.45116,49.64435],[8.45108,49.64425]]}},{"type":"Feature","properties":{"name":"Jahnstraße","klasse":"residential"},"geometry":{"type":"LineString","coordinates":[[8.45441,49.64481],[8.45208,49.64462]]}},{"type":"Feature","properties":{"name":"Kanalstraße","klasse":"residential"},"geometry":{"type":"LineString","coordinates":[[8.453,49.64396],[8.45368,49.64409],[8.45464,49.64411]]}},{"type":"Feature","properties":{"name":"Kanalstraße","klasse":"residential"},"geometry":{"type":"LineString","coordinates":[[8.45611,49.644],[8.45736,49.64419]]}},{"type":"Feature","properties":{"name":"Kanalstraße","klasse":"residential"},"geometry":{"type":"LineString","coordinates":[[8.45464,49.64411],[8.4561,49.64404]]}},{"type":"Feature","properties":{"name":"Kirschstraße","klasse":"residential"},"geometry":{"type":"LineString","coordinates":[[8.454,49.64593],[8.4517,49.6461],[8.45208,49.64462]]}},{"type":"Feature","properties":{"name":"Korngasse","klasse":"residential"},"geometry":{"type":"LineString","coordinates":[[8.4552,49.64335],[8.45518,49.64411]]}},{"type":"Feature","properties":{"name":"Krämersweide","klasse":"residential"},"geometry":{"type":"LineString","coordinates":[[8.44979,49.64596],[8.44984,49.64619],[8.4517,49.6461]]}},{"type":"Feature","properties":{"name":"Krämersweide","klasse":"residential"},"geometry":{"type":"LineString","coordinates":[[8.44695,49.64616],[8.44979,49.64596]]}},{"type":"Feature","properties":{"name":"Mainstraße","klasse":"tertiary"},"geometry":{"type":"LineString","coordinates":[[8.45401,49.64644],[8.45389,49.6463],[8.45402,49.64586]]}},{"type":"Feature","properties":{"name":"Martinstraße","klasse":"residential"},"geometry":{"type":"LineString","coordinates":[[8.4548,49.64335],[8.4529,49.64335]]}},{"type":"Feature","properties":{"name":"Martinstraße","klasse":"residential"},"geometry":{"type":"LineString","coordinates":[[8.45634,49.6436],[8.45569,49.64336],[8.4548,49.64335]]}},{"type":"Feature","properties":{"name":"Peterstraße","klasse":"residential"},"geometry":{"type":"LineString","coordinates":[[8.45297,49.64414],[8.45283,49.64267]]}},{"type":"Feature","properties":{"name":"Römerstraße","klasse":"residential"},"geometry":{"type":"LineString","coordinates":[[8.44713,49.64243],[8.44806,49.6444],[8.44803,49.64454],[8.44785,49.64466],[8.44792,49.64607]]}},{"type":"Feature","properties":{"name":"Schillerstraße","klasse":"residential"},"geometry":{"type":"LineString","coordinates":[[8.45901,49.64486],[8.45723,49.64456]]}},{"type":"Feature","properties":{"name":"Schustergasse","klasse":"residential"},"geometry":{"type":"LineString","coordinates":[[8.45402,49.64336],[8.45405,49.6429]]}},{"type":"Feature","properties":{"name":"Wingertsfeldstraße","klasse":"residential"},"geometry":{"type":"LineString","coordinates":[[8.45757,49.64356],[8.45747,49.64387]]}},{"type":"Feature","properties":{"name":"Wingertsfeldstraße","klasse":"residential"},"geometry":{"type":"LineString","coordinates":[[8.45747,49.64387],[8.4571,49.64503],[8.4571,49.64548]]}},{"type":"Feature","properties":{"name":"Hammstraße","klasse":"residential"},"geometry":{"type":"LineString","coordinates":[[8.45064,49.64896],[8.45289,49.64925]]}},{"type":"Feature","properties":{"name":"Karl-Ulrich-Straße","klasse":"residential"},"geometry":{"type":"LineString","coordinates":[[8.4531,49.64856],[8.45597,49.64899]]}},{"type":"Feature","properties":{"ref":"L 3411","klasse":"secondary"},"geometry":{"type":"LineString","coordinates":[[8.45081,49.65627],[8.45059,49.65702]]}},{"type":"Feature","properties":{"name":"Lorscher Straße","klasse":"residential"},"geometry":{"type":"LineString","coordinates":[[8.4607,49.65023],[8.45725,49.6505]]}},{"type":"Feature","properties":{"name":"Mainstraße","klasse":"tertiary"},"geometry":{"type":"LineString","coordinates":[[8.45401,49.64644],[8.45381,49.6466]]}},{"type":"Feature","properties":{"name":"Martin-Luther-Straße","klasse":"residential"},"geometry":{"type":"LineString","coordinates":[[8.45367,49.64693],[8.45304,49.64686],[8.45256,49.64691],[8.4519,49.6487]]}},{"type":"Feature","properties":{"name":"Mittelriedstraße","klasse":"residential"},"geometry":{"type":"LineString","coordinates":[[8.45391,49.64617],[8.45164,49.64629]]}},{"type":"Feature","properties":{"name":"Riedstraße","klasse":"residential"},"geometry":{"type":"LineString","coordinates":[[8.45268,49.64992],[8.45038,49.64963]]}},{"type":"Feature","properties":{"name":"Sacksteinstraße","klasse":"residential"},"geometry":{"type":"LineString","coordinates":[[8.4525,49.65053],[8.45079,49.6504],[8.44903,49.65012]]}},{"type":"Feature","properties":{"name":"Schanzenstraße","klasse":"residential"},"geometry":{"type":"LineString","coordinates":[[8.45335,49.64786],[8.45626,49.64843]]}},{"type":"Feature","properties":{"name":"Schilfweg","klasse":"residential"},"geometry":{"type":"LineString","coordinates":[[8.44947,49.65019],[8.44973,49.64959]]}},{"type":"Feature","properties":{"name":"St.-Gallus-Straße","klasse":"residential"},"geometry":{"type":"LineString","coordinates":[[8.4529,49.64921],[8.45644,49.64965]]}},{"type":"Feature","properties":{"name":"Steinlachstraße","klasse":"residential"},"geometry":{"type":"LineString","coordinates":[[8.45038,49.64963],[8.44994,49.65069]]}},{"type":"Feature","properties":{"name":"Steinlachstraße","klasse":"residential"},"geometry":{"type":"LineString","coordinates":[[8.45164,49.64629],[8.4512,49.64765],[8.45038,49.64963]]}},{"type":"Feature","properties":{"name":"Hammstraße","klasse":"residential"},"geometry":{"type":"LineString","coordinates":[[8.45064,49.64896],[8.45007,49.64888]]}},{"type":"Feature","properties":{"name":"Dieselstraße","klasse":"residential"},"geometry":{"type":"LineString","coordinates":[[8.46972,49.65033],[8.46955,49.6505],[8.46811,49.65084],[8.46199,49.65153]]}},{"type":"Feature","properties":{"name":"Industriestraße","klasse":"tertiary"},"geometry":{"type":"LineString","coordinates":[[8.46955,49.64543],[8.46637,49.6454],[8.4628,49.64561],[8.4615,49.64581],[8.45968,49.64591]]}},{"type":"Feature","properties":{"name":"Industriestraße","klasse":"tertiary"},"geometry":{"type":"LineString","coordinates":[[8.45878,49.64584],[8.45931,49.64592]]}},{"type":"Feature","properties":{"name":"Brüder-Grimm-Straße","klasse":"residential"},"geometry":{"type":"LineString","coordinates":[[8.45212,49.66191],[8.45118,49.66177],[8.45016,49.66173]]}},{"type":"Feature","properties":{"name":"Frankensteinstraße","klasse":"secondary"},"geometry":{"type":"LineString","coordinates":[[8.44932,49.66193],[8.44457,49.66271],[8.44386,49.66273]]}},{"type":"Feature","properties":{"name":"Guntherstraße","klasse":"residential"},"geometry":{"type":"LineString","coordinates":[[8.44858,49.66207],[8.44862,49.66082],[8.44883,49.66003]]}},{"type":"Feature","properties":{"name":"Heinrich-Heine-Straße","klasse":"residential"},"geometry":{"type":"LineString","coordinates":[[8.44943,49.66278],[8.4508,49.66249],[8.45182,49.66265]]}},{"type":"Feature","properties":{"name":"In der Hainlache","klasse":"residential"},"geometry":{"type":"LineString","coordinates":[[8.44863,49.66114],[8.44721,49.66124],[8.44287,49.66185],[8.43714,49.66172]]}},{"type":"Feature","properties":{"name":"Sudetenstraße","klasse":"residential"},"geometry":{"type":"LineString","coordinates":[[8.44873,49.66036],[8.44295,49.66139],[8.43727,49.66123]]}},{"type":"Feature","properties":{"ref":"B 44","klasse":"primary"},"geometry":{"type":"LineString","coordinates":[[8.45354,49.68129],[8.45347,49.681]]}},{"type":"Feature","properties":{"name":"Bürstädter Straße","klasse":"tertiary"},"geometry":{"type":"LineString","coordinates":[[8.45229,49.68073],[8.45215,49.68097]]}},{"type":"Feature","properties":{"name":"Bruchweg","klasse":"residential"},"geometry":{"type":"LineString","coordinates":[[8.45883,49.68234],[8.45888,49.68228]]}},{"type":"Feature","properties":{"name":"Bruchweg","klasse":"residential"},"geometry":{"type":"LineString","coordinates":[[8.45872,49.68254],[8.45883,49.68234]]}},{"type":"Feature","properties":{"name":"Albert-Schweitzer-Straße","klasse":"residential"},"geometry":{"type":"LineString","coordinates":[[8.47828,49.71104],[8.47782,49.71049]]}},{"type":"Feature","properties":{"name":"Beethovenstraße","klasse":"residential"},"geometry":{"type":"LineString","coordinates":[[8.47965,49.71372],[8.47769,49.71176]]}},{"type":"Feature","properties":{"name":"Beethovenstraße","klasse":"residential"},"geometry":{"type":"LineString","coordinates":[[8.47965,49.71372],[8.48106,49.71612]]}},{"type":"Feature","properties":{"name":"Brahmsweg","klasse":"living_street"},"geometry":{"type":"LineString","coordinates":[[8.48281,49.7137],[8.48316,49.71365],[8.48403,49.71319],[8.48425,49.71337],[8.48551,49.71269],[8.48526,49.71249],[8.4851,49.71257],[8.48537,49.71278]]}},{"type":"Feature","properties":{"name":"Die Neuwiese","klasse":"residential"},"geometry":{"type":"LineString","coordinates":[[8.47553,49.71142],[8.47568,49.71139],[8.47632,49.7104],[8.47719,49.70884]]}},{"type":"Feature","properties":{"name":"Freiherr-vom-Stein-Straße","klasse":"residential"},"geometry":{"type":"LineString","coordinates":[[8.48021,49.7111],[8.47963,49.71022],[8.47898,49.7098],[8.47808,49.70946],[8.477,49.70923]]}},{"type":"Feature","properties":{"name":"Friedrich-Ebert-Straße","klasse":"residential"},"geometry":{"type":"LineString","coordinates":[[8.47562,49.7123],[8.48016,49.71112],[8.48213,49.71009]]}},{"type":"Feature","properties":{"name":"Georg-Büchner-Straße","klasse":"residential"},"geometry":{"type":"LineString","coordinates":[[8.47695,49.71048],[8.47766,49.71067]]}},{"type":"Feature","properties":{"name":"Geschwister-Scholl-Straße","klasse":"residential"},"geometry":{"type":"LineString","coordinates":[[8.4781,49.71014],[8.47724,49.70995]]}},{"type":"Feature","properties":{"name":"Haydnweg","klasse":"residential"},"geometry":{"type":"LineString","coordinates":[[8.48001,49.71428],[8.47916,49.71458]]}},{"type":"Feature","properties":{"name":"In den Elf Morgen","klasse":"residential"},"geometry":{"type":"LineString","coordinates":[[8.48016,49.71112],[8.48228,49.71318]]}},{"type":"Feature","properties":{"name":"Industriestraße","klasse":"tertiary"},"geometry":{"type":"LineString","coordinates":[[8.47989,49.71658],[8.47996,49.71673]]}},{"type":"Feature","properties":{"name":"Jägersburger Straße","klasse":"residential"},"geometry":{"type":"LineString","coordinates":[[8.48052,49.7135],[8.4787,49.7115]]}},{"type":"Feature","properties":{"name":"Kurt-Schumacher-Straße","klasse":"residential"},"geometry":{"type":"LineString","coordinates":[[8.4791,49.71085],[8.47841,49.70996]]}},{"type":"Feature","properties":{"name":"Mozartstraße","klasse":"residential"},"geometry":{"type":"LineString","coordinates":[[8.48006,49.71359],[8.48206,49.71581]]}},{"type":"Feature","properties":{"name":"Neben dem Schubertweg","klasse":"residential"},"geometry":{"type":"LineString","coordinates":[[8.48148,49.71334],[8.48128,49.71311]]}},{"type":"Feature","properties":{"name":"Richard-Wagner-Straße","klasse":"residential"},"geometry":{"type":"LineString","coordinates":[[8.47667,49.71204],[8.47916,49.71458],[8.47975,49.71532],[8.48032,49.71635]]}},{"type":"Feature","properties":{"name":"Schubertweg","klasse":"residential"},"geometry":{"type":"LineString","coordinates":[[8.48297,49.71254],[8.48424,49.71193],[8.48417,49.71179],[8.48301,49.71102],[8.48278,49.71101],[8.48091,49.71185]]}},{"type":"Feature","properties":{"name":"Schwanheimer Straße","klasse":"residential"},"geometry":{"type":"LineString","coordinates":[[8.48144,49.71234],[8.48056,49.71272]]}},{"type":"Feature","properties":{"name":"Schücostraße","klasse":"tertiary"},"geometry":{"type":"LineString","coordinates":[[8.47989,49.71658],[8.47999,49.71647],[8.48206,49.71581]]}},{"type":"Feature","properties":{"name":"Theodor-Heuss-Straße","klasse":"residential"},"geometry":{"type":"LineString","coordinates":[[8.47769,49.71176],[8.47739,49.71124],[8.47742,49.71099],[8.4782,49.71004],[8.47898,49.7098]]}},{"type":"Feature","properties":{"name":"Weimarer Weg","klasse":"residential"},"geometry":{"type":"LineString","coordinates":[[8.48173,49.71031],[8.48233,49.7108]]}},{"type":"Feature","properties":{"name":"Wilhelm-Leuschner-Straße","klasse":"residential"},"geometry":{"type":"LineString","coordinates":[[8.48136,49.7105],[8.48022,49.71021]]}},{"type":"Feature","properties":{"name":"Kornstraße","klasse":"tertiary"},"geometry":{"type":"LineString","coordinates":[[8.47349,49.7146],[8.47461,49.71332]]}},{"type":"Feature","properties":{"name":"Allmannspforte","klasse":"residential"},"geometry":{"type":"LineString","coordinates":[[8.47287,49.71342],[8.47214,49.71309]]}},{"type":"Feature","properties":{"name":"Augrabenstraße","klasse":"residential"},"geometry":{"type":"LineString","coordinates":[[8.47144,49.71815],[8.46834,49.71768]]}},{"type":"Feature","properties":{"name":"Bahnhofstraße","klasse":"residential"},"geometry":{"type":"LineString","coordinates":[[8.47641,49.71439],[8.47396,49.71692]]}},{"type":"Feature","properties":{"name":"Beinstraße","klasse":"residential"},"geometry":{"type":"LineString","coordinates":[[8.4715,49.71683],[8.46909,49.71621]]}},{"type":"Feature","properties":{"name":"Blumenstraße","klasse":"residential"},"geometry":{"type":"LineString","coordinates":[[8.47304,49.71328],[8.47197,49.7143]]}},{"type":"Feature","properties":{"name":"Burggrabenstraße","klasse":"residential"},"geometry":{"type":"LineString","coordinates":[[8.47508,49.71679],[8.47248,49.71577]]}},{"type":"Feature","properties":{"name":"Elisabethenstraße","klasse":"residential"},"geometry":{"type":"LineString","coordinates":[[8.47262,49.71309],[8.47357,49.71234],[8.47447,49.71193]]}},{"type":"Feature","properties":{"name":"Ernst-Ludwig-Straße","klasse":"residential"},"geometry":{"type":"LineString","coordinates":[[8.47593,49.71487],[8.47467,49.71427]]}},{"type":"Feature","properties":{"name":"Heerwegstraße","klasse":"residential"},"geometry":{"type":"LineString","coordinates":[[8.47349,49.7146],[8.47367,49.7146],[8.47585,49.71389],[8.47641,49.71439]]}},{"type":"Feature","properties":{"name":"Hintergasse","klasse":"residential"},"geometry":{"type":"LineString","coordinates":[[8.47147,49.71718],[8.47449,49.7177]]}},{"type":"Feature","properties":{"name":"Jahnstraße","klasse":"residential"},"geometry":{"type":"LineString","coordinates":[[8.46851,49.72058],[8.46921,49.7202]]}},{"type":"Feature","properties":{"name":"Kirchstraße","klasse":"residential"},"geometry":{"type":"LineString","coordinates":[[8.47147,49.71718],[8.47086,49.7171],[8.47062,49.7174]]}},{"type":"Feature","properties":{"name":"Kornstraße","klasse":"tertiary"},"geometry":{"type":"LineString","coordinates":[[8.47176,49.71657],[8.47349,49.7146]]}},{"type":"Feature","properties":{"name":"Ludwigstraße","klasse":"residential"},"geometry":{"type":"LineString","coordinates":[[8.47334,49.71477],[8.47758,49.71639]]}},{"type":"Feature","properties":{"name":"Neben dem Burggraben","klasse":"residential"},"geometry":{"type":"LineString","coordinates":[[8.47259,49.71564],[8.47319,49.71585]]}},{"type":"Feature","properties":{"name":"Neugasse","klasse":"residential"},"geometry":{"type":"LineString","coordinates":[[8.47293,49.71525],[8.4705,49.71437]]}},{"type":"Feature","properties":{"name":"Ochsengäßchen","klasse":"residential"},"geometry":{"type":"LineString","coordinates":[[8.4732,49.71752],[8.4734,49.71707]]}},{"type":"Feature","properties":{"name":"Rheinstraße","klasse":"tertiary"},"geometry":{"type":"LineString","coordinates":[[8.47805,49.71834],[8.47642,49.71761],[8.47472,49.71729]]}},{"type":"Feature","properties":{"name":"Wingertstraße","klasse":"residential"},"geometry":{"type":"LineString","coordinates":[[8.47884,49.71753],[8.47293,49.71525]]}},{"type":"Feature","properties":{"name":"Wormser Straße","klasse":"residential"},"geometry":{"type":"LineString","coordinates":[[8.474,49.71144],[8.47392,49.71137]]}},{"type":"Feature","properties":{"name":"Wormser Straße","klasse":"residential"},"geometry":{"type":"LineString","coordinates":[[8.47503,49.71276],[8.47478,49.71224],[8.47447,49.71193]]}},{"type":"Feature","properties":{"ref":"K 203","klasse":"tertiary"},"geometry":{"type":"LineString","coordinates":[[8.49156,49.74159],[8.49318,49.74172]]}},{"type":"Feature","properties":{"ref":"K 203","klasse":"tertiary"},"geometry":{"type":"LineString","coordinates":[[8.49318,49.74172],[8.49371,49.74178]]}},{"type":"Feature","properties":{"name":"Bleichstraße","klasse":"residential"},"geometry":{"type":"LineString","coordinates":[[8.48784,49.75039],[8.49055,49.75133]]}},{"type":"Feature","properties":{"name":"Bleichstraße","klasse":"residential"},"geometry":{"type":"LineString","coordinates":[[8.48242,49.74845],[8.48439,49.74915]]}},{"type":"Feature","properties":{"name":"Gartenstraße","klasse":"residential"},"geometry":{"type":"LineString","coordinates":[[8.48784,49.75039],[8.48741,49.75102]]}},{"type":"Feature","properties":{"name":"Gartenstraße","klasse":"residential"},"geometry":{"type":"LineString","coordinates":[[8.48784,49.75039],[8.48925,49.74874]]}},{"type":"Feature","properties":{"name":"Im Rosengarten","klasse":"residential"},"geometry":{"type":"LineString","coordinates":[[8.48585,49.75053],[8.48505,49.75036]]}},{"type":"Feature","properties":{"name":"Im Rosengarten","klasse":"residential"},"geometry":{"type":"LineString","coordinates":[[8.48505,49.75036],[8.48381,49.75],[8.48209,49.74965]]}},{"type":"Feature","properties":{"name":"Wormser Straße","klasse":"tertiary"},"geometry":{"type":"LineString","coordinates":[[8.48083,49.75186],[8.48155,49.75109],[8.48178,49.75071]]}},{"type":"Feature","properties":{"ref":"A 67","klasse":"motorway"},"geometry":{"type":"LineString","coordinates":[[8.54811,49.70234],[8.54815,49.70219]]}},{"type":"Feature","properties":{"ref":"A 67","klasse":"motorway"},"geometry":{"type":"LineString","coordinates":[[8.54421,49.7171],[8.54429,49.7168]]}},{"type":"Feature","properties":{"ref":"A 67","klasse":"motorway"},"geometry":{"type":"LineString","coordinates":[[8.54429,49.7168],[8.54538,49.71272]]}},{"type":"Feature","properties":{"ref":"A 67","klasse":"motorway"},"geometry":{"type":"LineString","coordinates":[[8.54815,49.70219],[8.54882,49.69968]]}},{"type":"Feature","properties":{"ref":"A 67","klasse":"motorway"},"geometry":{"type":"LineString","coordinates":[[8.54829,49.70227],[8.54548,49.71293]]}},{"type":"Feature","properties":{"ref":"A 67","klasse":"motorway"},"geometry":{"type":"LineString","coordinates":[[8.54439,49.71704],[8.54329,49.72133],[8.543,49.72312],[8.54292,49.7247],[8.54303,49.72926]]}},{"type":"Feature","properties":{"ref":"A 67","klasse":"motorway"},"geometry":{"type":"LineString","coordinates":[[8.54334,49.7455],[8.54331,49.74453]]}},{"type":"Feature","properties":{"ref":"B 44","klasse":"primary"},"geometry":{"type":"LineString","coordinates":[[8.45545,49.66163],[8.45568,49.66092],[8.45664,49.65882]]}},{"type":"Feature","properties":{"ref":"B 44","klasse":"primary"},"geometry":{"type":"LineString","coordinates":[[8.45679,49.65688],[8.45669,49.65671]]}},{"type":"Feature","properties":{"ref":"B 44","klasse":"primary"},"geometry":{"type":"LineString","coordinates":[[8.45669,49.65671],[8.45633,49.65623]]}},{"type":"Feature","properties":{"ref":"K 31","klasse":"tertiary"},"geometry":{"type":"LineString","coordinates":[[8.58497,49.66617],[8.58441,49.66548],[8.58263,49.66385],[8.58183,49.66329],[8.58049,49.66275],[8.57706,49.6619]]}},{"type":"Feature","properties":{"ref":"L 3345","klasse":"secondary"},"geometry":{"type":"LineString","coordinates":[[8.55142,49.69712],[8.55108,49.69731],[8.54934,49.6994],[8.54923,49.69978],[8.54912,49.70154],[8.54888,49.70187],[8.54854,49.70209]]}},{"type":"Feature","properties":{"ref":"L 3411","klasse":"secondary"},"geometry":{"type":"LineString","coordinates":[[8.45059,49.65702],[8.45057,49.65708]]}},{"type":"Feature","properties":{"ref":"L 3411","klasse":"secondary"},"geometry":{"type":"LineString","coordinates":[[8.45057,49.65708],[8.44987,49.65948]]}},{"type":"Feature","properties":{"ref":"A 67","klasse":"motorway"},"geometry":{"type":"LineString","coordinates":[[8.55571,49.67126],[8.55572,49.67099]]}},{"type":"Feature","properties":{"ref":"A 67","klasse":"motorway"},"geometry":{"type":"LineString","coordinates":[[8.5545,49.67801],[8.55538,49.67417],[8.55571,49.67126]]}},{"type":"Feature","properties":{"ref":"A 67","klasse":"motorway"},"geometry":{"type":"LineString","coordinates":[[8.54338,49.74698],[8.54334,49.7455]]}},{"type":"Feature","properties":{"ref":"A 67","klasse":"motorway"},"geometry":{"type":"LineString","coordinates":[[8.56189,49.78873],[8.5471,49.77147],[8.54583,49.7697],[8.54507,49.76831],[8.5443,49.76626],[8.54395,49.76466],[8.54385,49.76367],[8.54341,49.74806]]}},{"type":"Feature","properties":{"ref":"A 5","klasse":"motorway"},"geometry":{"type":"LineString","coordinates":[[8.60763,49.7707],[8.60436,49.76839],[8.60189,49.76633],[8.59968,49.76407],[8.59782,49.76169],[8.5963,49.75921],[8.59511,49.75668],[8.59405,49.75371],[8.59311,49.75028]]}},{"type":"Feature","properties":{"ref":"A 5","klasse":"motorway"},"geometry":{"type":"LineString","coordinates":[[8.59188,49.73433],[8.5918,49.73628]]}},{"type":"Feature","properties":{"ref":"A 5","klasse":"motorway"},"geometry":{"type":"LineString","coordinates":[[8.59222,49.73074],[8.59188,49.73433]]}},{"type":"Feature","properties":{"name":"Saarstraße","klasse":"tertiary"},"geometry":{"type":"LineString","coordinates":[[8.61032,49.69554],[8.60988,49.69545]]}},{"type":"Feature","properties":{"name":"Peter-Krenkel-Straße","klasse":"residential"},"geometry":{"type":"LineString","coordinates":[[8.60905,49.68839],[8.6085,49.68749]]}},{"type":"Feature","properties":{"name":"Peter-Krenkel-Straße","klasse":"residential"},"geometry":{"type":"LineString","coordinates":[[8.60949,49.68905],[8.60905,49.68839]]}},{"type":"Feature","properties":{"name":"Berliner Ring","klasse":"tertiary"},"geometry":{"type":"LineString","coordinates":[[8.61063,49.69562],[8.61035,49.69558],[8.61038,49.69543],[8.61066,49.69544],[8.61063,49.69562]]}},{"type":"Feature","properties":{"name":"Speyerstraße","klasse":"unclassified"},"geometry":{"type":"LineString","coordinates":[[8.4682,49.71448],[8.46595,49.71378],[8.46358,49.71315],[8.46082,49.71201]]}},{"type":"Feature","properties":{"name":"Nato-Straße","klasse":"unclassified"},"geometry":{"type":"LineString","coordinates":[[8.45619,49.73797],[8.45516,49.738],[8.45475,49.7382],[8.45467,49.73847]]}},{"type":"Feature","properties":{"name":"Nato-Straße","klasse":"unclassified"},"geometry":{"type":"LineString","coordinates":[[8.45706,49.73786],[8.45693,49.73787]]}},{"type":"Feature","properties":{"name":"Nato-Straße","klasse":"unclassified"},"geometry":{"type":"LineString","coordinates":[[8.4796,49.7473],[8.47788,49.74743],[8.47696,49.74727]]}},{"type":"Feature","properties":{"name":"Pfälzer Straße","klasse":"residential"},"geometry":{"type":"LineString","coordinates":[[8.48017,49.74741],[8.48047,49.74754]]}},{"type":"Feature","properties":{"ref":"K 31","klasse":"tertiary"},"geometry":{"type":"LineString","coordinates":[[8.58444,49.66882],[8.58438,49.6689]]}},{"type":"Feature","properties":{"ref":"L 3112","klasse":"secondary"},"geometry":{"type":"LineString","coordinates":[[8.54993,49.74106],[8.55765,49.7377],[8.55876,49.73743],[8.56105,49.73719]]}},{"type":"Feature","properties":{"name":"Schulstraße","klasse":"residential"},"geometry":{"type":"LineString","coordinates":[[8.56866,49.73821],[8.56866,49.73709],[8.56851,49.7365]]}},{"type":"Feature","properties":{"name":"Kornstraße","klasse":"tertiary"},"geometry":{"type":"LineString","coordinates":[[8.47461,49.71332],[8.47506,49.71284],[8.47535,49.71234],[8.47536,49.7117],[8.47523,49.71144]]}},{"type":"Feature","properties":{"name":"Berliner Ring","klasse":"tertiary"},"geometry":{"type":"LineString","coordinates":[[8.61043,49.6954],[8.61043,49.69529]]}},{"type":"Feature","properties":{"ref":"L 3111","klasse":"secondary"},"geometry":{"type":"LineString","coordinates":[[8.58423,49.65285],[8.58389,49.65268]]}},{"type":"Feature","properties":{"ref":"L 3111","klasse":"secondary"},"geometry":{"type":"LineString","coordinates":[[8.58461,49.65318],[8.58434,49.65299]]}},{"type":"Feature","properties":{"name":"Jahnstraße","klasse":"residential"},"geometry":{"type":"LineString","coordinates":[[8.46921,49.7202],[8.47058,49.71874],[8.47159,49.71804],[8.47173,49.71771],[8.47141,49.71699],[8.47156,49.71678],[8.47177,49.71669]]}},{"type":"Feature","properties":{"name":"Mathildenstraße","klasse":"secondary"},"geometry":{"type":"LineString","coordinates":[[8.54578,49.67199],[8.54563,49.67203]]}},{"type":"Feature","properties":{"name":"Mathildenstraße","klasse":"secondary"},"geometry":{"type":"LineString","coordinates":[[8.54563,49.67203],[8.54533,49.67213]]}},{"type":"Feature","properties":{"name":"Schulstraße","klasse":"living_street"},"geometry":{"type":"LineString","coordinates":[[8.54582,49.67253],[8.54559,49.67259]]}},{"type":"Feature","properties":{"name":"Bahnhofstraße","klasse":"residential"},"geometry":{"type":"LineString","coordinates":[[8.49591,49.64761],[8.4955,49.64942]]}},{"type":"Feature","properties":{"name":"Marktplatz","klasse":"living_street"},"geometry":{"type":"LineString","coordinates":[[8.54559,49.67259],[8.54566,49.6727]]}},{"type":"Feature","properties":{"ref":"K 31","klasse":"tertiary"},"geometry":{"type":"LineString","coordinates":[[8.5367,49.65133],[8.537,49.65122],[8.53783,49.65128]]}},{"type":"Feature","properties":{"ref":"K 65","name":"Industriestraße","klasse":"tertiary"},"geometry":{"type":"LineString","coordinates":[[8.5518,49.67543],[8.55213,49.67724]]}},{"type":"Feature","properties":{"name":"Falltorhausstraße","klasse":"residential"},"geometry":{"type":"LineString","coordinates":[[8.47805,49.71834],[8.4792,49.71715]]}},{"type":"Feature","properties":{"name":"Industriestraße","klasse":"unclassified"},"geometry":{"type":"LineString","coordinates":[[8.48383,49.72047],[8.48433,49.72118]]}},{"type":"Feature","properties":{"name":"Werner-von-Siemens-Straße","klasse":"tertiary"},"geometry":{"type":"LineString","coordinates":[[8.48383,49.72047],[8.48611,49.71983],[8.49224,49.71854]]}},{"type":"Feature","properties":{"ref":"B 44","klasse":"primary"},"geometry":{"type":"LineString","coordinates":[[8.49131,49.73186],[8.48924,49.72861],[8.48871,49.72761],[8.48858,49.72658],[8.48885,49.72556]]}},{"type":"Feature","properties":{"ref":"B 44","klasse":"primary"},"geometry":{"type":"LineString","coordinates":[[8.49429,49.73839],[8.49438,49.7386]]}},{"type":"Feature","properties":{"ref":"B 44","klasse":"primary"},"geometry":{"type":"LineString","coordinates":[[8.49653,49.74183],[8.49684,49.74213]]}},{"type":"Feature","properties":{"ref":"B 44","klasse":"primary"},"geometry":{"type":"LineString","coordinates":[[8.49582,49.7413],[8.49526,49.74048],[8.49438,49.7386]]}},{"type":"Feature","properties":{"ref":"K 203","klasse":"tertiary"},"geometry":{"type":"LineString","coordinates":[[8.49545,49.74202],[8.49566,49.742]]}},{"type":"Feature","properties":{"name":"Bahnhofstraße","klasse":"residential"},"geometry":{"type":"LineString","coordinates":[[8.5682,49.65945],[8.5682,49.65923]]}},{"type":"Feature","properties":{"name":"Hügelstraße","klasse":"residential"},"geometry":{"type":"LineString","coordinates":[[8.61723,49.74955],[8.61653,49.75013],[8.61316,49.75168]]}},{"type":"Feature","properties":{"name":"Berliner Ring","klasse":"tertiary"},"geometry":{"type":"LineString","coordinates":[[8.60648,49.68697],[8.60702,49.68773]]}},{"type":"Feature","properties":{"name":"Am Malschen","klasse":"residential"},"geometry":{"type":"LineString","coordinates":[[8.61488,49.72501],[8.61447,49.72528],[8.61442,49.72597],[8.61549,49.72602]]}},{"type":"Feature","properties":{"name":"Berliner Ring","klasse":"tertiary"},"geometry":{"type":"LineString","coordinates":[[8.61048,49.69575],[8.61046,49.69564]]}},{"type":"Feature","properties":{"name":"Berliner Ring","klasse":"tertiary"},"geometry":{"type":"LineString","coordinates":[[8.61043,49.69529],[8.61038,49.69469]]}},{"type":"Feature","properties":{"name":"Berliner Ring","klasse":"tertiary"},"geometry":{"type":"LineString","coordinates":[[8.61058,49.69658],[8.61057,49.69648]]}},{"type":"Feature","properties":{"name":"Saarstraße","klasse":"tertiary"},"geometry":{"type":"LineString","coordinates":[[8.60988,49.69545],[8.60922,49.69537]]}},{"type":"Feature","properties":{"name":"Kaiser-Wilhelm-Platz","klasse":"residential"},"geometry":{"type":"LineString","coordinates":[[8.56622,49.65168],[8.56698,49.65175]]}},{"type":"Feature","properties":{"name":"Stiftstraße","klasse":"residential"},"geometry":{"type":"LineString","coordinates":[[8.56607,49.65184],[8.56622,49.65168]]}},{"type":"Feature","properties":{"ref":"B 460","klasse":"primary"},"geometry":{"type":"LineString","coordinates":[[8.6105,49.64674],[8.61105,49.64661]]}},{"type":"Feature","properties":{"ref":"B 460","klasse":"primary"},"geometry":{"type":"LineString","coordinates":[[8.61105,49.64661],[8.6118,49.64644]]}},{"type":"Feature","properties":{"ref":"B 460","klasse":"primary"},"geometry":{"type":"LineString","coordinates":[[8.60708,49.64753],[8.60761,49.64741]]}},{"type":"Feature","properties":{"ref":"K 31","klasse":"tertiary"},"geometry":{"type":"LineString","coordinates":[[8.57662,49.6618],[8.57654,49.66178]]}},{"type":"Feature","properties":{"ref":"K 31","klasse":"tertiary"},"geometry":{"type":"LineString","coordinates":[[8.574,49.66116],[8.57352,49.66105]]}},{"type":"Feature","properties":{"ref":"K 31","klasse":"tertiary"},"geometry":{"type":"LineString","coordinates":[[8.58516,49.66668],[8.58501,49.66624]]}},{"type":"Feature","properties":{"ref":"K 31","klasse":"tertiary"},"geometry":{"type":"LineString","coordinates":[[8.57352,49.66105],[8.57343,49.66103]]}},{"type":"Feature","properties":{"ref":"K 31","klasse":"tertiary"},"geometry":{"type":"LineString","coordinates":[[8.57706,49.6619],[8.57662,49.6618]]}},{"type":"Feature","properties":{"ref":"K 31","klasse":"tertiary"},"geometry":{"type":"LineString","coordinates":[[8.57075,49.66039],[8.57248,49.6608]]}},{"type":"Feature","properties":{"ref":"K 31","klasse":"tertiary"},"geometry":{"type":"LineString","coordinates":[[8.57654,49.66178],[8.57538,49.6615]]}},{"type":"Feature","properties":{"ref":"K 67","klasse":"tertiary"},"geometry":{"type":"LineString","coordinates":[[8.59606,49.72302],[8.59741,49.72306],[8.59852,49.72298],[8.5998,49.72271],[8.60078,49.72238]]}},{"type":"Feature","properties":{"ref":"K 67","klasse":"tertiary"},"geometry":{"type":"LineString","coordinates":[[8.59484,49.72289],[8.59542,49.72295]]}},{"type":"Feature","properties":{"ref":"K 67","klasse":"tertiary"},"geometry":{"type":"LineString","coordinates":[[8.59542,49.72295],[8.59606,49.72302]]}},{"type":"Feature","properties":{"ref":"K 67","klasse":"tertiary"},"geometry":{"type":"LineString","coordinates":[[8.59261,49.72264],[8.59326,49.72271]]}},{"type":"Feature","properties":{"ref":"L 3112","klasse":"secondary"},"geometry":{"type":"LineString","coordinates":[[8.59907,49.74012],[8.60035,49.7402]]}},{"type":"Feature","properties":{"ref":"L 3112","klasse":"secondary"},"geometry":{"type":"LineString","coordinates":[[8.60091,49.74022],[8.60184,49.74022]]}},{"type":"Feature","properties":{"ref":"L 3112","klasse":"secondary"},"geometry":{"type":"LineString","coordinates":[[8.60035,49.7402],[8.60091,49.74022]]}},{"type":"Feature","properties":{"name":"Berliner Ring","klasse":"tertiary"},"geometry":{"type":"LineString","coordinates":[[8.60722,49.68785],[8.60702,49.68798],[8.60683,49.68784],[8.60702,49.68773],[8.60722,49.68785]]}},{"type":"Feature","properties":{"name":"Burgunderstraße","klasse":"residential"},"geometry":{"type":"LineString","coordinates":[[8.48498,49.74331],[8.48372,49.74305]]}},{"type":"Feature","properties":{"ref":"K 203","name":"Mannheimer Straße","klasse":"tertiary"},"geometry":{"type":"LineString","coordinates":[[8.49043,49.73295],[8.49044,49.73324]]}},{"type":"Feature","properties":{"name":"Pfälzer Straße","klasse":"residential"},"geometry":{"type":"LineString","coordinates":[[8.48047,49.74754],[8.48083,49.74771]]}},{"type":"Feature","properties":{"ref":"L 3112","klasse":"secondary"},"geometry":{"type":"LineString","coordinates":[[8.52652,49.75132],[8.53694,49.74675]]}},{"type":"Feature","properties":{"name":"Rehngartenstraße","klasse":"residential"},"geometry":{"type":"LineString","coordinates":[[8.56739,49.65513],[8.56649,49.65554],[8.56562,49.65577]]}},{"type":"Feature","properties":{"name":"Wormser Straße","klasse":"tertiary"},"geometry":{"type":"LineString","coordinates":[[8.48671,49.74388],[8.4869,49.74372]]}},{"type":"Feature","properties":{"name":"Carl-Benz-Straße","klasse":"unclassified"},"geometry":{"type":"LineString","coordinates":[[8.4882,49.71938],[8.4894,49.72121]]}},{"type":"Feature","properties":{"ref":"B 47","klasse":"primary"},"geometry":{"type":"LineString","coordinates":[[8.59769,49.67181],[8.59823,49.67199]]}},{"type":"Feature","properties":{"ref":"B 47","klasse":"trunk"},"geometry":{"type":"LineString","coordinates":[[8.59817,49.67211],[8.59742,49.67185]]}},{"type":"Feature","properties":{"ref":"B 47","klasse":"primary"},"geometry":{"type":"LineString","coordinates":[[8.59874,49.6723],[8.59832,49.67215]]}},{"type":"Feature","properties":{"ref":"B 47","klasse":"primary"},"geometry":{"type":"LineString","coordinates":[[8.59977,49.67263],[8.59956,49.67256]]}},{"type":"Feature","properties":{"ref":"B 47","klasse":"primary"},"geometry":{"type":"LineString","coordinates":[[8.59956,49.67256],[8.59874,49.6723]]}},{"type":"Feature","properties":{"ref":"B 47","klasse":"primary"},"geometry":{"type":"LineString","coordinates":[[8.59837,49.67204],[8.59936,49.67236]]}},{"type":"Feature","properties":{"name":"Wormser Straße","klasse":"residential"},"geometry":{"type":"LineString","coordinates":[[8.60955,49.67535],[8.60938,49.67542]]}},{"type":"Feature","properties":{"ref":"B 47","klasse":"primary"},"geometry":{"type":"LineString","coordinates":[[8.60055,49.67274],[8.60145,49.673]]}},{"type":"Feature","properties":{"ref":"B 47","klasse":"primary"},"geometry":{"type":"LineString","coordinates":[[8.60209,49.67319],[8.60378,49.67364]]}},{"type":"Feature","properties":{"ref":"B 47","klasse":"primary"},"geometry":{"type":"LineString","coordinates":[[8.60145,49.673],[8.60197,49.67315]]}},{"type":"Feature","properties":{"ref":"B 47","name":"Wormser Straße","klasse":"primary"},"geometry":{"type":"LineString","coordinates":[[8.60993,49.67546],[8.60971,49.6754]]}},{"type":"Feature","properties":{"ref":"B 47","name":"Wormser Straße","klasse":"primary"},"geometry":{"type":"LineString","coordinates":[[8.60935,49.67526],[8.60955,49.67535]]}},{"type":"Feature","properties":{"ref":"B 47","name":"Wormser Straße","klasse":"primary"},"geometry":{"type":"LineString","coordinates":[[8.60816,49.67492],[8.60935,49.67526]]}},{"type":"Feature","properties":{"name":"Am Bildstock","klasse":"residential"},"geometry":{"type":"LineString","coordinates":[[8.60802,49.67412],[8.60753,49.67399],[8.60762,49.67386]]}},{"type":"Feature","properties":{"name":"Beethovenstraße","klasse":"living_street"},"geometry":{"type":"LineString","coordinates":[[8.54501,49.66814],[8.54464,49.66814]]}},{"type":"Feature","properties":{"name":"Lise-Meitner-Straße","klasse":"residential"},"geometry":{"type":"LineString","coordinates":[[8.55264,49.67858],[8.55312,49.6786],[8.55322,49.67869],[8.5531,49.67943],[8.55254,49.67944]]}},{"type":"Feature","properties":{"name":"Ampèrestraße","klasse":"unclassified"},"geometry":{"type":"LineString","coordinates":[[8.59819,49.67248],[8.59795,49.67281]]}},{"type":"Feature","properties":{"name":"Ampèrestraße","klasse":"unclassified"},"geometry":{"type":"LineString","coordinates":[[8.59803,49.67257],[8.59817,49.67211]]}},{"type":"Feature","properties":{"ref":"B 47","klasse":"primary"},"geometry":{"type":"LineString","coordinates":[[8.60203,49.67329],[8.60191,49.67326]]}},{"type":"Feature","properties":{"ref":"L 3111","klasse":"secondary"},"geometry":{"type":"LineString","coordinates":[[8.5639,49.66654],[8.566,49.66598]]}},{"type":"Feature","properties":{"name":"Carl-Benz-Straße","klasse":"tertiary"},"geometry":{"type":"LineString","coordinates":[[8.56069,49.66726],[8.56069,49.667]]}},{"type":"Feature","properties":{"ref":"L 3111","klasse":"secondary"},"geometry":{"type":"LineString","coordinates":[[8.55654,49.66872],[8.56019,49.66756]]}},{"type":"Feature","properties":{"ref":"L 3111","klasse":"secondary"},"geometry":{"type":"LineString","coordinates":[[8.56019,49.66756],[8.5606,49.66739]]}},{"type":"Feature","properties":{"name":"Carl-Benz-Straße","klasse":"tertiary"},"geometry":{"type":"LineString","coordinates":[[8.56069,49.667],[8.56087,49.66723]]}},{"type":"Feature","properties":{"ref":"L 3111","klasse":"secondary"},"geometry":{"type":"LineString","coordinates":[[8.56099,49.66727],[8.56151,49.66719]]}},{"type":"Feature","properties":{"ref":"B 47","klasse":"trunk"},"geometry":{"type":"LineString","coordinates":[[8.57267,49.66511],[8.57251,49.66509]]}},{"type":"Feature","properties":{"ref":"B 47","klasse":"trunk"},"geometry":{"type":"LineString","coordinates":[[8.5728,49.66503],[8.57292,49.66505]]}},{"type":"Feature","properties":{"ref":"K 31","name":"Bensheimer Straße","klasse":"tertiary"},"geometry":{"type":"LineString","coordinates":[[8.54536,49.65229],[8.54588,49.65258],[8.54644,49.65303],[8.54752,49.65448]]}},{"type":"Feature","properties":{"ref":"B 460","klasse":"primary"},"geometry":{"type":"LineString","coordinates":[[8.58461,49.65318],[8.58529,49.65286]]}},{"type":"Feature","properties":{"name":"Heinrichstraße","klasse":"residential"},"geometry":{"type":"LineString","coordinates":[[8.5598,49.65718],[8.55933,49.6565],[8.55932,49.65635],[8.5595,49.6561],[8.5604,49.65529]]}},{"type":"Feature","properties":{"ref":"K 31","klasse":"tertiary"},"geometry":{"type":"LineString","coordinates":[[8.53964,49.65144],[8.54012,49.65148]]}},{"type":"Feature","properties":{"name":"Lindenstraße","klasse":"residential"},"geometry":{"type":"LineString","coordinates":[[8.5617,49.65764],[8.5682,49.65923]]}},{"type":"Feature","properties":{"name":"Mainstraße","klasse":"tertiary"},"geometry":{"type":"LineString","coordinates":[[8.45406,49.64576],[8.45481,49.6436],[8.45459,49.64289],[8.45466,49.64229],[8.45457,49.64179]]}},{"type":"Feature","properties":{"name":"Nibelungenstraße","klasse":"unclassified"},"geometry":{"type":"LineString","coordinates":[[8.55804,49.65315],[8.55827,49.65314]]}},{"type":"Feature","properties":{"ref":"K 31","klasse":"tertiary"},"geometry":{"type":"LineString","coordinates":[[8.54197,49.65165],[8.54285,49.65173]]}},{"type":"Feature","properties":{"name":"Am Jahnplatz","klasse":"residential"},"geometry":{"type":"LineString","coordinates":[[8.45002,49.64439],[8.45159,49.6442]]}},{"type":"Feature","properties":{"name":"Bubenlachring","klasse":"residential"},"geometry":{"type":"LineString","coordinates":[[8.47817,49.6449],[8.4791,49.64381]]}},{"type":"Feature","properties":{"name":"Industriestraße","klasse":"tertiary"},"geometry":{"type":"LineString","coordinates":[[8.45605,49.64609],[8.45453,49.64617],[8.45426,49.64628]]}},{"type":"Feature","properties":{"name":"Leuschnerstraße","klasse":"residential"},"geometry":{"type":"LineString","coordinates":[[8.47181,49.64289],[8.47277,49.64135]]}},{"type":"Feature","properties":{"name":"Mainstraße","klasse":"tertiary"},"geometry":{"type":"LineString","coordinates":[[8.45188,49.65265],[8.45176,49.65289]]}},{"type":"Feature","properties":{"name":"Mainstraße","klasse":"tertiary"},"geometry":{"type":"LineString","coordinates":[[8.45402,49.64586],[8.45406,49.64576]]}},{"type":"Feature","properties":{"name":"Mainstraße","klasse":"tertiary"},"geometry":{"type":"LineString","coordinates":[[8.45381,49.6466],[8.45289,49.64925]]}},{"type":"Feature","properties":{"name":"Nibelungenstraße","klasse":"tertiary"},"geometry":{"type":"LineString","coordinates":[[8.4776,49.64561],[8.48201,49.64601]]}},{"type":"Feature","properties":{"name":"Nibelungenstraße","klasse":"residential"},"geometry":{"type":"LineString","coordinates":[[8.46025,49.64314],[8.4632,49.64385]]}},{"type":"Feature","properties":{"name":"Wasserwerkstraße","klasse":"tertiary"},"geometry":{"type":"LineString","coordinates":[[8.47379,49.64339],[8.47386,49.6433]]}},{"type":"Feature","properties":{"name":"Bahnhofsallee","klasse":"residential"},"geometry":{"type":"LineString","coordinates":[[8.45709,49.6456],[8.4571,49.64548]]}},{"type":"Feature","properties":{"ref":"K 203","klasse":"tertiary"},"geometry":{"type":"LineString","coordinates":[[8.48824,49.74127],[8.48853,49.74152]]}},{"type":"Feature","properties":{"ref":"L 3112","klasse":"secondary"},"geometry":{"type":"LineString","coordinates":[[8.54152,49.74476],[8.54194,49.74455]]}},{"type":"Feature","properties":{"name":"Brahmsweg","klasse":"living_street"},"geometry":{"type":"LineString","coordinates":[[8.48471,49.71312],[8.48444,49.7129]]}},{"type":"Feature","properties":{"name":"Brahmsweg","klasse":"living_street"},"geometry":{"type":"LineString","coordinates":[[8.48389,49.71327],[8.48411,49.71344],[8.48425,49.71337]]}},{"type":"Feature","properties":{"name":"Brahmsweg","klasse":"living_street"},"geometry":{"type":"LineString","coordinates":[[8.48341,49.71351],[8.48367,49.71371]]}},{"type":"Feature","properties":{"name":"Von-Weber-Straße","klasse":"unclassified"},"geometry":{"type":"LineString","coordinates":[[8.48313,49.71563],[8.48205,49.71445]]}},{"type":"Feature","properties":{"ref":"K 65","klasse":"tertiary"},"geometry":{"type":"LineString","coordinates":[[8.55254,49.67944],[8.55267,49.68125],[8.55293,49.68174]]}},{"type":"Feature","properties":{"ref":"A 67","klasse":"motorway_link"},"geometry":{"type":"LineString","coordinates":[[8.55478,49.66199],[8.55542,49.66418]]}},{"type":"Feature","properties":{"ref":"A 67","klasse":"motorway_link"},"geometry":{"type":"LineString","coordinates":[[8.55542,49.66418],[8.55565,49.66527]]}},{"type":"Feature","properties":{"name":"Pirolweg","klasse":"living_street"},"geometry":{"type":"LineString","coordinates":[[8.614,49.71352],[8.61444,49.71293],[8.6138,49.71281]]}},{"type":"Feature","properties":{"ref":"K 203","name":"Wormser Straße","klasse":"tertiary"},"geometry":{"type":"LineString","coordinates":[[8.48801,49.74148],[8.48784,49.74162]]}},{"type":"Feature","properties":{"ref":"A 67","klasse":"motorway"},"geometry":{"type":"LineString","coordinates":[[8.55575,49.67329],[8.55534,49.67557]]}},{"type":"Feature","properties":{"name":"Nibelungenstraße","klasse":"residential"},"geometry":{"type":"LineString","coordinates":[[8.5663,49.65391],[8.56638,49.65392]]}},{"type":"Feature","properties":{"name":"Fasanenweg","klasse":"living_street"},"geometry":{"type":"LineString","coordinates":[[8.57653,49.65161],[8.57723,49.65166]]}},{"type":"Feature","properties":{"name":"Wachtelweg","klasse":"living_street"},"geometry":{"type":"LineString","coordinates":[[8.5773,49.65121],[8.57848,49.65128]]}},{"type":"Feature","properties":{"name":"Brachvogelring","klasse":"living_street"},"geometry":{"type":"LineString","coordinates":[[8.57746,49.65054],[8.57858,49.65104],[8.57848,49.65128]]}},{"type":"Feature","properties":{"ref":"L 3112","klasse":"secondary"},"geometry":{"type":"LineString","coordinates":[[8.54524,49.7431],[8.54555,49.74296]]}},{"type":"Feature","properties":{"name":"Darmstädter Straße","klasse":"tertiary"},"geometry":{"type":"LineString","coordinates":[[8.46539,49.69566],[8.46581,49.69556]]}},{"type":"Feature","properties":{"name":"Bibliser Straße","klasse":"unclassified"},"geometry":{"type":"LineString","coordinates":[[8.4739,49.71025],[8.47407,49.7101]]}},{"type":"Feature","properties":{"name":"Bibliser Straße","klasse":"unclassified"},"geometry":{"type":"LineString","coordinates":[[8.47407,49.7101],[8.47463,49.71015]]}},{"type":"Feature","properties":{"ref":"K 41","klasse":"tertiary"},"geometry":{"type":"LineString","coordinates":[[8.47366,49.70989],[8.4736,49.70976]]}},{"type":"Feature","properties":{"ref":"K 41","klasse":"tertiary"},"geometry":{"type":"LineString","coordinates":[[8.4739,49.71025],[8.47366,49.70989]]}},{"type":"Feature","properties":{"name":"Bahnhofstraße","klasse":"unclassified"},"geometry":{"type":"LineString","coordinates":[[8.61417,49.74097],[8.61424,49.74107],[8.6144,49.74104],[8.61418,49.74077]]}},{"type":"Feature","properties":{"name":"Bahnhofstraße","klasse":"unclassified"},"geometry":{"type":"LineString","coordinates":[[8.61419,49.74023],[8.61411,49.73944]]}},{"type":"Feature","properties":{"name":"Bahnhofstraße","klasse":"unclassified"},"geometry":{"type":"LineString","coordinates":[[8.61326,49.73951],[8.61374,49.73938]]}},{"type":"Feature","properties":{"ref":"B 47","klasse":"trunk"},"geometry":{"type":"LineString","coordinates":[[8.55913,49.66231],[8.56494,49.66368]]}},{"type":"Feature","properties":{"ref":"B 47","klasse":"trunk"},"geometry":{"type":"LineString","coordinates":[[8.56126,49.66297],[8.55886,49.66233]]}},{"type":"Feature","properties":{"ref":"B 47","klasse":"trunk"},"geometry":{"type":"LineString","coordinates":[[8.55886,49.66233],[8.55799,49.66207]]}},{"type":"Feature","properties":{"name":"Schillerstraße","klasse":"residential"},"geometry":{"type":"LineString","coordinates":[[8.61419,49.70665],[8.61405,49.70763],[8.61343,49.70929]]}},{"type":"Feature","properties":{"name":"Schillerstraße","klasse":"residential"},"geometry":{"type":"LineString","coordinates":[[8.61343,49.70929],[8.61311,49.71096]]}},{"type":"Feature","properties":{"name":"Berliner Ring","klasse":"tertiary"},"geometry":{"type":"LineString","coordinates":[[8.60539,49.68519],[8.60454,49.68382]]}},{"type":"Feature","properties":{"name":"Berliner Ring","klasse":"tertiary"},"geometry":{"type":"LineString","coordinates":[[8.60714,49.67026],[8.6072,49.67018]]}},{"type":"Feature","properties":{"name":"Eifelstraße","klasse":"residential"},"geometry":{"type":"LineString","coordinates":[[8.61175,49.685],[8.60937,49.6847]]}},{"type":"Feature","properties":{"name":"Fabrikstraße","klasse":"unclassified"},"geometry":{"type":"LineString","coordinates":[[8.61457,49.67702],[8.61516,49.67621]]}},{"type":"Feature","properties":{"name":"Moselstraße","klasse":"residential"},"geometry":{"type":"LineString","coordinates":[[8.61371,49.67342],[8.61277,49.675],[8.61246,49.67573]]}},{"type":"Feature","properties":{"name":"Rheinstraße","klasse":"residential"},"geometry":{"type":"LineString","coordinates":[[8.61371,49.67342],[8.61491,49.67407],[8.61624,49.67491]]}},{"type":"Feature","properties":{"name":"Riedstraße","klasse":"residential"},"geometry":{"type":"LineString","coordinates":[[8.61438,49.68362],[8.61598,49.68277],[8.6161,49.6824]]}},{"type":"Feature","properties":{"ref":"L 3345","name":"Schwanheimer Straße","klasse":"secondary"},"geometry":{"type":"LineString","coordinates":[[8.60827,49.68134],[8.60969,49.68119]]}},{"type":"Feature","properties":{"name":"Eifelstraße","klasse":"residential"},"geometry":{"type":"LineString","coordinates":[[8.60937,49.6847],[8.60702,49.6844]]}},{"type":"Feature","properties":{"name":"Gartenstraße","klasse":"residential"},"geometry":{"type":"LineString","coordinates":[[8.60988,49.68241],[8.61177,49.68231],[8.6161,49.6824]]}},{"type":"Feature","properties":{"name":"Gartenstraße","klasse":"residential"},"geometry":{"type":"LineString","coordinates":[[8.60975,49.68242],[8.60988,49.68241]]}},{"type":"Feature","properties":{"ref":"L 3345","name":"Schwanheimer Straße","klasse":"secondary"},"geometry":{"type":"LineString","coordinates":[[8.60969,49.68119],[8.61601,49.68054]]}},{"type":"Feature","properties":{"name":"Odenwaldring","klasse":"residential"},"geometry":{"type":"LineString","coordinates":[[8.56865,49.73728],[8.57049,49.73718],[8.57064,49.73729],[8.57057,49.73781],[8.56865,49.73787]]}},{"type":"Feature","properties":{"name":"Ampèrestraße","klasse":"unclassified"},"geometry":{"type":"LineString","coordinates":[[8.59822,49.67239],[8.59819,49.67248]]}},{"type":"Feature","properties":{"name":"Ampèrestraße","klasse":"unclassified"},"geometry":{"type":"LineString","coordinates":[[8.59788,49.67283],[8.59795,49.67281]]}},{"type":"Feature","properties":{"ref":"B 47","klasse":"primary"},"geometry":{"type":"LineString","coordinates":[[8.6015,49.67315],[8.60049,49.67285]]}},{"type":"Feature","properties":{"name":"Ampèrestraße","klasse":"unclassified"},"geometry":{"type":"LineString","coordinates":[[8.5939,49.67311],[8.59539,49.67135]]}},{"type":"Feature","properties":{"name":"Berliner Ring","klasse":"tertiary"},"geometry":{"type":"LineString","coordinates":[[8.60295,49.67834],[8.60315,49.67791]]}},{"type":"Feature","properties":{"ref":"K 31","name":"Robert-Bosch-Straße","klasse":"tertiary"},"geometry":{"type":"LineString","coordinates":[[8.59138,49.67605],[8.58754,49.67522]]}},{"type":"Feature","properties":{"name":"Stubenwald-Allee","klasse":"unclassified"},"geometry":{"type":"LineString","coordinates":[[8.58555,49.67127],[8.58418,49.67078]]}},{"type":"Feature","properties":{"name":"Adam-Höfle-Weg","klasse":"living_street"},"geometry":{"type":"LineString","coordinates":[[8.61423,49.71607],[8.613,49.7159],[8.61286,49.71653]]}},{"type":"Feature","properties":{"name":"Taunusstraße","klasse":"residential"},"geometry":{"type":"LineString","coordinates":[[8.60702,49.6844],[8.60827,49.68134]]}},{"type":"Feature","properties":{"name":"Brunhildweg","klasse":"residential"},"geometry":{"type":"LineString","coordinates":[[8.55563,49.65399],[8.5578,49.6542]]}},{"type":"Feature","properties":{"name":"Andreas-Malsy-Straße","klasse":"residential"},"geometry":{"type":"LineString","coordinates":[[8.49568,49.74751],[8.49708,49.74748]]}},{"type":"Feature","properties":{"name":"Joseph-Schmitt-Straße","klasse":"residential"},"geometry":{"type":"LineString","coordinates":[[8.49476,49.74668],[8.49458,49.74744]]}},{"type":"Feature","properties":{"name":"Friedrich-Lehne-Straße","klasse":"residential"},"geometry":{"type":"LineString","coordinates":[[8.49639,49.74966],[8.49668,49.74966]]}},{"type":"Feature","properties":{"name":"Rolf-Schulten-Straße","klasse":"residential"},"geometry":{"type":"LineString","coordinates":[[8.49584,49.74865],[8.49652,49.74848],[8.49689,49.74851]]}},{"type":"Feature","properties":{"name":"Franz-Joseph-Nuß-Straße","klasse":"residential"},"geometry":{"type":"LineString","coordinates":[[8.49761,49.74702],[8.49545,49.74704],[8.4947,49.74696]]}},{"type":"Feature","properties":{"name":"Jean-Pierre-Davot-Straße","klasse":"residential"},"geometry":{"type":"LineString","coordinates":[[8.49668,49.74966],[8.49717,49.74701]]}},{"type":"Feature","properties":{"name":"Pater-Dionys-Straße","klasse":"residential"},"geometry":{"type":"LineString","coordinates":[[8.49545,49.74704],[8.49545,49.7473],[8.49615,49.74796],[8.49652,49.74848]]}},{"type":"Feature","properties":{"name":"Nibelungenstraße","klasse":"tertiary"},"geometry":{"type":"LineString","coordinates":[[8.4698,49.64488],[8.47242,49.64511]]}},{"type":"Feature","properties":{"ref":"B 47","klasse":"trunk"},"geometry":{"type":"LineString","coordinates":[[8.59257,49.6699],[8.59438,49.67059]]}},{"type":"Feature","properties":{"ref":"B 47","klasse":"trunk"},"geometry":{"type":"LineString","coordinates":[[8.59018,49.66906],[8.59257,49.6699]]}},{"type":"Feature","properties":{"name":"Berliner Ring","klasse":"tertiary"},"geometry":{"type":"LineString","coordinates":[[8.60542,49.67409],[8.6056,49.67373]]}},{"type":"Feature","properties":{"name":"Berliner Ring","klasse":"tertiary"},"geometry":{"type":"LineString","coordinates":[[8.6052,49.67471],[8.60525,49.67448]]}},{"type":"Feature","properties":{"ref":"B 47","klasse":"primary"},"geometry":{"type":"LineString","coordinates":[[8.60537,49.67421],[8.60505,49.67412]]}},{"type":"Feature","properties":{"ref":"B 47","klasse":"primary"},"geometry":{"type":"LineString","coordinates":[[8.60505,49.67412],[8.60373,49.67376]]}},{"type":"Feature","properties":{"name":"Berliner Ring","klasse":"tertiary"},"geometry":{"type":"LineString","coordinates":[[8.60573,49.67352],[8.6057,49.67374]]}},{"type":"Feature","properties":{"name":"Berliner Ring","klasse":"tertiary"},"geometry":{"type":"LineString","coordinates":[[8.60537,49.67421],[8.60542,49.67409]]}},{"type":"Feature","properties":{"ref":"B 47","klasse":"primary"},"geometry":{"type":"LineString","coordinates":[[8.60403,49.67371],[8.60497,49.67397]]}},{"type":"Feature","properties":{"ref":"B 47","klasse":"primary"},"geometry":{"type":"LineString","coordinates":[[8.60542,49.67409],[8.60553,49.67412]]}},{"type":"Feature","properties":{"name":"Berliner Ring","klasse":"tertiary"},"geometry":{"type":"LineString","coordinates":[[8.60525,49.67448],[8.60537,49.67421]]}},{"type":"Feature","properties":{"ref":"B 47","name":"Wormser Straße","klasse":"primary"},"geometry":{"type":"LineString","coordinates":[[8.60643,49.67451],[8.60592,49.67436]]}},{"type":"Feature","properties":{"ref":"A 5","klasse":"motorway"},"geometry":{"type":"LineString","coordinates":[[8.59941,49.67708],[8.59939,49.67758]]}},{"type":"Feature","properties":{"name":"Saarstraße","klasse":"tertiary"},"geometry":{"type":"LineString","coordinates":[[8.61111,49.69546],[8.6107,49.69555]]}},{"type":"Feature","properties":{"name":"Saarstraße","klasse":"tertiary"},"geometry":{"type":"LineString","coordinates":[[8.61111,49.69546],[8.61254,49.69534]]}},{"type":"Feature","properties":{"name":"Saarstraße","klasse":"tertiary"},"geometry":{"type":"LineString","coordinates":[[8.60988,49.69545],[8.61034,49.69546]]}},{"type":"Feature","properties":{"name":"Saarstraße","klasse":"tertiary"},"geometry":{"type":"LineString","coordinates":[[8.60922,49.69537],[8.60869,49.6953]]}},{"type":"Feature","properties":{"ref":"A 67","klasse":"motorway"},"geometry":{"type":"LineString","coordinates":[[8.55317,49.64151],[8.55242,49.64626]]}},{"type":"Feature","properties":{"ref":"B 47","klasse":"primary"},"geometry":{"type":"LineString","coordinates":[[8.60191,49.67326],[8.6015,49.67315]]}},{"type":"Feature","properties":{"ref":"B 47","klasse":"primary"},"geometry":{"type":"LineString","coordinates":[[8.60373,49.67376],[8.60358,49.67372]]}},{"type":"Feature","properties":{"name":"Karl-Ulrich-Straße","klasse":"residential"},"geometry":{"type":"LineString","coordinates":[[8.45665,49.64912],[8.4568,49.64913]]}},{"type":"Feature","properties":{"name":"Pfälzer Straße","klasse":"residential"},"geometry":{"type":"LineString","coordinates":[[8.48201,49.74826],[8.4825,49.74813]]}},{"type":"Feature","properties":{"ref":"B 47","klasse":"trunk"},"geometry":{"type":"LineString","coordinates":[[8.55343,49.66029],[8.55333,49.66024]]}},{"type":"Feature","properties":{"ref":"B 47","klasse":"trunk"},"geometry":{"type":"LineString","coordinates":[[8.55609,49.66143],[8.55463,49.66084]]}},{"type":"Feature","properties":{"ref":"A 67","klasse":"motorway"},"geometry":{"type":"LineString","coordinates":[[8.54331,49.74453],[8.54328,49.7438]]}},{"type":"Feature","properties":{"ref":"A 67","klasse":"motorway"},"geometry":{"type":"LineString","coordinates":[[8.54334,49.73981],[8.54336,49.74093]]}},{"type":"Feature","properties":{"ref":"A 67","klasse":"motorway"},"geometry":{"type":"LineString","coordinates":[[8.54343,49.74343],[8.54345,49.74404]]}},{"type":"Feature","properties":{"ref":"A 67","klasse":"motorway"},"geometry":{"type":"LineString","coordinates":[[8.54341,49.74806],[8.54338,49.74698]]}},{"type":"Feature","properties":{"ref":"A 67","klasse":"motorway"},"geometry":{"type":"LineString","coordinates":[[8.55508,49.66465],[8.55249,49.65606]]}},{"type":"Feature","properties":{"ref":"A 67","klasse":"motorway"},"geometry":{"type":"LineString","coordinates":[[8.55225,49.65498],[8.552,49.65333]]}},{"type":"Feature","properties":{"ref":"A 67","klasse":"motorway"},"geometry":{"type":"LineString","coordinates":[[8.552,49.65333],[8.55193,49.65267]]}},{"type":"Feature","properties":{"ref":"A 67","klasse":"motorway"},"geometry":{"type":"LineString","coordinates":[[8.55569,49.66644],[8.55588,49.66816]]}},{"type":"Feature","properties":{"ref":"A 67","klasse":"motorway"},"geometry":{"type":"LineString","coordinates":[[8.55541,49.66623],[8.55508,49.66465]]}},{"type":"Feature","properties":{"ref":"A 67","klasse":"motorway"},"geometry":{"type":"LineString","coordinates":[[8.55246,49.65474],[8.55266,49.6557]]}},{"type":"Feature","properties":{"ref":"A 67","klasse":"motorway_link"},"geometry":{"type":"LineString","coordinates":[[8.55565,49.66527],[8.55569,49.66644]]}},{"type":"Feature","properties":{"ref":"A 67","klasse":"motorway"},"geometry":{"type":"LineString","coordinates":[[8.55588,49.66816],[8.55596,49.6709]]}},{"type":"Feature","properties":{"ref":"B 47","klasse":"trunk"},"geometry":{"type":"LineString","coordinates":[[8.54519,49.65403],[8.54796,49.65665]]}},{"type":"Feature","properties":{"ref":"B 47","klasse":"trunk"},"geometry":{"type":"LineString","coordinates":[[8.54951,49.658],[8.54841,49.65718]]}},{"type":"Feature","properties":{"ref":"B 47","klasse":"trunk"},"geometry":{"type":"LineString","coordinates":[[8.54988,49.65812],[8.55188,49.65936]]}},{"type":"Feature","properties":{"ref":"A 67","klasse":"motorway"},"geometry":{"type":"LineString","coordinates":[[8.55242,49.64626],[8.55226,49.64754]]}},{"type":"Feature","properties":{"ref":"A 67","klasse":"motorway"},"geometry":{"type":"LineString","coordinates":[[8.55199,49.64777],[8.55225,49.64582]]}},{"type":"Feature","properties":{"ref":"A 67","klasse":"motorway"},"geometry":{"type":"LineString","coordinates":[[8.55225,49.64582],[8.55296,49.64133]]}},{"type":"Feature","properties":{"ref":"A 67","klasse":"motorway"},"geometry":{"type":"LineString","coordinates":[[8.55226,49.64754],[8.55209,49.64939],[8.55215,49.65251]]}},{"type":"Feature","properties":{"ref":"A 67","klasse":"motorway"},"geometry":{"type":"LineString","coordinates":[[8.5506,49.69352],[8.54996,49.69591]]}},{"type":"Feature","properties":{"ref":"A 67","klasse":"motorway"},"geometry":{"type":"LineString","coordinates":[[8.5498,49.69592],[8.55023,49.69429]]}},{"type":"Feature","properties":{"ref":"A 67","klasse":"motorway"},"geometry":{"type":"LineString","coordinates":[[8.54908,49.69866],[8.5498,49.69592]]}},{"type":"Feature","properties":{"ref":"A 67","klasse":"motorway"},"geometry":{"type":"LineString","coordinates":[[8.54996,49.69591],[8.54966,49.69708]]}},{"type":"Feature","properties":{"ref":"A 67","klasse":"motorway"},"geometry":{"type":"LineString","coordinates":[[8.5509,49.69237],[8.5506,49.69352]]}},{"type":"Feature","properties":{"ref":"A 67","klasse":"motorway"},"geometry":{"type":"LineString","coordinates":[[8.54882,49.69968],[8.54908,49.69866]]}},{"type":"Feature","properties":{"ref":"A 67","klasse":"motorway"},"geometry":{"type":"LineString","coordinates":[[8.54966,49.69708],[8.54833,49.70212]]}},{"type":"Feature","properties":{"name":"Nato-Straße","klasse":"unclassified"},"geometry":{"type":"LineString","coordinates":[[8.47696,49.74727],[8.47643,49.74703],[8.47614,49.74679],[8.4739,49.74444]]}},{"type":"Feature","properties":{"name":"Berliner Ring","klasse":"tertiary"},"geometry":{"type":"LineString","coordinates":[[8.60379,49.68284],[8.60322,49.68181]]}},{"type":"Feature","properties":{"name":"Berliner Ring","klasse":"tertiary"},"geometry":{"type":"LineString","coordinates":[[8.60414,49.68289],[8.60399,49.68305],[8.60375,49.68293],[8.60393,49.68279],[8.60414,49.68289]]}},{"type":"Feature","properties":{"name":"Hirschstraße","klasse":"residential"},"geometry":{"type":"LineString","coordinates":[[8.5675,49.64461],[8.5677,49.64414]]}},{"type":"Feature","properties":{"name":"Am Wiesenteich","klasse":"living_street"},"geometry":{"type":"LineString","coordinates":[[8.5773,49.65121],[8.57746,49.65054]]}},{"type":"Feature","properties":{"name":"Brachvogelring","klasse":"living_street"},"geometry":{"type":"LineString","coordinates":[[8.57848,49.65128],[8.5782,49.6517],[8.57723,49.65166]]}},{"type":"Feature","properties":{"name":"Am Wiesenteich","klasse":"living_street"},"geometry":{"type":"LineString","coordinates":[[8.57752,49.65045],[8.57769,49.65028]]}},{"type":"Feature","properties":{"ref":"B 44","klasse":"primary"},"geometry":{"type":"LineString","coordinates":[[8.49305,49.71877],[8.49302,49.71846]]}},{"type":"Feature","properties":{"ref":"B 44","klasse":"primary"},"geometry":{"type":"LineString","coordinates":[[8.49302,49.71846],[8.4929,49.71795]]}},{"type":"Feature","properties":{"ref":"B 44","klasse":"primary"},"geometry":{"type":"LineString","coordinates":[[8.45316,49.67978],[8.45298,49.67914]]}},{"type":"Feature","properties":{"ref":"B 44","klasse":"primary"},"geometry":{"type":"LineString","coordinates":[[8.45327,49.68013],[8.45316,49.67978]]}},{"type":"Feature","properties":{"name":"Nibelungenstraße","klasse":"tertiary"},"geometry":{"type":"LineString","coordinates":[[8.48336,49.64605],[8.48292,49.64604]]}},{"type":"Feature","properties":{"ref":"K 31","klasse":"tertiary"},"geometry":{"type":"LineString","coordinates":[[8.54137,49.6516],[8.54188,49.65165]]}},{"type":"Feature","properties":{"name":"Im Taubenfang","klasse":"unclassified"},"geometry":{"type":"LineString","coordinates":[[8.54497,49.65212],[8.54534,49.65212]]}},{"type":"Feature","properties":{"ref":"B 47","klasse":"primary"},"geometry":{"type":"LineString","coordinates":[[8.492,49.64677],[8.49042,49.64656]]}},{"type":"Feature","properties":{"name":"Berliner Ring","klasse":"tertiary"},"geometry":{"type":"LineString","coordinates":[[8.6029,49.68089],[8.60285,49.68074]]}},{"type":"Feature","properties":{"ref":"L 3345","name":"Schwanheimer Straße","klasse":"secondary"},"geometry":{"type":"LineString","coordinates":[[8.60386,49.68159],[8.60426,49.68158]]}},{"type":"Feature","properties":{"ref":"A 5","klasse":"motorway"},"geometry":{"type":"LineString","coordinates":[[8.60832,49.65768],[8.60888,49.65617],[8.60936,49.65437],[8.60964,49.65229]]}},{"type":"Feature","properties":{"ref":"L 3112","name":"Gernsheimer Straße","klasse":"secondary"},"geometry":{"type":"LineString","coordinates":[[8.56675,49.73666],[8.56851,49.7365]]}},{"type":"Feature","properties":{"ref":"L 3112","name":"Gernsheimer Straße","klasse":"secondary"},"geometry":{"type":"LineString","coordinates":[[8.56417,49.7369],[8.56523,49.73681]]}},{"type":"Feature","properties":{"name":"Im Neugarten","klasse":"residential"},"geometry":{"type":"LineString","coordinates":[[8.55099,49.71921],[8.55097,49.71981]]}},{"type":"Feature","properties":{"name":"Im Neugarten","klasse":"residential"},"geometry":{"type":"LineString","coordinates":[[8.55097,49.71981],[8.55114,49.72059]]}},{"type":"Feature","properties":{"ref":"L 3261","name":"Jägersburger Straße","klasse":"secondary"},"geometry":{"type":"LineString","coordinates":[[8.55197,49.71856],[8.55336,49.71888]]}},{"type":"Feature","properties":{"ref":"L 3112","klasse":"secondary"},"geometry":{"type":"LineString","coordinates":[[8.59576,49.73875],[8.59666,49.73941],[8.59736,49.73975],[8.59814,49.73998],[8.59907,49.74012]]}},{"type":"Feature","properties":{"ref":"L 3345","name":"Schwanheimer Straße","klasse":"secondary"},"geometry":{"type":"LineString","coordinates":[[8.59362,49.68444],[8.59365,49.68453],[8.59351,49.68455],[8.59349,49.68445],[8.59362,49.68444]]}},{"type":"Feature","properties":{"name":"Spießgasse","klasse":"residential"},"geometry":{"type":"LineString","coordinates":[[8.56869,49.7397],[8.57077,49.73957],[8.57273,49.74008]]}},{"type":"Feature","properties":{"name":"Zwingenberger Straße","klasse":"tertiary"},"geometry":{"type":"LineString","coordinates":[[8.58375,49.72098],[8.58468,49.72118]]}},{"type":"Feature","properties":{"ref":"B 3","name":"Neue Bergstraße","klasse":"primary"},"geometry":{"type":"LineString","coordinates":[[8.60944,49.7428],[8.60925,49.74103]]}},{"type":"Feature","properties":{"ref":"A 5","klasse":"motorway"},"geometry":{"type":"LineString","coordinates":[[8.60983,49.65226],[8.60959,49.65415],[8.60916,49.6559],[8.60839,49.65794],[8.60749,49.65971]]}},{"type":"Feature","properties":{"ref":"A 5","klasse":"motorway"},"geometry":{"type":"LineString","coordinates":[[8.60084,49.67101],[8.60028,49.67256]]}},{"type":"Feature","properties":{"ref":"A 5","klasse":"motorway"},"geometry":{"type":"LineString","coordinates":[[8.59441,49.72067],[8.59382,49.72298]]}},{"type":"Feature","properties":{"ref":"A 5","klasse":"motorway"},"geometry":{"type":"LineString","coordinates":[[8.60028,49.67256],[8.60019,49.67284]]}},{"type":"Feature","properties":{"ref":"A 5","klasse":"motorway"},"geometry":{"type":"LineString","coordinates":[[8.60019,49.67284],[8.60007,49.67327]]}},{"type":"Feature","properties":{"ref":"A 5","klasse":"motorway"},"geometry":{"type":"LineString","coordinates":[[8.6095,49.6446],[8.60968,49.64707]]}},{"type":"Feature","properties":{"ref":"A 5","klasse":"motorway"},"geometry":{"type":"LineString","coordinates":[[8.59289,49.72682],[8.59238,49.72958]]}},{"type":"Feature","properties":{"ref":"B 460","klasse":"motorway_link"},"geometry":{"type":"LineString","coordinates":[[8.61138,49.64746],[8.61115,49.64694]]}},{"type":"Feature","properties":{"ref":"B 460","klasse":"motorway_link"},"geometry":{"type":"LineString","coordinates":[[8.61115,49.64694],[8.61105,49.64661]]}},{"type":"Feature","properties":{"name":"Pirolweg","klasse":"living_street"},"geometry":{"type":"LineString","coordinates":[[8.61425,49.71321],[8.61458,49.71329]]}},{"type":"Feature","properties":{"name":"Pirolweg","klasse":"living_street"},"geometry":{"type":"LineString","coordinates":[[8.61413,49.71337],[8.61447,49.71345]]}},{"type":"Feature","properties":{"name":"Darmstädter Straße","klasse":"tertiary"},"geometry":{"type":"LineString","coordinates":[[8.46539,49.69566],[8.46507,49.69548]]}},{"type":"Feature","properties":{"name":"Darmstädter Straße","klasse":"tertiary"},"geometry":{"type":"LineString","coordinates":[[8.46507,49.69496],[8.46483,49.69453]]}},{"type":"Feature","properties":{"ref":"L 3411","klasse":"secondary"},"geometry":{"type":"LineString","coordinates":[[8.45044,49.6541],[8.45039,49.65417]]}},{"type":"Feature","properties":{"ref":"L 3411","klasse":"secondary"},"geometry":{"type":"LineString","coordinates":[[8.45044,49.6541],[8.45089,49.65369]]}},{"type":"Feature","properties":{"ref":"B 44","klasse":"primary"},"geometry":{"type":"LineString","coordinates":[[8.45091,49.65371],[8.45036,49.65299]]}},{"type":"Feature","properties":{"ref":"B 44","klasse":"primary"},"geometry":{"type":"LineString","coordinates":[[8.45118,49.65397],[8.45091,49.65371]]}},{"type":"Feature","properties":{"ref":"B 44","klasse":"primary"},"geometry":{"type":"LineString","coordinates":[[8.45036,49.65299],[8.44817,49.64986],[8.4472,49.64807]]}},{"type":"Feature","properties":{"ref":"L 3411","klasse":"secondary"},"geometry":{"type":"LineString","coordinates":[[8.45057,49.65524],[8.45086,49.65526]]}},{"type":"Feature","properties":{"ref":"L 3411","klasse":"secondary"},"geometry":{"type":"LineString","coordinates":[[8.45083,49.65536],[8.45057,49.65524]]}},{"type":"Feature","properties":{"ref":"L 3411","klasse":"secondary"},"geometry":{"type":"LineString","coordinates":[[8.45093,49.65588],[8.45094,49.65548]]}},{"type":"Feature","properties":{"ref":"L 3411","klasse":"secondary"},"geometry":{"type":"LineString","coordinates":[[8.45093,49.65588],[8.45081,49.65627]]}},{"type":"Feature","properties":{"ref":"L 3411","klasse":"secondary"},"geometry":{"type":"LineString","coordinates":[[8.45039,49.65417],[8.45026,49.65443],[8.45025,49.65479],[8.45057,49.65524]]}},{"type":"Feature","properties":{"name":"Kirchstraße","klasse":"tertiary"},"geometry":{"type":"LineString","coordinates":[[8.45019,49.68405],[8.44898,49.68381]]}},{"type":"Feature","properties":{"name":"Goldammerweg","klasse":"living_street"},"geometry":{"type":"LineString","coordinates":[[8.57746,49.65054],[8.57655,49.65021]]}},{"type":"Feature","properties":{"name":"Am Wiesenteich","klasse":"living_street"},"geometry":{"type":"LineString","coordinates":[[8.57723,49.65166],[8.5773,49.65121]]}},{"type":"Feature","properties":{"name":"Am Wiesenteich","klasse":"living_street"},"geometry":{"type":"LineString","coordinates":[[8.57723,49.65166],[8.57722,49.65174]]}},{"type":"Feature","properties":{"name":"Feldlerchenweg","klasse":"living_street"},"geometry":{"type":"LineString","coordinates":[[8.57689,49.65031],[8.57678,49.65037],[8.57653,49.65161]]}},{"type":"Feature","properties":{"name":"Kirchstraße","klasse":"residential"},"geometry":{"type":"LineString","coordinates":[[8.56739,49.65513],[8.5666,49.65445],[8.5663,49.65391]]}},{"type":"Feature","properties":{"ref":"B 47","klasse":"primary"},"geometry":{"type":"LineString","coordinates":[[8.60252,49.67344],[8.60203,49.67329]]}},{"type":"Feature","properties":{"ref":"B 47","klasse":"primary"},"geometry":{"type":"LineString","coordinates":[[8.60497,49.67397],[8.60542,49.67409]]}},{"type":"Feature","properties":{"ref":"B 47","klasse":"trunk"},"geometry":{"type":"LineString","coordinates":[[8.58254,49.66688],[8.58482,49.66746]]}},{"type":"Feature","properties":{"ref":"B 47","klasse":"trunk"},"geometry":{"type":"LineString","coordinates":[[8.58,49.6663],[8.58254,49.66688]]}},{"type":"Feature","properties":{"ref":"B 47","klasse":"trunk"},"geometry":{"type":"LineString","coordinates":[[8.58763,49.66825],[8.59018,49.66906]]}},{"type":"Feature","properties":{"ref":"B 47","klasse":"trunk"},"geometry":{"type":"LineString","coordinates":[[8.58551,49.66765],[8.58763,49.66825]]}},{"type":"Feature","properties":{"ref":"B 47","klasse":"trunk"},"geometry":{"type":"LineString","coordinates":[[8.58736,49.66828],[8.58538,49.66771]]}},{"type":"Feature","properties":{"ref":"B 47","klasse":"trunk"},"geometry":{"type":"LineString","coordinates":[[8.58472,49.66754],[8.58269,49.66702]]}},{"type":"Feature","properties":{"ref":"B 47","klasse":"trunk"},"geometry":{"type":"LineString","coordinates":[[8.58269,49.66702],[8.5798,49.66637]]}},{"type":"Feature","properties":{"ref":"B 47","klasse":"trunk"},"geometry":{"type":"LineString","coordinates":[[8.5798,49.66637],[8.57521,49.66551]]}},{"type":"Feature","properties":{"ref":"B 47","klasse":"trunk"},"geometry":{"type":"LineString","coordinates":[[8.56704,49.66409],[8.56977,49.66456]]}},{"type":"Feature","properties":{"ref":"B 47","klasse":"trunk"},"geometry":{"type":"LineString","coordinates":[[8.56494,49.66368],[8.56704,49.66409]]}},{"type":"Feature","properties":{"name":"Saarstraße","klasse":"tertiary"},"geometry":{"type":"LineString","coordinates":[[8.60281,49.69383],[8.60133,49.69341]]}},{"type":"Feature","properties":{"ref":"L 3111","klasse":"secondary"},"geometry":{"type":"LineString","coordinates":[[8.58389,49.65268],[8.583,49.6524]]}},{"type":"Feature","properties":{"ref":"B 460","klasse":"primary"},"geometry":{"type":"LineString","coordinates":[[8.58428,49.65336],[8.58461,49.65318]]}},{"type":"Feature","properties":{"ref":"L 3345","klasse":"secondary"},"geometry":{"type":"LineString","coordinates":[[8.60303,49.68168],[8.60267,49.68159],[8.60216,49.68159]]}},{"type":"Feature","properties":{"name":"Beim Kreuz","klasse":"unclassified"},"geometry":{"type":"LineString","coordinates":[[8.45538,49.69244],[8.45542,49.69239]]}},{"type":"Feature","properties":{"ref":"K 65","klasse":"tertiary"},"geometry":{"type":"LineString","coordinates":[[8.55788,49.68827],[8.55787,49.68855],[8.55764,49.689],[8.55572,49.69094],[8.55492,49.69189]]}},{"type":"Feature","properties":{"ref":"L 3345","klasse":"secondary"},"geometry":{"type":"LineString","coordinates":[[8.54421,49.70399],[8.53963,49.70606],[8.53792,49.70759]]}},{"type":"Feature","properties":{"name":"Nibelungenstraße","klasse":"residential"},"geometry":{"type":"LineString","coordinates":[[8.56693,49.65392],[8.5674,49.65393]]}},{"type":"Feature","properties":{"name":"Odenwaldallee","klasse":"unclassified"},"geometry":{"type":"LineString","coordinates":[[8.57635,49.65395],[8.57704,49.65368]]}},{"type":"Feature","properties":{"name":"Schulstraße","klasse":"living_street"},"geometry":{"type":"LineString","coordinates":[[8.56706,49.65359],[8.56712,49.65338],[8.56584,49.65326],[8.56576,49.65342]]}},{"type":"Feature","properties":{"name":"Schulstraße","klasse":"living_street"},"geometry":{"type":"LineString","coordinates":[[8.56706,49.65359],[8.56766,49.65385]]}},{"type":"Feature","properties":{"name":"Paul-Schnitzer-Weg","klasse":"living_street"},"geometry":{"type":"LineString","coordinates":[[8.56867,49.65466],[8.56859,49.65423],[8.56866,49.65402]]}},{"type":"Feature","properties":{"name":"Melibokusstraße","klasse":"residential"},"geometry":{"type":"LineString","coordinates":[[8.61003,49.72324],[8.61008,49.7225]]}},{"type":"Feature","properties":{"name":"Melibokusstraße","klasse":"residential"},"geometry":{"type":"LineString","coordinates":[[8.61008,49.7225],[8.61023,49.72045]]}},{"type":"Feature","properties":{"name":"Walter-Möller-Straße","klasse":"tertiary"},"geometry":{"type":"LineString","coordinates":[[8.60949,49.72621],[8.61188,49.72666]]}},{"type":"Feature","properties":{"name":"Wiesenpromenade","klasse":"residential"},"geometry":{"type":"LineString","coordinates":[[8.61003,49.72324],[8.60992,49.72323]]}},{"type":"Feature","properties":{"name":"Wiesenpromenade West","klasse":"residential"},"geometry":{"type":"LineString","coordinates":[[8.60806,49.72316],[8.60445,49.72343],[8.60315,49.72359]]}},{"type":"Feature","properties":{"name":"Nibelungenstraße","klasse":"residential"},"geometry":{"type":"LineString","coordinates":[[8.5708,49.65458],[8.5718,49.65481]]}},{"type":"Feature","properties":{"name":"Kastanienweg","klasse":"residential"},"geometry":{"type":"LineString","coordinates":[[8.61044,49.7267],[8.61076,49.72683],[8.6105,49.7272],[8.6109,49.72728]]}},{"type":"Feature","properties":{"ref":"A 5","klasse":"motorway"},"geometry":{"type":"LineString","coordinates":[[8.60968,49.65009],[8.60959,49.64825]]}},{"type":"Feature","properties":{"ref":"A 5","klasse":"motorway"},"geometry":{"type":"LineString","coordinates":[[8.60723,49.66018],[8.60642,49.66151]]}},{"type":"Feature","properties":{"ref":"A 5","klasse":"motorway"},"geometry":{"type":"LineString","coordinates":[[8.60966,49.65187],[8.60969,49.65056]]}},{"type":"Feature","properties":{"ref":"A 5","klasse":"motorway"},"geometry":{"type":"LineString","coordinates":[[8.60936,49.64542],[8.60926,49.64309]]}},{"type":"Feature","properties":{"ref":"A 5","klasse":"motorway"},"geometry":{"type":"LineString","coordinates":[[8.59311,49.72507],[8.59373,49.72259]]}},{"type":"Feature","properties":{"ref":"A 5","klasse":"motorway"},"geometry":{"type":"LineString","coordinates":[[8.5932,49.74992],[8.59445,49.75435],[8.59528,49.75663],[8.59598,49.75823]]}},{"type":"Feature","properties":{"ref":"A 5","klasse":"motorway"},"geometry":{"type":"LineString","coordinates":[[8.59238,49.72958],[8.59222,49.73074]]}},{"type":"Feature","properties":{"ref":"B 44","klasse":"primary"},"geometry":{"type":"LineString","coordinates":[[8.46656,49.69654],[8.46646,49.69637]]}},{"type":"Feature","properties":{"name":"Im Wiesengrund","klasse":"residential"},"geometry":{"type":"LineString","coordinates":[[8.57532,49.74071],[8.57752,49.73869]]}},{"type":"Feature","properties":{"ref":"K 66","klasse":"secondary"},"geometry":{"type":"LineString","coordinates":[[8.57338,49.73059],[8.57349,49.73031]]}},{"type":"Feature","properties":{"name":"Im Ritterbruch","klasse":"living_street"},"geometry":{"type":"LineString","coordinates":[[8.56582,49.73637],[8.56546,49.73638],[8.56533,49.73615]]}},{"type":"Feature","properties":{"name":"Lange Hart","klasse":"residential"},"geometry":{"type":"LineString","coordinates":[[8.60927,49.73336],[8.60885,49.73336]]}},{"type":"Feature","properties":{"name":"Lange Hart","klasse":"residential"},"geometry":{"type":"LineString","coordinates":[[8.60928,49.73296],[8.60885,49.73296]]}},{"type":"Feature","properties":{"name":"Lange Hart","klasse":"residential"},"geometry":{"type":"LineString","coordinates":[[8.6093,49.73216],[8.60885,49.73216]]}},{"type":"Feature","properties":{"name":"Karlstraße","klasse":"residential"},"geometry":{"type":"LineString","coordinates":[[8.61395,49.73296],[8.61312,49.73128],[8.61276,49.72973],[8.61259,49.72836]]}},{"type":"Feature","properties":{"name":"Fritz-Graßhoff-Straße","klasse":"living_street"},"geometry":{"type":"LineString","coordinates":[[8.60285,49.7267],[8.60364,49.72614]]}},{"type":"Feature","properties":{"name":"Am Markstein","klasse":"residential"},"geometry":{"type":"LineString","coordinates":[[8.61471,49.71814],[8.61323,49.71799]]}},{"type":"Feature","properties":{"name":"Obertor","klasse":"residential"},"geometry":{"type":"LineString","coordinates":[[8.61443,49.72171],[8.61422,49.72153]]}},{"type":"Feature","properties":{"name":"Fritz-Graßhoff-Straße","klasse":"living_street"},"geometry":{"type":"LineString","coordinates":[[8.60446,49.72659],[8.60446,49.72677],[8.60404,49.72675],[8.60316,49.72649]]}},{"type":"Feature","properties":{"name":"Fritz-Graßhoff-Straße","klasse":"living_street"},"geometry":{"type":"LineString","coordinates":[[8.60211,49.72541],[8.60246,49.72594],[8.60316,49.72649]]}},{"type":"Feature","properties":{"name":"Max-Teichmann-Straße","klasse":"living_street"},"geometry":{"type":"LineString","coordinates":[[8.60202,49.72507],[8.60205,49.72443],[8.60232,49.72385]]}},{"type":"Feature","properties":{"name":"Wilhelm-Büchner-Straße","klasse":"living_street"},"geometry":{"type":"LineString","coordinates":[[8.60282,49.72512],[8.60289,49.72461],[8.60319,49.72423]]}},{"type":"Feature","properties":{"ref":"B 47","klasse":"trunk"},"geometry":{"type":"LineString","coordinates":[[8.54311,49.65265],[8.54116,49.65171]]}},{"type":"Feature","properties":{"ref":"B 47","klasse":"trunk"},"geometry":{"type":"LineString","coordinates":[[8.54435,49.6535],[8.54311,49.65265]]}},{"type":"Feature","properties":{"ref":"B 47","klasse":"trunk"},"geometry":{"type":"LineString","coordinates":[[8.53889,49.65097],[8.53725,49.65064]]}},{"type":"Feature","properties":{"ref":"B 47","klasse":"trunk"},"geometry":{"type":"LineString","coordinates":[[8.54325,49.65262],[8.54442,49.65338],[8.54503,49.65389]]}},{"type":"Feature","properties":{"ref":"B 460","klasse":"primary"},"geometry":{"type":"LineString","coordinates":[[8.58338,49.65391],[8.58406,49.65349]]}},{"type":"Feature","properties":{"name":"Marktstraße","klasse":"residential"},"geometry":{"type":"LineString","coordinates":[[8.56912,49.7357],[8.57149,49.73551]]}},{"type":"Feature","properties":{"ref":"B 3","name":"Darmstädter Straße","klasse":"primary"},"geometry":{"type":"LineString","coordinates":[[8.60964,49.72977],[8.61148,49.72747],[8.61188,49.72666]]}},{"type":"Feature","properties":{"name":"Platanenallee","klasse":"tertiary"},"geometry":{"type":"LineString","coordinates":[[8.60143,49.72464],[8.60148,49.72521],[8.60173,49.72575],[8.60219,49.7263],[8.60279,49.72673]]}},{"type":"Feature","properties":{"ref":"B 44","klasse":"primary"},"geometry":{"type":"LineString","coordinates":[[8.45339,49.68069],[8.45331,49.68036]]}},{"type":"Feature","properties":{"ref":"B 44","klasse":"primary"},"geometry":{"type":"LineString","coordinates":[[8.45298,49.67914],[8.45287,49.6787]]}},{"type":"Feature","properties":{"ref":"B 44","klasse":"primary"},"geometry":{"type":"LineString","coordinates":[[8.45347,49.681],[8.45339,49.68069]]}},{"type":"Feature","properties":{"name":"Nato-Straße","klasse":"unclassified"},"geometry":{"type":"LineString","coordinates":[[8.4739,49.74444],[8.47179,49.74229],[8.46564,49.73855]]}},{"type":"Feature","properties":{"name":"Nato-Straße","klasse":"unclassified"},"geometry":{"type":"LineString","coordinates":[[8.46564,49.73855],[8.46423,49.73784],[8.46276,49.73752],[8.46209,49.73746],[8.46031,49.73752],[8.45778,49.73776]]}},{"type":"Feature","properties":{"ref":"B 460","klasse":"primary"},"geometry":{"type":"LineString","coordinates":[[8.58701,49.65222],[8.59435,49.65048]]}},{"type":"Feature","properties":{"ref":"B 47","klasse":"trunk"},"geometry":{"type":"LineString","coordinates":[[8.57148,49.66483],[8.57256,49.66499]]}},{"type":"Feature","properties":{"ref":"B 47","klasse":"trunk"},"geometry":{"type":"LineString","coordinates":[[8.5701,49.66471],[8.56757,49.66429]]}},{"type":"Feature","properties":{"ref":"B 47","klasse":"trunk"},"geometry":{"type":"LineString","coordinates":[[8.56757,49.66429],[8.56126,49.66297]]}},{"type":"Feature","properties":{"ref":"B 47","klasse":"trunk"},"geometry":{"type":"LineString","coordinates":[[8.56977,49.66456],[8.57148,49.66483]]}},{"type":"Feature","properties":{"ref":"B 47","klasse":"trunk"},"geometry":{"type":"LineString","coordinates":[[8.57493,49.66536],[8.58,49.6663]]}},{"type":"Feature","properties":{"ref":"L 3111","klasse":"secondary"},"geometry":{"type":"LineString","coordinates":[[8.56754,49.66549],[8.56798,49.66535]]}},{"type":"Feature","properties":{"ref":"B 460","klasse":"primary"},"geometry":{"type":"LineString","coordinates":[[8.57369,49.66282],[8.57382,49.66274]]}},{"type":"Feature","properties":{"ref":"B 460","klasse":"primary"},"geometry":{"type":"LineString","coordinates":[[8.57418,49.66253],[8.57491,49.66212]]}},{"type":"Feature","properties":{"ref":"A 5","klasse":"motorway_link"},"geometry":{"type":"LineString","coordinates":[[8.60774,49.64785],[8.60769,49.64771]]}},{"type":"Feature","properties":{"ref":"A 5","klasse":"motorway_link"},"geometry":{"type":"LineString","coordinates":[[8.60769,49.64771],[8.60761,49.64741]]}},{"type":"Feature","properties":{"ref":"A 5","klasse":"motorway_link"},"geometry":{"type":"LineString","coordinates":[[8.60809,49.64837],[8.60774,49.64785]]}},{"type":"Feature","properties":{"name":"Karl-Fuchs-Straße","klasse":"living_street"},"geometry":{"type":"LineString","coordinates":[[8.61432,49.6862],[8.6149,49.68627]]}},{"type":"Feature","properties":{"name":"Riedstraße","klasse":"residential"},"geometry":{"type":"LineString","coordinates":[[8.61399,49.68611],[8.61414,49.68529]]}},{"type":"Feature","properties":{"name":"Berliner Ring","klasse":"tertiary"},"geometry":{"type":"LineString","coordinates":[[8.60315,49.6814],[8.60324,49.68155]]}},{"type":"Feature","properties":{"name":"Berliner Ring","klasse":"tertiary"},"geometry":{"type":"LineString","coordinates":[[8.60338,49.68178],[8.60393,49.68279]]}},{"type":"Feature","properties":{"name":"Berliner Ring","klasse":"tertiary"},"geometry":{"type":"LineString","coordinates":[[8.60408,49.68302],[8.60437,49.68356]]}},{"type":"Feature","properties":{"ref":"L 3345","klasse":"secondary"},"geometry":{"type":"LineString","coordinates":[[8.60205,49.68156],[8.60216,49.68154]]}},{"type":"Feature","properties":{"ref":"L 3345","name":"Schwanheimer Straße","klasse":"secondary"},"geometry":{"type":"LineString","coordinates":[[8.60379,49.6816],[8.60386,49.68159]]}},{"type":"Feature","properties":{"ref":"L 3345","name":"Schwanheimer Straße","klasse":"secondary"},"geometry":{"type":"LineString","coordinates":[[8.60341,49.68162],[8.60379,49.6816]]}},{"type":"Feature","properties":{"name":"Europa-Allee","klasse":"unclassified"},"geometry":{"type":"LineString","coordinates":[[8.60717,49.68778],[8.60756,49.68772]]}},{"type":"Feature","properties":{"name":"Europa-Allee","klasse":"unclassified"},"geometry":{"type":"LineString","coordinates":[[8.60756,49.68772],[8.61102,49.68687],[8.61195,49.68673],[8.61329,49.68671],[8.61485,49.68697]]}},{"type":"Feature","properties":{"name":"Berliner Ring","klasse":"tertiary"},"geometry":{"type":"LineString","coordinates":[[8.60715,49.68795],[8.60737,49.68844]]}},{"type":"Feature","properties":{"name":"Berliner Ring","klasse":"tertiary"},"geometry":{"type":"LineString","coordinates":[[8.60737,49.68844],[8.60702,49.68798]]}},{"type":"Feature","properties":{"name":"Berliner Ring","klasse":"tertiary"},"geometry":{"type":"LineString","coordinates":[[8.6069,49.68777],[8.60648,49.68697]]}},{"type":"Feature","properties":{"name":"Berliner Ring","klasse":"tertiary"},"geometry":{"type":"LineString","coordinates":[[8.60648,49.68697],[8.60539,49.68519]]}},{"type":"Feature","properties":{"name":"Berliner Ring","klasse":"tertiary"},"geometry":{"type":"LineString","coordinates":[[8.60437,49.68356],[8.60394,49.68305]]}},{"type":"Feature","properties":{"name":"Berliner Ring","klasse":"tertiary"},"geometry":{"type":"LineString","coordinates":[[8.60565,49.67387],[8.60553,49.67412]]}},{"type":"Feature","properties":{"ref":"B 47","name":"Wormser Straße","klasse":"primary"},"geometry":{"type":"LineString","coordinates":[[8.60592,49.67436],[8.60549,49.67424]]}},{"type":"Feature","properties":{"name":"Berliner Ring","klasse":"tertiary"},"geometry":{"type":"LineString","coordinates":[[8.60284,49.67945],[8.60295,49.67834]]}},{"type":"Feature","properties":{"ref":"K 31","name":"Robert-Bosch-Straße","klasse":"tertiary"},"geometry":{"type":"LineString","coordinates":[[8.60155,49.67806],[8.60043,49.67785]]}},{"type":"Feature","properties":{"name":"Berliner Ring","klasse":"tertiary"},"geometry":{"type":"LineString","coordinates":[[8.60315,49.67791],[8.60472,49.67548]]}},{"type":"Feature","properties":{"ref":"A 5","klasse":"motorway"},"geometry":{"type":"LineString","coordinates":[[8.60169,49.66866],[8.60207,49.66795]]}},{"type":"Feature","properties":{"name":"Am Weiher","klasse":"living_street"},"geometry":{"type":"LineString","coordinates":[[8.57666,49.73478],[8.57616,49.73497]]}},{"type":"Feature","properties":{"name":"Zaubernußweg","klasse":"residential"},"geometry":{"type":"LineString","coordinates":[[8.56243,49.64265],[8.56198,49.6426]]}},{"type":"Feature","properties":{"name":"Römerstraße","klasse":"residential"},"geometry":{"type":"LineString","coordinates":[[8.56746,49.65288],[8.56773,49.65354]]}},{"type":"Feature","properties":{"name":"Peterstraße","klasse":"residential"},"geometry":{"type":"LineString","coordinates":[[8.54169,49.67112],[8.53985,49.67025]]}},{"type":"Feature","properties":{"name":"Weschnitzstraße","klasse":"residential"},"geometry":{"type":"LineString","coordinates":[[8.54155,49.6729],[8.54317,49.67362]]}},{"type":"Feature","properties":{"name":"Frenaystraße","klasse":"residential"},"geometry":{"type":"LineString","coordinates":[[8.61228,49.67849],[8.61242,49.67961],[8.61275,49.68088]]}},{"type":"Feature","properties":{"name":"Hohenweg","klasse":"residential"},"geometry":{"type":"LineString","coordinates":[[8.61228,49.67849],[8.61114,49.67843],[8.61012,49.67819]]}},{"type":"Feature","properties":{"ref":"A 67","klasse":"motorway"},"geometry":{"type":"LineString","coordinates":[[8.55405,49.68044],[8.5509,49.69237]]}},{"type":"Feature","properties":{"ref":"B 47","klasse":"primary"},"geometry":{"type":"LineString","coordinates":[[8.52505,49.65008],[8.51174,49.64882]]}},{"type":"Feature","properties":{"ref":"B 47","klasse":"primary"},"geometry":{"type":"LineString","coordinates":[[8.49564,49.64713],[8.49505,49.64708]]}},{"type":"Feature","properties":{"ref":"B 47","klasse":"trunk"},"geometry":{"type":"LineString","coordinates":[[8.53282,49.65028],[8.53598,49.65038]]}},{"type":"Feature","properties":{"ref":"A 5","klasse":"motorway"},"geometry":{"type":"LineString","coordinates":[[8.59748,49.71055],[8.59762,49.71014]]}},{"type":"Feature","properties":{"name":"Bertha-Benz-Straße","klasse":"unclassified"},"geometry":{"type":"LineString","coordinates":[[8.58304,49.67071],[8.58259,49.67055],[8.58222,49.67003]]}},{"type":"Feature","properties":{"name":"Sophie-Opel-Straße","klasse":"unclassified"},"geometry":{"type":"LineString","coordinates":[[8.58023,49.66933],[8.58065,49.66809]]}},{"type":"Feature","properties":{"name":"Sophie-Opel-Straße","klasse":"unclassified"},"geometry":{"type":"LineString","coordinates":[[8.58065,49.66809],[8.57846,49.66758]]}},{"type":"Feature","properties":{"ref":"B 47","klasse":"trunk"},"geometry":{"type":"LineString","coordinates":[[8.59714,49.67175],[8.59239,49.66995],[8.58736,49.66828]]}},{"type":"Feature","properties":{"ref":"B 460","klasse":"primary"},"geometry":{"type":"LineString","coordinates":[[8.60584,49.64781],[8.60645,49.64767]]}},{"type":"Feature","properties":{"ref":"K 31","klasse":"tertiary"},"geometry":{"type":"LineString","coordinates":[[8.54285,49.65173],[8.5438,49.65183],[8.54464,49.65201]]}},{"type":"Feature","properties":{"ref":"A 67","klasse":"motorway"},"geometry":{"type":"LineString","coordinates":[[8.55275,49.65611],[8.55279,49.65627]]}},{"type":"Feature","properties":{"name":"Rieslingstraße","klasse":"residential"},"geometry":{"type":"LineString","coordinates":[[8.60818,49.72873],[8.60788,49.73004]]}},{"type":"Feature","properties":{"ref":"B 44","klasse":"primary"},"geometry":{"type":"LineString","coordinates":[[8.4929,49.71795],[8.49211,49.71589]]}},{"type":"Feature","properties":{"ref":"B 44","klasse":"primary"},"geometry":{"type":"LineString","coordinates":[[8.49305,49.71905],[8.49305,49.71877]]}},{"type":"Feature","properties":{"name":"Klosterstraße","klasse":"residential"},"geometry":{"type":"LineString","coordinates":[[8.57227,49.65346],[8.57219,49.6541],[8.5718,49.65481]]}},{"type":"Feature","properties":{"name":"Beim Kreuz","klasse":"unclassified"},"geometry":{"type":"LineString","coordinates":[[8.45085,49.69478],[8.45279,49.69397]]}},{"type":"Feature","properties":{"ref":"B 460","klasse":"primary"},"geometry":{"type":"LineString","coordinates":[[8.60846,49.64721],[8.60907,49.64706]]}},{"type":"Feature","properties":{"ref":"B 460","klasse":"primary"},"geometry":{"type":"LineString","coordinates":[[8.6118,49.64644],[8.61226,49.64633]]}},{"type":"Feature","properties":{"ref":"B 460","klasse":"primary"},"geometry":{"type":"LineString","coordinates":[[8.61226,49.64633],[8.61584,49.64549]]}},{"type":"Feature","properties":{"ref":"B 47","name":"Wormser Straße","klasse":"primary"},"geometry":{"type":"LineString","coordinates":[[8.61306,49.67631],[8.61269,49.67618]]}},{"type":"Feature","properties":{"ref":"B 47","name":"Wormser Straße","klasse":"primary"},"geometry":{"type":"LineString","coordinates":[[8.61421,49.67684],[8.61377,49.67663]]}},{"type":"Feature","properties":{"ref":"B 47","name":"Wormser Straße","klasse":"primary"},"geometry":{"type":"LineString","coordinates":[[8.60971,49.6754],[8.60955,49.67535]]}},{"type":"Feature","properties":{"ref":"B 47","name":"Wormser Straße","klasse":"primary"},"geometry":{"type":"LineString","coordinates":[[8.61158,49.6759],[8.61122,49.67581]]}},{"type":"Feature","properties":{"ref":"B 47","name":"Wormser Straße","klasse":"primary"},"geometry":{"type":"LineString","coordinates":[[8.61122,49.67581],[8.61002,49.67548]]}},{"type":"Feature","properties":{"ref":"B 47","name":"Wormser Straße","klasse":"primary"},"geometry":{"type":"LineString","coordinates":[[8.61002,49.67548],[8.60993,49.67546]]}},{"type":"Feature","properties":{"ref":"B 47","name":"Wormser Straße","klasse":"primary"},"geometry":{"type":"LineString","coordinates":[[8.61269,49.67618],[8.61231,49.67609]]}},{"type":"Feature","properties":{"ref":"B 47","name":"Wormser Straße","klasse":"primary"},"geometry":{"type":"LineString","coordinates":[[8.61377,49.67663],[8.61306,49.67631]]}},{"type":"Feature","properties":{"name":"Am Birkengarten","klasse":"residential"},"geometry":{"type":"LineString","coordinates":[[8.55531,49.65088],[8.55489,49.65156],[8.55411,49.6524],[8.55396,49.65272]]}},{"type":"Feature","properties":{"ref":"B 44","klasse":"primary"},"geometry":{"type":"LineString","coordinates":[[8.45518,49.68383],[8.4548,49.68356]]}},{"type":"Feature","properties":{"ref":"B 44","klasse":"primary"},"geometry":{"type":"LineString","coordinates":[[8.45509,49.66392],[8.45512,49.66354]]}},{"type":"Feature","properties":{"ref":"B 44","klasse":"primary"},"geometry":{"type":"LineString","coordinates":[[8.49169,49.71488],[8.49096,49.71333],[8.49013,49.71212],[8.48905,49.71096],[8.48726,49.70954],[8.48572,49.70865],[8.48372,49.70776],[8.48143,49.70704],[8.4783,49.70629]]}},{"type":"Feature","properties":{"ref":"B 44","klasse":"primary"},"geometry":{"type":"LineString","coordinates":[[8.45252,49.67738],[8.45235,49.67673]]}},{"type":"Feature","properties":{"ref":"B 44","klasse":"primary"},"geometry":{"type":"LineString","coordinates":[[8.45287,49.6787],[8.45252,49.67738]]}},{"type":"Feature","properties":{"ref":"B 44","klasse":"primary"},"geometry":{"type":"LineString","coordinates":[[8.45468,49.66581],[8.45495,49.66518],[8.45505,49.66461]]}},{"type":"Feature","properties":{"ref":"B 44","klasse":"primary"},"geometry":{"type":"LineString","coordinates":[[8.45633,49.65623],[8.45589,49.65586],[8.45506,49.65542]]}},{"type":"Feature","properties":{"ref":"B 44","klasse":"primary"},"geometry":{"type":"LineString","coordinates":[[8.45512,49.66354],[8.45545,49.66163]]}},{"type":"Feature","properties":{"name":"Erlenstraße","klasse":"residential"},"geometry":{"type":"LineString","coordinates":[[8.45991,49.68814],[8.4603,49.68783]]}},{"type":"Feature","properties":{"name":"Hauptstraße","klasse":"secondary"},"geometry":{"type":"LineString","coordinates":[[8.54413,49.67444],[8.54356,49.67476],[8.54323,49.67483],[8.54162,49.67459],[8.54119,49.67462],[8.54082,49.6748],[8.53995,49.67553]]}},{"type":"Feature","properties":{"name":"Im Taubenfang","klasse":"unclassified"},"geometry":{"type":"LineString","coordinates":[[8.5467,49.65208],[8.55093,49.65248]]}},{"type":"Feature","properties":{"ref":"K 31","klasse":"tertiary"},"geometry":{"type":"LineString","coordinates":[[8.53932,49.65141],[8.53964,49.65144]]}},{"type":"Feature","properties":{"ref":"K 31","klasse":"tertiary"},"geometry":{"type":"LineString","coordinates":[[8.54464,49.65201],[8.54497,49.65212]]}},{"type":"Feature","properties":{"ref":"K 31","klasse":"tertiary"},"geometry":{"type":"LineString","coordinates":[[8.53849,49.65133],[8.53932,49.65141]]}},{"type":"Feature","properties":{"ref":"K 31","klasse":"tertiary"},"geometry":{"type":"LineString","coordinates":[[8.54278,49.66286],[8.53696,49.65239]]}},{"type":"Feature","properties":{"ref":"L 3111","klasse":"secondary"},"geometry":{"type":"LineString","coordinates":[[8.49628,49.71566],[8.49724,49.71536],[8.49926,49.71422],[8.50046,49.71367],[8.50303,49.71297]]}},{"type":"Feature","properties":{"ref":"L 3111","klasse":"secondary"},"geometry":{"type":"LineString","coordinates":[[8.51358,49.70366],[8.53538,49.6799]]}},{"type":"Feature","properties":{"ref":"L 3111","klasse":"secondary"},"geometry":{"type":"LineString","coordinates":[[8.53538,49.6799],[8.53583,49.6794]]}},{"type":"Feature","properties":{"ref":"L 3111","klasse":"secondary"},"geometry":{"type":"LineString","coordinates":[[8.53583,49.6794],[8.53654,49.67862]]}},{"type":"Feature","properties":{"ref":"L 3111","klasse":"secondary"},"geometry":{"type":"LineString","coordinates":[[8.51245,49.70446],[8.51311,49.70407],[8.51358,49.70366]]}},{"type":"Feature","properties":{"name":"Im Taubenfang","klasse":"unclassified"},"geometry":{"type":"LineString","coordinates":[[8.55135,49.65252],[8.55163,49.65254]]}},{"type":"Feature","properties":{"name":"Ringstraße","klasse":"residential"},"geometry":{"type":"LineString","coordinates":[[8.49685,49.75209],[8.49679,49.75052],[8.496,49.74889],[8.49515,49.74787],[8.49458,49.74744],[8.49353,49.74686]]}},{"type":"Feature","properties":{"name":"Karlstraße","klasse":"residential"},"geometry":{"type":"LineString","coordinates":[[8.48741,49.75102],[8.48682,49.75087]]}},{"type":"Feature","properties":{"ref":"L 3112","klasse":"secondary"},"geometry":{"type":"LineString","coordinates":[[8.61258,49.73922],[8.61329,49.73915]]}},{"type":"Feature","properties":{"name":"Am Weilerweg","klasse":"unclassified"},"geometry":{"type":"LineString","coordinates":[[8.61088,49.7455],[8.61638,49.74415]]}},{"type":"Feature","properties":{"name":"Waldkolonie","klasse":"residential"},"geometry":{"type":"LineString","coordinates":[[8.61291,49.74664],[8.61491,49.74779],[8.61524,49.74806],[8.61629,49.74903],[8.61687,49.74989]]}},{"type":"Feature","properties":{"name":"Waldkolonie","klasse":"unclassified"},"geometry":{"type":"LineString","coordinates":[[8.6111,49.74566],[8.61291,49.74664]]}},{"type":"Feature","properties":{"ref":"L 3100","name":"Alsbacher Straße","klasse":"secondary"},"geometry":{"type":"LineString","coordinates":[[8.61372,49.72829],[8.61298,49.72703]]}},{"type":"Feature","properties":{"name":"Weidenring","klasse":"residential"},"geometry":{"type":"LineString","coordinates":[[8.59774,49.68658],[8.59757,49.68637],[8.59766,49.6858],[8.5976,49.68473]]}},{"type":"Feature","properties":{"ref":"B 47","klasse":"trunk"},"geometry":{"type":"LineString","coordinates":[[8.53725,49.65064],[8.5364,49.65051]]}},{"type":"Feature","properties":{"ref":"B 47","klasse":"primary"},"geometry":{"type":"LineString","coordinates":[[8.52646,49.6502],[8.52505,49.65008]]}},{"type":"Feature","properties":{"ref":"B 47","klasse":"primary"},"geometry":{"type":"LineString","coordinates":[[8.51174,49.64882],[8.50337,49.64804]]}},{"type":"Feature","properties":{"ref":"B 47","klasse":"trunk"},"geometry":{"type":"LineString","coordinates":[[8.53482,49.65039],[8.53052,49.65039]]}},{"type":"Feature","properties":{"ref":"K 31","name":"Robert-Bosch-Straße","klasse":"tertiary"},"geometry":{"type":"LineString","coordinates":[[8.58633,49.67474],[8.58515,49.67399],[8.58423,49.67306],[8.58375,49.67219],[8.58353,49.67123]]}},{"type":"Feature","properties":{"name":"Platanenallee","klasse":"tertiary"},"geometry":{"type":"LineString","coordinates":[[8.60871,49.72613],[8.60884,49.72614]]}},{"type":"Feature","properties":{"name":"Berliner Ring","klasse":"tertiary"},"geometry":{"type":"LineString","coordinates":[[8.61057,49.69648],[8.61049,49.69596]]}},{"type":"Feature","properties":{"name":"Berliner Ring","klasse":"tertiary"},"geometry":{"type":"LineString","coordinates":[[8.61059,49.69563],[8.61057,49.69648]]}},{"type":"Feature","properties":{"name":"Berliner Ring","klasse":"tertiary"},"geometry":{"type":"LineString","coordinates":[[8.61038,49.69469],[8.61052,49.69529]]}},{"type":"Feature","properties":{"name":"Berliner Ring","klasse":"tertiary"},"geometry":{"type":"LineString","coordinates":[[8.61038,49.69469],[8.61003,49.6934]]}},{"type":"Feature","properties":{"name":"Kiefernstraße","klasse":"residential"},"geometry":{"type":"LineString","coordinates":[[8.56551,49.64287],[8.56536,49.64335]]}},{"type":"Feature","properties":{"name":"Hirschstraße","klasse":"residential"},"geometry":{"type":"LineString","coordinates":[[8.56772,49.64716],[8.56726,49.64638],[8.56719,49.64543]]}},{"type":"Feature","properties":{"name":"Seehofstraße","klasse":"residential"},"geometry":{"type":"LineString","coordinates":[[8.5678,49.64388],[8.56853,49.64192],[8.56877,49.64087]]}},{"type":"Feature","properties":{"name":"Hirschstraße","klasse":"residential"},"geometry":{"type":"LineString","coordinates":[[8.56781,49.64733],[8.56772,49.64716]]}},{"type":"Feature","properties":{"name":"Hirschstraße","klasse":"residential"},"geometry":{"type":"LineString","coordinates":[[8.56719,49.64543],[8.5675,49.64461]]}},{"type":"Feature","properties":{"name":"Kaiser-Wilhelm-Platz","klasse":"residential"},"geometry":{"type":"LineString","coordinates":[[8.56725,49.65178],[8.56723,49.65212]]}},{"type":"Feature","properties":{"name":"Stiftstraße","klasse":"residential"},"geometry":{"type":"LineString","coordinates":[[8.56595,49.65196],[8.56607,49.65184]]}},{"type":"Feature","properties":{"name":"Rodauer Straße","klasse":"residential"},"geometry":{"type":"LineString","coordinates":[[8.60232,49.72385],[8.60494,49.72498],[8.60547,49.72505],[8.60723,49.72501]]}},{"type":"Feature","properties":{"name":"Max-Teichmann-Straße","klasse":"living_street"},"geometry":{"type":"LineString","coordinates":[[8.602,49.72486],[8.60282,49.72489]]}},{"type":"Feature","properties":{"name":"Friedensstraße","klasse":"residential"},"geometry":{"type":"LineString","coordinates":[[8.56875,49.64778],[8.57087,49.64815]]}},{"type":"Feature","properties":{"name":"Friedensstraße","klasse":"residential"},"geometry":{"type":"LineString","coordinates":[[8.56715,49.64751],[8.56746,49.64756]]}},{"type":"Feature","properties":{"name":"Friedensstraße","klasse":"residential"},"geometry":{"type":"LineString","coordinates":[[8.56746,49.64756],[8.56796,49.64766]]}},{"type":"Feature","properties":{"name":"Friedensstraße","klasse":"residential"},"geometry":{"type":"LineString","coordinates":[[8.56796,49.64766],[8.56875,49.64778]]}},{"type":"Feature","properties":{"ref":"K 31","name":"Bensheimer Straße","klasse":"tertiary"},"geometry":{"type":"LineString","coordinates":[[8.56806,49.65975],[8.56842,49.65983]]}},{"type":"Feature","properties":{"ref":"K 31","name":"Bensheimer Straße","klasse":"tertiary"},"geometry":{"type":"LineString","coordinates":[[8.56842,49.65983],[8.56878,49.65991]]}},{"type":"Feature","properties":{"ref":"K 31","name":"Bensheimer Straße","klasse":"tertiary"},"geometry":{"type":"LineString","coordinates":[[8.56878,49.65991],[8.57075,49.66039]]}},{"type":"Feature","properties":{"ref":"K 31","name":"Bensheimer Straße","klasse":"tertiary"},"geometry":{"type":"LineString","coordinates":[[8.56784,49.65969],[8.56806,49.65975]]}},{"type":"Feature","properties":{"name":"Bahnhofstraße","klasse":"residential"},"geometry":{"type":"LineString","coordinates":[[8.56806,49.65975],[8.56814,49.65959]]}},{"type":"Feature","properties":{"name":"Friedhofstraße","klasse":"residential"},"geometry":{"type":"LineString","coordinates":[[8.56806,49.65975],[8.568,49.65991]]}},{"type":"Feature","properties":{"name":"Friedhofstraße","klasse":"residential"},"geometry":{"type":"LineString","coordinates":[[8.568,49.65991],[8.56743,49.66142],[8.56709,49.66181],[8.5666,49.66216]]}},{"type":"Feature","properties":{"name":"Bahnhofstraße","klasse":"residential"},"geometry":{"type":"LineString","coordinates":[[8.56814,49.65959],[8.5682,49.65945]]}},{"type":"Feature","properties":{"name":"Mannheimer Straße","klasse":"unclassified"},"geometry":{"type":"LineString","coordinates":[[8.55774,49.64421],[8.55751,49.64377]]}},{"type":"Feature","properties":{"ref":"K 66","klasse":"tertiary"},"geometry":{"type":"LineString","coordinates":[[8.57415,49.72598],[8.5742,49.72587]]}},{"type":"Feature","properties":{"name":"Heinrichstraße","klasse":"residential"},"geometry":{"type":"LineString","coordinates":[[8.45228,49.68483],[8.4516,49.68528],[8.44994,49.68696]]}},{"type":"Feature","properties":{"ref":"L 3111","klasse":"secondary"},"geometry":{"type":"LineString","coordinates":[[8.56151,49.66719],[8.5639,49.66654]]}},{"type":"Feature","properties":{"ref":"B 47","klasse":"primary"},"geometry":{"type":"LineString","coordinates":[[8.50337,49.64804],[8.50317,49.64802]]}},{"type":"Feature","properties":{"ref":"B 47","klasse":"primary"},"geometry":{"type":"LineString","coordinates":[[8.49042,49.64656],[8.48926,49.64634]]}},{"type":"Feature","properties":{"name":"Nibelungenstraße","klasse":"tertiary"},"geometry":{"type":"LineString","coordinates":[[8.46961,49.64491],[8.4698,49.64488]]}},{"type":"Feature","properties":{"name":"Hirschstraße","klasse":"residential"},"geometry":{"type":"LineString","coordinates":[[8.56746,49.65141],[8.56766,49.65115]]}},{"type":"Feature","properties":{"name":"Hirschstraße","klasse":"residential"},"geometry":{"type":"LineString","coordinates":[[8.56766,49.65115],[8.5677,49.65091]]}},{"type":"Feature","properties":{"ref":"L 3111","klasse":"secondary"},"geometry":{"type":"LineString","coordinates":[[8.57979,49.6512],[8.57938,49.65104]]}},{"type":"Feature","properties":{"ref":"L 3111","klasse":"secondary"},"geometry":{"type":"LineString","coordinates":[[8.57946,49.65097],[8.57979,49.6512]]}},{"type":"Feature","properties":{"ref":"L 3111","name":"Starkenburgring","klasse":"secondary"},"geometry":{"type":"LineString","coordinates":[[8.5795,49.65051],[8.57939,49.65082]]}},{"type":"Feature","properties":{"ref":"L 3111","name":"Starkenburgring","klasse":"secondary"},"geometry":{"type":"LineString","coordinates":[[8.57925,49.65078],[8.5795,49.65051]]}},{"type":"Feature","properties":{"name":"Friedensstraße","klasse":"unclassified"},"geometry":{"type":"LineString","coordinates":[[8.57902,49.6509],[8.57869,49.65071]]}},{"type":"Feature","properties":{"name":"Friedensstraße","klasse":"unclassified"},"geometry":{"type":"LineString","coordinates":[[8.57869,49.65071],[8.57909,49.65082]]}},{"type":"Feature","properties":{"ref":"K 31","klasse":"tertiary"},"geometry":{"type":"LineString","coordinates":[[8.54188,49.65165],[8.54197,49.65165]]}},{"type":"Feature","properties":{"ref":"B 47","klasse":"trunk"},"geometry":{"type":"LineString","coordinates":[[8.54476,49.65383],[8.54435,49.6535]]}},{"type":"Feature","properties":{"ref":"B 47","klasse":"trunk"},"geometry":{"type":"LineString","coordinates":[[8.54493,49.65397],[8.54476,49.65383]]}},{"type":"Feature","properties":{"ref":"B 47","klasse":"trunk"},"geometry":{"type":"LineString","coordinates":[[8.54503,49.65389],[8.54519,49.65403]]}},{"type":"Feature","properties":{"ref":"B 47","klasse":"trunk"},"geometry":{"type":"LineString","coordinates":[[8.57287,49.66514],[8.57267,49.66511]]}},{"type":"Feature","properties":{"ref":"B 47","klasse":"trunk"},"geometry":{"type":"LineString","coordinates":[[8.57521,49.66551],[8.57287,49.66514]]}},{"type":"Feature","properties":{"ref":"B 47","klasse":"trunk"},"geometry":{"type":"LineString","coordinates":[[8.57292,49.66505],[8.57493,49.66536]]}},{"type":"Feature","properties":{"ref":"K 31","klasse":"tertiary"},"geometry":{"type":"LineString","coordinates":[[8.57487,49.66137],[8.57462,49.66131]]}},{"type":"Feature","properties":{"ref":"K 31","klasse":"tertiary"},"geometry":{"type":"LineString","coordinates":[[8.57538,49.6615],[8.57496,49.66139]]}},{"type":"Feature","properties":{"ref":"K 31","klasse":"tertiary"},"geometry":{"type":"LineString","coordinates":[[8.57343,49.66103],[8.57248,49.6608]]}},{"type":"Feature","properties":{"ref":"A 5","klasse":"motorway"},"geometry":{"type":"LineString","coordinates":[[8.60323,49.69304],[8.60321,49.69437]]}},{"type":"Feature","properties":{"ref":"A 5","klasse":"motorway"},"geometry":{"type":"LineString","coordinates":[[8.6029,49.69585],[8.60304,49.69409]]}},{"type":"Feature","properties":{"name":"Nibelungenstraße","klasse":"residential"},"geometry":{"type":"LineString","coordinates":[[8.45981,49.64302],[8.45959,49.64297]]}},{"type":"Feature","properties":{"name":"Nibelungenstraße","klasse":"residential"},"geometry":{"type":"LineString","coordinates":[[8.45862,49.64274],[8.45672,49.64211]]}},{"type":"Feature","properties":{"name":"Kaiser-Wilhelm-Platz","klasse":"residential"},"geometry":{"type":"LineString","coordinates":[[8.56698,49.65175],[8.56725,49.65178]]}},{"type":"Feature","properties":{"name":"Heppenheimer Straße","klasse":"residential"},"geometry":{"type":"LineString","coordinates":[[8.56792,49.65113],[8.5709,49.65088],[8.57234,49.65112],[8.57517,49.65181]]}},{"type":"Feature","properties":{"ref":"K 31","name":"Bensheimer Straße","klasse":"tertiary"},"geometry":{"type":"LineString","coordinates":[[8.55484,49.65646],[8.55954,49.65763]]}},{"type":"Feature","properties":{"ref":"K 31","klasse":"tertiary"},"geometry":{"type":"LineString","coordinates":[[8.54528,49.65225],[8.54536,49.65229]]}},{"type":"Feature","properties":{"ref":"L 3111","klasse":"secondary"},"geometry":{"type":"LineString","coordinates":[[8.58434,49.65299],[8.58423,49.65285]]}},{"type":"Feature","properties":{"name":"Hauptstraße","klasse":"secondary"},"geometry":{"type":"LineString","coordinates":[[8.53995,49.67553],[8.53918,49.67618]]}},{"type":"Feature","properties":{"ref":"K 31","klasse":"tertiary"},"geometry":{"type":"LineString","coordinates":[[8.58412,49.66919],[8.58438,49.6689]]}},{"type":"Feature","properties":{"name":"Berliner Ring","klasse":"tertiary"},"geometry":{"type":"LineString","coordinates":[[8.60535,49.67451],[8.6052,49.67471]]}},{"type":"Feature","properties":{"ref":"K 31","klasse":"tertiary"},"geometry":{"type":"LineString","coordinates":[[8.54309,49.66401],[8.54303,49.66396]]}},{"type":"Feature","properties":{"name":"Carl-Benz-Straße","klasse":"residential"},"geometry":{"type":"LineString","coordinates":[[8.54966,49.67852],[8.54882,49.6785]]}},{"type":"Feature","properties":{"ref":"A 5","klasse":"motorway_link"},"geometry":{"type":"LineString","coordinates":[[8.61105,49.64661],[8.61125,49.6469]]}},{"type":"Feature","properties":{"ref":"A 5","klasse":"motorway_link"},"geometry":{"type":"LineString","coordinates":[[8.60761,49.64741],[8.60782,49.64771]]}},{"type":"Feature","properties":{"ref":"B 47","klasse":"primary"},"geometry":{"type":"LineString","coordinates":[[8.50317,49.64802],[8.50096,49.64781]]}},{"type":"Feature","properties":{"ref":"B 47","klasse":"primary"},"geometry":{"type":"LineString","coordinates":[[8.48058,49.64347],[8.47846,49.64234],[8.47747,49.64163],[8.4766,49.64086]]}},{"type":"Feature","properties":{"name":"Nordstraße","klasse":"residential"},"geometry":{"type":"LineString","coordinates":[[8.44955,49.66589],[8.44702,49.66585]]}},{"type":"Feature","properties":{"ref":"K 67","name":"Am Junkergarten","klasse":"tertiary"},"geometry":{"type":"LineString","coordinates":[[8.56859,49.69947],[8.56964,49.70066]]}},{"type":"Feature","properties":{"name":"Orbisstraße","klasse":"residential"},"geometry":{"type":"LineString","coordinates":[[8.61388,49.72891],[8.61475,49.72904],[8.61545,49.72929],[8.61597,49.72965],[8.61637,49.72972]]}},{"type":"Feature","properties":{"name":"Lindenstraße","klasse":"residential"},"geometry":{"type":"LineString","coordinates":[[8.46054,49.6927],[8.46157,49.69342]]}},{"type":"Feature","properties":{"name":"Lindenstraße","klasse":"residential"},"geometry":{"type":"LineString","coordinates":[[8.46041,49.69262],[8.46054,49.6927]]}},{"type":"Feature","properties":{"name":"Fasanenweg","klasse":"living_street"},"geometry":{"type":"LineString","coordinates":[[8.61343,49.70929],[8.61278,49.70922]]}},{"type":"Feature","properties":{"name":"Lindenstraße","klasse":"residential"},"geometry":{"type":"LineString","coordinates":[[8.46028,49.69253],[8.46041,49.69262]]}},{"type":"Feature","properties":{"name":"Larmannweg","klasse":"living_street"},"geometry":{"type":"LineString","coordinates":[[8.57325,49.64876],[8.57347,49.64847],[8.5737,49.64842]]}},{"type":"Feature","properties":{"name":"Am alten Landgraben","klasse":"living_street"},"geometry":{"type":"LineString","coordinates":[[8.57519,49.64853],[8.5748,49.64925]]}},{"type":"Feature","properties":{"name":"Rheinstraße","klasse":"residential"},"geometry":{"type":"LineString","coordinates":[[8.48107,49.71975],[8.48103,49.71978]]}},{"type":"Feature","properties":{"name":"Rheinstraße","klasse":"residential"},"geometry":{"type":"LineString","coordinates":[[8.4821,49.72014],[8.48127,49.71974],[8.48107,49.71975]]}},{"type":"Feature","properties":{"ref":"B 3","name":"Heidelberger Straße","klasse":"primary"},"geometry":{"type":"LineString","coordinates":[[8.61352,49.71733],[8.61359,49.71722]]}},{"type":"Feature","properties":{"ref":"K 67","klasse":"tertiary"},"geometry":{"type":"LineString","coordinates":[[8.60356,49.72023],[8.60393,49.7196]]}},{"type":"Feature","properties":{"ref":"K 67","klasse":"tertiary"},"geometry":{"type":"LineString","coordinates":[[8.60264,49.72124],[8.60356,49.72023]]}},{"type":"Feature","properties":{"ref":"B 460","klasse":"primary"},"geometry":{"type":"LineString","coordinates":[[8.58406,49.65349],[8.58428,49.65336]]}},{"type":"Feature","properties":{"ref":"B 460","klasse":"primary"},"geometry":{"type":"LineString","coordinates":[[8.58609,49.65254],[8.58646,49.65241]]}},{"type":"Feature","properties":{"ref":"B 460","klasse":"primary"},"geometry":{"type":"LineString","coordinates":[[8.60645,49.64767],[8.60708,49.64753]]}},{"type":"Feature","properties":{"ref":"K 65","klasse":"tertiary"},"geometry":{"type":"LineString","coordinates":[[8.5523,49.67798],[8.5524,49.67845]]}},{"type":"Feature","properties":{"ref":"K 65","klasse":"tertiary"},"geometry":{"type":"LineString","coordinates":[[8.55252,49.67925],[8.55254,49.67944]]}},{"type":"Feature","properties":{"ref":"K 65","klasse":"tertiary"},"geometry":{"type":"LineString","coordinates":[[8.55381,49.68252],[8.5557,49.6842]]}},{"type":"Feature","properties":{"ref":"L 3111","klasse":"secondary"},"geometry":{"type":"LineString","coordinates":[[8.55614,49.66885],[8.55654,49.66872]]}},{"type":"Feature","properties":{"ref":"L 3111","klasse":"secondary"},"geometry":{"type":"LineString","coordinates":[[8.56798,49.66535],[8.56863,49.66512]]}},{"type":"Feature","properties":{"ref":"L 3345","klasse":"secondary"},"geometry":{"type":"LineString","coordinates":[[8.54619,49.70312],[8.54421,49.70399]]}},{"type":"Feature","properties":{"ref":"L 3345","klasse":"secondary"},"geometry":{"type":"LineString","coordinates":[[8.54854,49.70209],[8.54789,49.70238]]}},{"type":"Feature","properties":{"ref":"B 44","klasse":"primary"},"geometry":{"type":"LineString","coordinates":[[8.4548,49.68356],[8.4542,49.68291]]}},{"type":"Feature","properties":{"ref":"A 5","klasse":"motorway"},"geometry":{"type":"LineString","coordinates":[[8.59957,49.67459],[8.59995,49.67305]]}},{"type":"Feature","properties":{"ref":"L 3111","name":"Starkenburgring","klasse":"secondary"},"geometry":{"type":"LineString","coordinates":[[8.5795,49.65051],[8.57983,49.64992]]}},{"type":"Feature","properties":{"ref":"L 3111","name":"Starkenburgring","klasse":"secondary"},"geometry":{"type":"LineString","coordinates":[[8.57983,49.64992],[8.58063,49.64849]]}},{"type":"Feature","properties":{"ref":"L 3345","klasse":"secondary"},"geometry":{"type":"LineString","coordinates":[[8.58604,49.68702],[8.58642,49.68685]]}},{"type":"Feature","properties":{"ref":"L 3345","klasse":"secondary"},"geometry":{"type":"LineString","coordinates":[[8.57659,49.69347],[8.57941,49.6921]]}},{"type":"Feature","properties":{"ref":"L 3345","name":"Rohrheimer Straße","klasse":"secondary"},"geometry":{"type":"LineString","coordinates":[[8.57183,49.6956],[8.57344,49.6953],[8.57428,49.695],[8.57659,49.69347]]}},{"type":"Feature","properties":{"ref":"K 67","name":"Mühlgrabenstraße","klasse":"tertiary"},"geometry":{"type":"LineString","coordinates":[[8.56969,49.70071],[8.5703,49.70124],[8.57143,49.70174]]}},{"type":"Feature","properties":{"name":"Im Wiesengrund","klasse":"tertiary"},"geometry":{"type":"LineString","coordinates":[[8.57712,49.7161],[8.57738,49.71639]]}},{"type":"Feature","properties":{"name":"Zwingenberger Straße","klasse":"tertiary"},"geometry":{"type":"LineString","coordinates":[[8.58346,49.72092],[8.58375,49.72098]]}},{"type":"Feature","properties":{"name":"Stubenwaldstraße","klasse":"tertiary"},"geometry":{"type":"LineString","coordinates":[[8.58681,49.67569],[8.58709,49.67622]]}},{"type":"Feature","properties":{"ref":"L 3111","name":"Starkenburgring","klasse":"secondary"},"geometry":{"type":"LineString","coordinates":[[8.58063,49.64849],[8.58094,49.64774],[8.58095,49.6468],[8.58062,49.64603],[8.57973,49.6448],[8.57956,49.64434],[8.57951,49.64374]]}},{"type":"Feature","properties":{"name":"Berliner Ring","klasse":"tertiary"},"geometry":{"type":"LineString","coordinates":[[8.60916,49.70731],[8.60926,49.7065]]}},{"type":"Feature","properties":{"name":"Rathausstraße","klasse":"residential"},"geometry":{"type":"LineString","coordinates":[[8.56796,49.69841],[8.56726,49.69787]]}},{"type":"Feature","properties":{"name":"Bahnhofstraße","klasse":"residential"},"geometry":{"type":"LineString","coordinates":[[8.4955,49.64942],[8.49543,49.64975]]}},{"type":"Feature","properties":{"name":"Schubertstraße","klasse":"residential"},"geometry":{"type":"LineString","coordinates":[[8.45788,49.64599],[8.4575,49.64724],[8.45698,49.64823],[8.45643,49.64817],[8.45597,49.64899]]}},{"type":"Feature","properties":{"name":"Keltenstraße","klasse":"residential"},"geometry":{"type":"LineString","coordinates":[[8.44886,49.64599],[8.44878,49.64452]]}},{"type":"Feature","properties":{"name":"Rosenweg","klasse":"residential"},"geometry":{"type":"LineString","coordinates":[[8.45017,49.66044],[8.45068,49.66049]]}},{"type":"Feature","properties":{"name":"Riedroder Straße","klasse":"residential"},"geometry":{"type":"LineString","coordinates":[[8.47024,49.64709],[8.46772,49.64772]]}},{"type":"Feature","properties":{"ref":"K 203","klasse":"tertiary"},"geometry":{"type":"LineString","coordinates":[[8.4886,49.73967],[8.48822,49.74069]]}},{"type":"Feature","properties":{"ref":"L 3112","klasse":"secondary"},"geometry":{"type":"LineString","coordinates":[[8.54034,49.74527],[8.54109,49.74495]]}},{"type":"Feature","properties":{"ref":"L 3261","klasse":"secondary"},"geometry":{"type":"LineString","coordinates":[[8.46003,49.6971],[8.4624,49.69684]]}},{"type":"Feature","properties":{"ref":"L 3261","klasse":"secondary"},"geometry":{"type":"LineString","coordinates":[[8.44975,49.69713],[8.45073,49.69726]]}},{"type":"Feature","properties":{"ref":"L 3261","klasse":"secondary"},"geometry":{"type":"LineString","coordinates":[[8.45073,49.69726],[8.45279,49.69744]]}},{"type":"Feature","properties":{"ref":"L 3261","klasse":"secondary"},"geometry":{"type":"LineString","coordinates":[[8.45279,49.69744],[8.45532,49.69748],[8.45701,49.6974],[8.45957,49.69715]]}},{"type":"Feature","properties":{"ref":"L 3411","klasse":"secondary"},"geometry":{"type":"LineString","coordinates":[[8.44987,49.65948],[8.44973,49.65996]]}},{"type":"Feature","properties":{"name":"Mannheimer Straße","klasse":"tertiary"},"geometry":{"type":"LineString","coordinates":[[8.48914,49.73042],[8.48922,49.73057]]}},{"type":"Feature","properties":{"name":"Mannheimer Straße","klasse":"secondary"},"geometry":{"type":"LineString","coordinates":[[8.44973,49.65996],[8.44947,49.66094]]}},{"type":"Feature","properties":{"name":"Kurt-Schumacher-Straße","klasse":"residential"},"geometry":{"type":"LineString","coordinates":[[8.56142,49.65982],[8.56374,49.66038]]}},{"type":"Feature","properties":{"ref":"B 3","name":"Neue Bergstraße","klasse":"primary"},"geometry":{"type":"LineString","coordinates":[[8.60977,49.74574],[8.60971,49.74515]]}},{"type":"Feature","properties":{"name":"Saarstraße","klasse":"tertiary"},"geometry":{"type":"LineString","coordinates":[[8.60669,49.69486],[8.60663,49.69484]]}},{"type":"Feature","properties":{"name":"Hähnleiner Straße","klasse":"residential"},"geometry":{"type":"LineString","coordinates":[[8.60466,49.73847],[8.6024,49.73838]]}},{"type":"Feature","properties":{"name":"Sandwiesenstraße","klasse":"residential"},"geometry":{"type":"LineString","coordinates":[[8.60174,49.74092],[8.6024,49.73838]]}},{"type":"Feature","properties":{"name":"Werner-von-Siemens-Straße","klasse":"unclassified"},"geometry":{"type":"LineString","coordinates":[[8.60971,49.66967],[8.61494,49.67096]]}},{"type":"Feature","properties":{"name":"Pfälzer Straße","klasse":"residential"},"geometry":{"type":"LineString","coordinates":[[8.48083,49.74771],[8.48177,49.74815]]}},{"type":"Feature","properties":{"name":"Von-Hausen-Straße","klasse":"residential"},"geometry":{"type":"LineString","coordinates":[[8.57512,49.64332],[8.57268,49.64483]]}},{"type":"Feature","properties":{"name":"Bahnhofstraße","klasse":"residential"},"geometry":{"type":"LineString","coordinates":[[8.56782,49.65642],[8.56781,49.65576],[8.56766,49.65533]]}},{"type":"Feature","properties":{"ref":"K 31","name":"Bensheimer Straße","klasse":"tertiary"},"geometry":{"type":"LineString","coordinates":[[8.55954,49.65763],[8.56048,49.65788]]}},{"type":"Feature","properties":{"ref":"K 31","name":"Bensheimer Straße","klasse":"tertiary"},"geometry":{"type":"LineString","coordinates":[[8.56048,49.65788],[8.56131,49.65808]]}},{"type":"Feature","properties":{"ref":"K 31","name":"Bensheimer Straße","klasse":"tertiary"},"geometry":{"type":"LineString","coordinates":[[8.55057,49.65578],[8.55094,49.6558]]}},{"type":"Feature","properties":{"name":"Einhäuser Landstraße","klasse":"tertiary"},"geometry":{"type":"LineString","coordinates":[[8.55786,49.66215],[8.5577,49.66167]]}},{"type":"Feature","properties":{"name":"Einhäuser Landstraße","klasse":"tertiary"},"geometry":{"type":"LineString","coordinates":[[8.5576,49.66041],[8.55797,49.66015]]}},{"type":"Feature","properties":{"name":"Einhäuser Landstraße","klasse":"tertiary"},"geometry":{"type":"LineString","coordinates":[[8.55787,49.6633],[8.55795,49.66261],[8.55786,49.66215]]}},{"type":"Feature","properties":{"name":"Einhäuser Landstraße","klasse":"tertiary"},"geometry":{"type":"LineString","coordinates":[[8.55797,49.66015],[8.5596,49.65924],[8.56042,49.65798]]}},{"type":"Feature","properties":{"ref":"K 65","klasse":"tertiary"},"geometry":{"type":"LineString","coordinates":[[8.55492,49.69189],[8.55448,49.69263]]}},{"type":"Feature","properties":{"ref":"L 3261","klasse":"secondary"},"geometry":{"type":"LineString","coordinates":[[8.54142,49.71072],[8.5381,49.70946],[8.53722,49.70919],[8.53631,49.70904]]}},{"type":"Feature","properties":{"ref":"L 3261","klasse":"secondary"},"geometry":{"type":"LineString","coordinates":[[8.54704,49.7143],[8.54567,49.71332]]}},{"type":"Feature","properties":{"ref":"L 3261","klasse":"secondary"},"geometry":{"type":"LineString","coordinates":[[8.54851,49.7155],[8.54841,49.71533]]}},{"type":"Feature","properties":{"name":"Marie-Curie-Straße","klasse":"tertiary"},"geometry":{"type":"LineString","coordinates":[[8.55821,49.66346],[8.55787,49.6633]]}},{"type":"Feature","properties":{"name":"Nibelungenstraße","klasse":"residential"},"geometry":{"type":"LineString","coordinates":[[8.56658,49.65392],[8.56693,49.65392]]}},{"type":"Feature","properties":{"name":"Nibelungenstraße","klasse":"unclassified"},"geometry":{"type":"LineString","coordinates":[[8.55602,49.65296],[8.55703,49.65305]]}},{"type":"Feature","properties":{"name":"Claus-Kroencke-Straße","klasse":"residential"},"geometry":{"type":"LineString","coordinates":[[8.48864,49.73277],[8.48781,49.73462],[8.48655,49.73455]]}},{"type":"Feature","properties":{"name":"Am Wiesenteich","klasse":"living_street"},"geometry":{"type":"LineString","coordinates":[[8.57722,49.65174],[8.5772,49.65193]]}},{"type":"Feature","properties":{"name":"Karolingerstraße","klasse":"residential"},"geometry":{"type":"LineString","coordinates":[[8.56724,49.65243],[8.56849,49.65226]]}},{"type":"Feature","properties":{"name":"Nibelungenstraße","klasse":"pedestrian"},"geometry":{"type":"LineString","coordinates":[[8.56879,49.65408],[8.56946,49.65425]]}},{"type":"Feature","properties":{"name":"In der Wolfshecke","klasse":"residential"},"geometry":{"type":"LineString","coordinates":[[8.54315,49.66398],[8.54411,49.66397]]}},{"type":"Feature","properties":{"ref":"K 31","name":"Klein-Häuser-Straße","klasse":"tertiary"},"geometry":{"type":"LineString","coordinates":[[8.5431,49.66394],[8.54306,49.66337]]}},{"type":"Feature","properties":{"name":"Badegasse","klasse":"residential"},"geometry":{"type":"LineString","coordinates":[[8.57331,49.64965],[8.57431,49.64984]]}},{"type":"Feature","properties":{"name":"Badegasse","klasse":"residential"},"geometry":{"type":"LineString","coordinates":[[8.57209,49.64924],[8.57331,49.64965]]}},{"type":"Feature","properties":{"name":"Friedensstraße","klasse":"residential"},"geometry":{"type":"LineString","coordinates":[[8.57464,49.6492],[8.57547,49.64946]]}},{"type":"Feature","properties":{"ref":"L 3112","klasse":"secondary"},"geometry":{"type":"LineString","coordinates":[[8.54194,49.74455],[8.54321,49.744]]}},{"type":"Feature","properties":{"name":"Mannheimer Straße","klasse":"unclassified"},"geometry":{"type":"LineString","coordinates":[[8.55751,49.64377],[8.55664,49.64274]]}},{"type":"Feature","properties":{"name":"Heppenheimer Straße","klasse":"residential"},"geometry":{"type":"LineString","coordinates":[[8.57517,49.65181],[8.57639,49.65189]]}},{"type":"Feature","properties":{"name":"Lavendelweg","klasse":"living_street"},"geometry":{"type":"LineString","coordinates":[[8.57415,49.65075],[8.57488,49.65094]]}},{"type":"Feature","properties":{"name":"Malvenweg","klasse":"living_street"},"geometry":{"type":"LineString","coordinates":[[8.57506,49.64963],[8.57505,49.64967]]}},{"type":"Feature","properties":{"name":"Malvenweg","klasse":"living_street"},"geometry":{"type":"LineString","coordinates":[[8.57499,49.65035],[8.57496,49.6507]]}},{"type":"Feature","properties":{"name":"Oleanderstraße","klasse":"living_street"},"geometry":{"type":"LineString","coordinates":[[8.57438,49.65035],[8.57457,49.64989]]}},{"type":"Feature","properties":{"name":"Oleanderstraße","klasse":"living_street"},"geometry":{"type":"LineString","coordinates":[[8.57427,49.65054],[8.57438,49.65035]]}},{"type":"Feature","properties":{"name":"Rosmarinweg","klasse":"living_street"},"geometry":{"type":"LineString","coordinates":[[8.5745,49.64989],[8.57431,49.64984]]}},{"type":"Feature","properties":{"name":"Fenchelweg","klasse":"living_street"},"geometry":{"type":"LineString","coordinates":[[8.57383,49.65047],[8.5729,49.6502]]}},{"type":"Feature","properties":{"name":"Claus-Kroencke-Straße","klasse":"residential"},"geometry":{"type":"LineString","coordinates":[[8.48922,49.73057],[8.48908,49.73066],[8.48864,49.73277]]}},{"type":"Feature","properties":{"ref":"B 47","klasse":"primary"},"geometry":{"type":"LineString","coordinates":[[8.59936,49.67236],[8.60055,49.67274]]}},{"type":"Feature","properties":{"ref":"B 47","klasse":"primary"},"geometry":{"type":"LineString","coordinates":[[8.60378,49.67364],[8.60403,49.67371]]}},{"type":"Feature","properties":{"ref":"B 47","klasse":"primary"},"geometry":{"type":"LineString","coordinates":[[8.48278,49.64441],[8.48058,49.64347]]}},{"type":"Feature","properties":{"ref":"B 47","klasse":"trunk"},"geometry":{"type":"LineString","coordinates":[[8.5966,49.67143],[8.59769,49.67181]]}},{"type":"Feature","properties":{"ref":"B 47","klasse":"primary"},"geometry":{"type":"LineString","coordinates":[[8.48646,49.64569],[8.48563,49.64544]]}},{"type":"Feature","properties":{"ref":"B 47","klasse":"trunk"},"geometry":{"type":"LineString","coordinates":[[8.59438,49.67059],[8.5966,49.67143]]}},{"type":"Feature","properties":{"ref":"B 47","name":"Wormser Straße","klasse":"primary"},"geometry":{"type":"LineString","coordinates":[[8.60686,49.67453],[8.60816,49.67492]]}},{"type":"Feature","properties":{"ref":"B 47","klasse":"trunk"},"geometry":{"type":"LineString","coordinates":[[8.59742,49.67185],[8.59714,49.67175]]}},{"type":"Feature","properties":{"name":"Melibokusblick","klasse":"living_street"},"geometry":{"type":"LineString","coordinates":[[8.5738,49.69366],[8.57605,49.69283],[8.57641,49.69315],[8.57563,49.69355]]}},{"type":"Feature","properties":{"name":"Melibokusblick","klasse":"living_street"},"geometry":{"type":"LineString","coordinates":[[8.57597,49.69385],[8.57517,49.69316]]}},{"type":"Feature","properties":{"name":"Brückweg","klasse":"tertiary"},"geometry":{"type":"LineString","coordinates":[[8.6099,49.70654],[8.60926,49.7065]]}},{"type":"Feature","properties":{"name":"Brückweg","klasse":"tertiary"},"geometry":{"type":"LineString","coordinates":[[8.60926,49.7065],[8.60943,49.70646],[8.6099,49.70654]]}},{"type":"Feature","properties":{"name":"Berliner Ring","klasse":"tertiary"},"geometry":{"type":"LineString","coordinates":[[8.60926,49.7065],[8.60928,49.70638]]}},{"type":"Feature","properties":{"name":"Berliner Ring","klasse":"tertiary"},"geometry":{"type":"LineString","coordinates":[[8.60928,49.70638],[8.60933,49.70573]]}},{"type":"Feature","properties":{"ref":"B 47","klasse":"trunk"},"geometry":{"type":"LineString","coordinates":[[8.54112,49.65158],[8.54157,49.65177]]}},{"type":"Feature","properties":{"ref":"L 3111","name":"Starkenburgring","klasse":"secondary"},"geometry":{"type":"LineString","coordinates":[[8.57951,49.64374],[8.57952,49.64356]]}},{"type":"Feature","properties":{"ref":"L 3111","name":"Starkenburgring","klasse":"secondary"},"geometry":{"type":"LineString","coordinates":[[8.57952,49.64356],[8.5798,49.64229],[8.57965,49.64135],[8.57921,49.64062],[8.57812,49.63975]]}},{"type":"Feature","properties":{"name":"Mainstraße","klasse":"tertiary"},"geometry":{"type":"LineString","coordinates":[[8.45242,49.65084],[8.4524,49.65094]]}},{"type":"Feature","properties":{"name":"Mainstraße","klasse":"tertiary"},"geometry":{"type":"LineString","coordinates":[[8.45242,49.65079],[8.45242,49.65084]]}},{"type":"Feature","properties":{"name":"Mainstraße","klasse":"tertiary"},"geometry":{"type":"LineString","coordinates":[[8.45289,49.64925],[8.45242,49.65079]]}},{"type":"Feature","properties":{"name":"Wasserwerkstraße","klasse":"tertiary"},"geometry":{"type":"LineString","coordinates":[[8.47242,49.64511],[8.47246,49.64497]]}},{"type":"Feature","properties":{"name":"Nibelungenstraße","klasse":"tertiary"},"geometry":{"type":"LineString","coordinates":[[8.48201,49.64601],[8.48292,49.64604]]}},{"type":"Feature","properties":{"name":"Kinzigstraße","klasse":"residential"},"geometry":{"type":"LineString","coordinates":[[8.49761,49.74702],[8.49994,49.74707]]}},{"type":"Feature","properties":{"name":"Mainstraße","klasse":"residential"},"geometry":{"type":"LineString","coordinates":[[8.49689,49.74851],[8.49775,49.74858]]}},{"type":"Feature","properties":{"name":"Mainstraße","klasse":"residential"},"geometry":{"type":"LineString","coordinates":[[8.49775,49.74858],[8.49803,49.74702]]}},{"type":"Feature","properties":{"name":"Fuldastraße","klasse":"residential"},"geometry":{"type":"LineString","coordinates":[[8.49776,49.7485],[8.49952,49.74861]]}},{"type":"Feature","properties":{"name":"Neckarstraße","klasse":"residential"},"geometry":{"type":"LineString","coordinates":[[8.49952,49.74861],[8.49966,49.74792]]}},{"type":"Feature","properties":{"name":"Niddastraße","klasse":"residential"},"geometry":{"type":"LineString","coordinates":[[8.49966,49.74792],[8.49788,49.74789]]}},{"type":"Feature","properties":{"name":"Modaustraße","klasse":"residential"},"geometry":{"type":"LineString","coordinates":[[8.49867,49.74855],[8.4988,49.74791]]}},{"type":"Feature","properties":{"name":"Neckarstraße","klasse":"residential"},"geometry":{"type":"LineString","coordinates":[[8.49966,49.74792],[8.49985,49.74781],[8.49994,49.74707]]}},{"type":"Feature","properties":{"name":"Kinzigstraße","klasse":"residential"},"geometry":{"type":"LineString","coordinates":[[8.49863,49.74703],[8.49862,49.74731]]}},{"type":"Feature","properties":{"name":"Kinzigstraße","klasse":"residential"},"geometry":{"type":"LineString","coordinates":[[8.49924,49.74703],[8.49922,49.74732]]}},{"type":"Feature","properties":{"name":"Mainstraße","klasse":"residential"},"geometry":{"type":"LineString","coordinates":[[8.49775,49.74858],[8.49754,49.74971]]}},{"type":"Feature","properties":{"name":"Ederstraße","klasse":"residential"},"geometry":{"type":"LineString","coordinates":[[8.49668,49.74966],[8.49941,49.74973]]}},{"type":"Feature","properties":{"name":"Lahnstraße","klasse":"residential"},"geometry":{"type":"LineString","coordinates":[[8.49767,49.74901],[8.49941,49.74915]]}},{"type":"Feature","properties":{"name":"Neckarstraße","klasse":"residential"},"geometry":{"type":"LineString","coordinates":[[8.49941,49.74973],[8.49953,49.74927],[8.49941,49.74915]]}},{"type":"Feature","properties":{"name":"Neckarstraße","klasse":"residential"},"geometry":{"type":"LineString","coordinates":[[8.49952,49.74861],[8.49941,49.74915]]}},{"type":"Feature","properties":{"name":"Neckarstraße","klasse":"residential"},"geometry":{"type":"LineString","coordinates":[[8.49941,49.74973],[8.49909,49.7514],[8.49929,49.752],[8.49902,49.75309],[8.49881,49.75335],[8.49876,49.75367]]}},{"type":"Feature","properties":{"name":"Diemelstraße","klasse":"residential"},"geometry":{"type":"LineString","coordinates":[[8.49687,49.7508],[8.49919,49.75082]]}},{"type":"Feature","properties":{"name":"Berliner Ring","klasse":"tertiary"},"geometry":{"type":"LineString","coordinates":[[8.60454,49.68382],[8.60437,49.68356]]}},{"type":"Feature","properties":{"name":"Berliner Ring","klasse":"tertiary"},"geometry":{"type":"LineString","coordinates":[[8.61049,49.69596],[8.61048,49.69575]]}},{"type":"Feature","properties":{"name":"Berliner Ring","klasse":"tertiary"},"geometry":{"type":"LineString","coordinates":[[8.6105,49.69969],[8.61055,49.69918]]}},{"type":"Feature","properties":{"name":"Berliner Ring","klasse":"tertiary"},"geometry":{"type":"LineString","coordinates":[[8.61055,49.69918],[8.61058,49.69658]]}},{"type":"Feature","properties":{"name":"Berliner Ring","klasse":"tertiary"},"geometry":{"type":"LineString","coordinates":[[8.60963,49.70288],[8.60974,49.70251]]}},{"type":"Feature","properties":{"name":"Berliner Ring","klasse":"tertiary"},"geometry":{"type":"LineString","coordinates":[[8.60939,49.70472],[8.60957,49.70321]]}},{"type":"Feature","properties":{"name":"Berliner Ring","klasse":"tertiary"},"geometry":{"type":"LineString","coordinates":[[8.60393,49.7196],[8.60408,49.71928]]}},{"type":"Feature","properties":{"ref":"B 3","name":"Darmstädter Straße","klasse":"primary"},"geometry":{"type":"LineString","coordinates":[[8.61188,49.72666],[8.612,49.72639]]}},{"type":"Feature","properties":{"ref":"B 3","name":"Neue Bergstraße","klasse":"primary"},"geometry":{"type":"LineString","coordinates":[[8.6088,49.73726],[8.60839,49.73364]]}},{"type":"Feature","properties":{"ref":"B 3","klasse":"primary"},"geometry":{"type":"LineString","coordinates":[[8.60899,49.73879],[8.60894,49.73833]]}},{"type":"Feature","properties":{"ref":"B 3","name":"Neue Bergstraße","klasse":"primary"},"geometry":{"type":"LineString","coordinates":[[8.60952,49.74363],[8.60948,49.74323]]}},{"type":"Feature","properties":{"ref":"B 3","name":"Neue Bergstraße","klasse":"primary"},"geometry":{"type":"LineString","coordinates":[[8.60971,49.74515],[8.60969,49.745]]}},{"type":"Feature","properties":{"ref":"B 3","name":"Zwingenberger Straße","klasse":"primary"},"geometry":{"type":"LineString","coordinates":[[8.60984,49.74622],[8.60977,49.74574]]}},{"type":"Feature","properties":{"ref":"A 5","klasse":"motorway"},"geometry":{"type":"LineString","coordinates":[[8.59193,49.74362],[8.59175,49.74191]]}},{"type":"Feature","properties":{"ref":"A 5","klasse":"motorway"},"geometry":{"type":"LineString","coordinates":[[8.59311,49.75028],[8.59276,49.74878]]}},{"type":"Feature","properties":{"ref":"A 5","klasse":"motorway"},"geometry":{"type":"LineString","coordinates":[[8.60959,49.64825],[8.60956,49.64775]]}},{"type":"Feature","properties":{"name":"Berliner Ring","klasse":"tertiary"},"geometry":{"type":"LineString","coordinates":[[8.61052,49.69529],[8.61058,49.6954]]}},{"type":"Feature","properties":{"ref":"K 31","klasse":"tertiary"},"geometry":{"type":"LineString","coordinates":[[8.53696,49.65239],[8.53678,49.65207]]}},{"type":"Feature","properties":{"ref":"K 31","klasse":"tertiary"},"geometry":{"type":"LineString","coordinates":[[8.53783,49.65128],[8.53849,49.65133]]}},{"type":"Feature","properties":{"ref":"K 31","name":"Klein-Häuser-Straße","klasse":"tertiary"},"geometry":{"type":"LineString","coordinates":[[8.54306,49.66337],[8.54278,49.66286]]}},{"type":"Feature","properties":{"name":"Mathildenstraße","klasse":"secondary"},"geometry":{"type":"LineString","coordinates":[[8.54786,49.6718],[8.54578,49.67199]]}},{"type":"Feature","properties":{"ref":"B 460","klasse":"primary"},"geometry":{"type":"LineString","coordinates":[[8.59988,49.6492],[8.60173,49.64877]]}},{"type":"Feature","properties":{"ref":"B 460","klasse":"primary"},"geometry":{"type":"LineString","coordinates":[[8.58218,49.65493],[8.58241,49.65469]]}},{"type":"Feature","properties":{"ref":"B 44","klasse":"primary"},"geometry":{"type":"LineString","coordinates":[[8.45768,49.68521],[8.4559,49.68427]]}},{"type":"Feature","properties":{"ref":"B 44","klasse":"primary"},"geometry":{"type":"LineString","coordinates":[[8.45331,49.68036],[8.45327,49.68013]]}},{"type":"Feature","properties":{"name":"Am Rübgarten","klasse":"residential"},"geometry":{"type":"LineString","coordinates":[[8.44649,49.68684],[8.44731,49.68697],[8.44911,49.68847]]}},{"type":"Feature","properties":{"name":"Berliner Straße","klasse":"tertiary"},"geometry":{"type":"LineString","coordinates":[[8.44723,49.68484],[8.44792,49.68503]]}},{"type":"Feature","properties":{"name":"Bürstädter Straße","klasse":"tertiary"},"geometry":{"type":"LineString","coordinates":[[8.45083,49.68283],[8.45094,49.68271]]}},{"type":"Feature","properties":{"name":"Bürstädter Straße","klasse":"tertiary"},"geometry":{"type":"LineString","coordinates":[[8.45178,49.68161],[8.45169,49.68177]]}},{"type":"Feature","properties":{"name":"Bürstädter Straße","klasse":"tertiary"},"geometry":{"type":"LineString","coordinates":[[8.45169,49.68177],[8.4514,49.68221]]}},{"type":"Feature","properties":{"name":"Bürstädter Straße","klasse":"tertiary"},"geometry":{"type":"LineString","coordinates":[[8.45247,49.68041],[8.45232,49.68068]]}},{"type":"Feature","properties":{"name":"Rheinstraße","klasse":"residential"},"geometry":{"type":"LineString","coordinates":[[8.56048,49.65788],[8.56052,49.6578]]}},{"type":"Feature","properties":{"name":"Einhäuser Landstraße","klasse":"tertiary"},"geometry":{"type":"LineString","coordinates":[[8.56042,49.65798],[8.56048,49.65788]]}},{"type":"Feature","properties":{"name":"Von-Humboldt-Straße","klasse":"residential"},"geometry":{"type":"LineString","coordinates":[[8.6138,49.64266],[8.61467,49.64259]]}},{"type":"Feature","properties":{"name":"Taunusstraße","klasse":"residential"},"geometry":{"type":"LineString","coordinates":[[8.61352,49.64448],[8.6146,49.64428]]}},{"type":"Feature","properties":{"ref":"B 460","klasse":"primary"},"geometry":{"type":"LineString","coordinates":[[8.60173,49.64877],[8.60315,49.64844]]}},{"type":"Feature","properties":{"name":"Odenwaldstraße","klasse":"residential"},"geometry":{"type":"LineString","coordinates":[[8.61223,49.68232],[8.61204,49.68361]]}},{"type":"Feature","properties":{"name":"Kirchstraße","klasse":"living_street"},"geometry":{"type":"LineString","coordinates":[[8.54578,49.67199],[8.54529,49.67106]]}},{"type":"Feature","properties":{"name":"Bachgasse","klasse":"residential"},"geometry":{"type":"LineString","coordinates":[[8.45497,49.68392],[8.45518,49.68383]]}},{"type":"Feature","properties":{"name":"Bachgasse","klasse":"residential"},"geometry":{"type":"LineString","coordinates":[[8.4549,49.68395],[8.45497,49.68392]]}},{"type":"Feature","properties":{"ref":"B 47","klasse":"trunk"},"geometry":{"type":"LineString","coordinates":[[8.54831,49.65694],[8.54847,49.65707]]}},{"type":"Feature","properties":{"ref":"L 3261","klasse":"secondary"},"geometry":{"type":"LineString","coordinates":[[8.52437,49.70687],[8.51399,49.70501],[8.51314,49.70486],[8.51225,49.70483]]}},{"type":"Feature","properties":{"ref":"L 3261","klasse":"secondary"},"geometry":{"type":"LineString","coordinates":[[8.53631,49.70904],[8.52821,49.70758]]}},{"type":"Feature","properties":{"ref":"L 3111","klasse":"secondary"},"geometry":{"type":"LineString","coordinates":[[8.51218,49.70462],[8.51245,49.70446]]}},{"type":"Feature","properties":{"name":"Obergasse","klasse":"living_street"},"geometry":{"type":"LineString","coordinates":[[8.61351,49.72374],[8.61312,49.72387]]}},{"type":"Feature","properties":{"name":"Birkenweg","klasse":"residential"},"geometry":{"type":"LineString","coordinates":[[8.45604,49.75074],[8.45601,49.75131]]}},{"type":"Feature","properties":{"name":"Birkenweg","klasse":"residential"},"geometry":{"type":"LineString","coordinates":[[8.45601,49.75131],[8.45591,49.75073]]}},{"type":"Feature","properties":{"ref":"L 440","name":"Gernsheimer Fahrt","klasse":"secondary"},"geometry":{"type":"LineString","coordinates":[[8.45591,49.75073],[8.45604,49.75074]]}},{"type":"Feature","properties":{"ref":"L 440","name":"Gernsheimer Fahrt","klasse":"secondary"},"geometry":{"type":"LineString","coordinates":[[8.44553,49.75047],[8.45403,49.75063],[8.45591,49.75073]]}},{"type":"Feature","properties":{"ref":"K 45","klasse":"tertiary"},"geometry":{"type":"LineString","coordinates":[[8.45591,49.75073],[8.45598,49.75029]]}},{"type":"Feature","properties":{"ref":"K 45","klasse":"tertiary"},"geometry":{"type":"LineString","coordinates":[[8.45598,49.75029],[8.45604,49.75074]]}},{"type":"Feature","properties":{"name":"Donaustraße","klasse":"residential"},"geometry":{"type":"LineString","coordinates":[[8.61014,49.6734],[8.61014,49.67371]]}},{"type":"Feature","properties":{"name":"In der Pfarrtanne","klasse":"residential"},"geometry":{"type":"LineString","coordinates":[[8.60633,49.74344],[8.6075,49.74353]]}},{"type":"Feature","properties":{"ref":"L 3112","klasse":"secondary"},"geometry":{"type":"LineString","coordinates":[[8.60245,49.74019],[8.60454,49.74001]]}},{"type":"Feature","properties":{"ref":"B 44","klasse":"primary"},"geometry":{"type":"LineString","coordinates":[[8.4999,49.74397],[8.49885,49.74319],[8.49699,49.74221]]}},{"type":"Feature","properties":{"ref":"B 44","klasse":"primary"},"geometry":{"type":"LineString","coordinates":[[8.49699,49.74221],[8.49692,49.74217]]}},{"type":"Feature","properties":{"ref":"B 44","klasse":"primary"},"geometry":{"type":"LineString","coordinates":[[8.49429,49.73839],[8.49141,49.73206]]}},{"type":"Feature","properties":{"ref":"B 44","klasse":"primary"},"geometry":{"type":"LineString","coordinates":[[8.49131,49.73186],[8.49141,49.73206]]}},{"type":"Feature","properties":{"ref":"B 44","klasse":"primary"},"geometry":{"type":"LineString","coordinates":[[8.48906,49.72501],[8.48931,49.72482]]}},{"type":"Feature","properties":{"ref":"B 44","klasse":"primary"},"geometry":{"type":"LineString","coordinates":[[8.48885,49.72556],[8.48889,49.72532]]}},{"type":"Feature","properties":{"ref":"B 44","klasse":"primary"},"geometry":{"type":"LineString","coordinates":[[8.48906,49.72536],[8.48885,49.72556]]}},{"type":"Feature","properties":{"ref":"B 44","klasse":"primary"},"geometry":{"type":"LineString","coordinates":[[8.49608,49.74167],[8.49582,49.7413]]}},{"type":"Feature","properties":{"ref":"B 44","klasse":"primary"},"geometry":{"type":"LineString","coordinates":[[8.49582,49.7413],[8.49621,49.7416]]}},{"type":"Feature","properties":{"ref":"K 203","klasse":"tertiary"},"geometry":{"type":"LineString","coordinates":[[8.49566,49.742],[8.49606,49.74181]]}},{"type":"Feature","properties":{"ref":"K 203","klasse":"tertiary"},"geometry":{"type":"LineString","coordinates":[[8.49617,49.7419],[8.49566,49.742]]}},{"type":"Feature","properties":{"ref":"B 44","klasse":"primary"},"geometry":{"type":"LineString","coordinates":[[8.49684,49.74213],[8.49639,49.74191]]}},{"type":"Feature","properties":{"ref":"B 44","klasse":"primary"},"geometry":{"type":"LineString","coordinates":[[8.49692,49.74217],[8.49684,49.74213]]}},{"type":"Feature","properties":{"ref":"K 65","name":"Industriestraße","klasse":"tertiary"},"geometry":{"type":"LineString","coordinates":[[8.55178,49.67527],[8.5518,49.67543]]}},{"type":"Feature","properties":{"name":"Kirchstraße","klasse":"residential"},"geometry":{"type":"LineString","coordinates":[[8.57298,49.70257],[8.57349,49.70233],[8.57297,49.70182]]}},{"type":"Feature","properties":{"name":"Berliner Ring","klasse":"tertiary"},"geometry":{"type":"LineString","coordinates":[[8.60297,49.68094],[8.60315,49.68136]]}},{"type":"Feature","properties":{"name":"Berliner Ring","klasse":"tertiary"},"geometry":{"type":"LineString","coordinates":[[8.60298,49.68131],[8.60287,49.68095]]}},{"type":"Feature","properties":{"name":"Berliner Ring","klasse":"tertiary"},"geometry":{"type":"LineString","coordinates":[[8.60287,49.68095],[8.6029,49.68089]]}},{"type":"Feature","properties":{"ref":"K 62","klasse":"tertiary"},"geometry":{"type":"LineString","coordinates":[[8.48509,49.64631],[8.48427,49.64625],[8.48403,49.64602]]}},{"type":"Feature","properties":{"ref":"K 41","klasse":"tertiary"},"geometry":{"type":"LineString","coordinates":[[8.47523,49.71144],[8.47482,49.71098],[8.47419,49.71053]]}},{"type":"Feature","properties":{"name":"Tannbergstraße","klasse":"residential"},"geometry":{"type":"LineString","coordinates":[[8.61136,49.67627],[8.61158,49.6759]]}},{"type":"Feature","properties":{"ref":"B 47","name":"Wormser Straße","klasse":"primary"},"geometry":{"type":"LineString","coordinates":[[8.61524,49.67735],[8.61457,49.67702]]}},{"type":"Feature","properties":{"ref":"L 3112","klasse":"secondary"},"geometry":{"type":"LineString","coordinates":[[8.60678,49.73977],[8.60721,49.73973]]}},{"type":"Feature","properties":{"ref":"L 3112","klasse":"secondary"},"geometry":{"type":"LineString","coordinates":[[8.60767,49.73968],[8.60894,49.73955]]}},{"type":"Feature","properties":{"ref":"B 3","name":"Neue Bergstraße","klasse":"primary"},"geometry":{"type":"LineString","coordinates":[[8.60923,49.74072],[8.60921,49.74054]]}},{"type":"Feature","properties":{"ref":"B 3","name":"Neue Bergstraße","klasse":"primary"},"geometry":{"type":"LineString","coordinates":[[8.6092,49.7404],[8.60911,49.73968]]}},{"type":"Feature","properties":{"name":"Saarstraße","klasse":"tertiary"},"geometry":{"type":"LineString","coordinates":[[8.60869,49.6953],[8.60685,49.69489]]}},{"type":"Feature","properties":{"name":"Auf der Tuchbleiche","klasse":"living_street"},"geometry":{"type":"LineString","coordinates":[[8.60576,49.72271],[8.60563,49.72229],[8.60756,49.72205],[8.60739,49.7225]]}},{"type":"Feature","properties":{"name":"Auf der Tuchbleiche","klasse":"living_street"},"geometry":{"type":"LineString","coordinates":[[8.60756,49.72205],[8.60765,49.72186]]}},{"type":"Feature","properties":{"ref":"L 3111","klasse":"secondary"},"geometry":{"type":"LineString","coordinates":[[8.51028,49.70578],[8.51066,49.70552]]}},{"type":"Feature","properties":{"ref":"L 3261","klasse":"secondary"},"geometry":{"type":"LineString","coordinates":[[8.51225,49.70483],[8.51213,49.70484]]}},{"type":"Feature","properties":{"ref":"L 3111","klasse":"secondary"},"geometry":{"type":"LineString","coordinates":[[8.49369,49.71576],[8.49628,49.71566]]}},{"type":"Feature","properties":{"name":"Lärchenweg","klasse":"residential"},"geometry":{"type":"LineString","coordinates":[[8.60165,49.74588],[8.60034,49.74617]]}},{"type":"Feature","properties":{"name":"Berliner Ring","klasse":"tertiary"},"geometry":{"type":"LineString","coordinates":[[8.60472,49.67548],[8.6051,49.67487]]}},{"type":"Feature","properties":{"ref":"B 3","name":"Neue Bergstraße","klasse":"primary"},"geometry":{"type":"LineString","coordinates":[[8.60948,49.74323],[8.60944,49.7428]]}},{"type":"Feature","properties":{"name":"Friedensstraße","klasse":"unclassified"},"geometry":{"type":"LineString","coordinates":[[8.57805,49.65043],[8.57869,49.65071]]}},{"type":"Feature","properties":{"ref":"K 203","name":"Mannheimer Straße","klasse":"tertiary"},"geometry":{"type":"LineString","coordinates":[[8.48984,49.73553],[8.48978,49.73578]]}},{"type":"Feature","properties":{"name":"Wormser Straße","klasse":"tertiary"},"geometry":{"type":"LineString","coordinates":[[8.48721,49.74335],[8.48784,49.74162]]}},{"type":"Feature","properties":{"name":"Wormser Straße","klasse":"tertiary"},"geometry":{"type":"LineString","coordinates":[[8.48178,49.75071],[8.48209,49.74965]]}},{"type":"Feature","properties":{"name":"Kornstraße","klasse":"tertiary"},"geometry":{"type":"LineString","coordinates":[[8.47177,49.71669],[8.47176,49.71657]]}},{"type":"Feature","properties":{"name":"Rheinstraße","klasse":"tertiary"},"geometry":{"type":"LineString","coordinates":[[8.48103,49.71978],[8.48057,49.71955]]}},{"type":"Feature","properties":{"name":"Rheinstraße","klasse":"tertiary"},"geometry":{"type":"LineString","coordinates":[[8.48358,49.7211],[8.48288,49.72067],[8.48103,49.71978]]}},{"type":"Feature","properties":{"ref":"K 31","klasse":"tertiary"},"geometry":{"type":"LineString","coordinates":[[8.58396,49.66962],[8.58362,49.67063]]}},{"type":"Feature","properties":{"ref":"K 31","klasse":"tertiary"},"geometry":{"type":"LineString","coordinates":[[8.58429,49.66912],[8.58396,49.66962]]}},{"type":"Feature","properties":{"ref":"K 31","klasse":"tertiary"},"geometry":{"type":"LineString","coordinates":[[8.58507,49.66777],[8.58475,49.66837]]}},{"type":"Feature","properties":{"name":"Werrastraße","klasse":"residential"},"geometry":{"type":"LineString","coordinates":[[8.49668,49.75023],[8.49982,49.75034]]}},{"type":"Feature","properties":{"name":"Kirchstraße","klasse":"tertiary"},"geometry":{"type":"LineString","coordinates":[[8.45087,49.6841],[8.45019,49.68405]]}},{"type":"Feature","properties":{"name":"Darmstädter Straße","klasse":"tertiary"},"geometry":{"type":"LineString","coordinates":[[8.45924,49.69041],[8.4542,49.68695]]}},{"type":"Feature","properties":{"name":"Oberschultheiß-Schremser-Straße","klasse":"residential"},"geometry":{"type":"LineString","coordinates":[[8.4708,49.64269],[8.47386,49.6433]]}},{"type":"Feature","properties":{"name":"Moselstraße","klasse":"residential"},"geometry":{"type":"LineString","coordinates":[[8.61246,49.67573],[8.61231,49.67609]]}},{"type":"Feature","properties":{"ref":"B 44","klasse":"primary"},"geometry":{"type":"LineString","coordinates":[[8.45189,49.65438],[8.45162,49.65425]]}},{"type":"Feature","properties":{"ref":"K 203","klasse":"tertiary"},"geometry":{"type":"LineString","coordinates":[[8.49132,49.74157],[8.49156,49.74159]]}},{"type":"Feature","properties":{"ref":"B 44","klasse":"primary"},"geometry":{"type":"LineString","coordinates":[[8.503,49.74795],[8.50041,49.74452],[8.4999,49.74397]]}},{"type":"Feature","properties":{"ref":"K 67","name":"Rodauer Straße","klasse":"tertiary"},"geometry":{"type":"LineString","coordinates":[[8.57442,49.70969],[8.5747,49.71051]]}},{"type":"Feature","properties":{"name":"Zwingenberger Straße","klasse":"tertiary"},"geometry":{"type":"LineString","coordinates":[[8.58131,49.71953],[8.582,49.72009]]}},{"type":"Feature","properties":{"name":"Zwingenberger Straße","klasse":"tertiary"},"geometry":{"type":"LineString","coordinates":[[8.582,49.72009],[8.58208,49.72015]]}},{"type":"Feature","properties":{"ref":"L 3345","klasse":"secondary"},"geometry":{"type":"LineString","coordinates":[[8.57941,49.6921],[8.57985,49.69189]]}},{"type":"Feature","properties":{"name":"Schulstraße","klasse":"residential"},"geometry":{"type":"LineString","coordinates":[[8.57293,49.7046],[8.57431,49.70397]]}},{"type":"Feature","properties":{"ref":"B 44","klasse":"primary"},"geometry":{"type":"LineString","coordinates":[[8.4569,49.65813],[8.45693,49.65731],[8.45679,49.65688]]}},{"type":"Feature","properties":{"ref":"B 44","klasse":"primary"},"geometry":{"type":"LineString","coordinates":[[8.45671,49.65835],[8.4569,49.65813]]}},{"type":"Feature","properties":{"ref":"B 44","klasse":"primary"},"geometry":{"type":"LineString","coordinates":[[8.45664,49.65882],[8.45664,49.65859]]}},{"type":"Feature","properties":{"ref":"B 44","klasse":"primary"},"geometry":{"type":"LineString","coordinates":[[8.4569,49.65813],[8.45693,49.65837]]}},{"type":"Feature","properties":{"ref":"B 44","klasse":"primary"},"geometry":{"type":"LineString","coordinates":[[8.45685,49.65862],[8.45664,49.65882]]}},{"type":"Feature","properties":{"name":"Sophie-Opel-Straße","klasse":"unclassified"},"geometry":{"type":"LineString","coordinates":[[8.57846,49.66758],[8.57814,49.66764],[8.57765,49.66866],[8.57771,49.66938]]}},{"type":"Feature","properties":{"name":"Bertha-Benz-Straße","klasse":"unclassified"},"geometry":{"type":"LineString","coordinates":[[8.57771,49.66938],[8.58023,49.66933]]}},{"type":"Feature","properties":{"ref":"B 47","klasse":"primary"},"geometry":{"type":"LineString","coordinates":[[8.49505,49.64708],[8.492,49.64677]]}},{"type":"Feature","properties":{"name":"Zwischen den Bächen","klasse":"residential"},"geometry":{"type":"LineString","coordinates":[[8.61259,49.70259],[8.6126,49.70251]]}},{"type":"Feature","properties":{"name":"Zwischen den Bächen","klasse":"residential"},"geometry":{"type":"LineString","coordinates":[[8.6126,49.70251],[8.61259,49.70247]]}},{"type":"Feature","properties":{"ref":"A 67","klasse":"motorway"},"geometry":{"type":"LineString","coordinates":[[8.55418,49.67931],[8.5545,49.67801]]}},{"type":"Feature","properties":{"ref":"A 67","klasse":"motorway"},"geometry":{"type":"LineString","coordinates":[[8.55023,49.69429],[8.55418,49.67931]]}},{"type":"Feature","properties":{"name":"Im Entich","klasse":"residential"},"geometry":{"type":"LineString","coordinates":[[8.6056,49.67621],[8.60567,49.67574]]}},{"type":"Feature","properties":{"name":"Friedrich-Ebert-Straße","klasse":"residential"},"geometry":{"type":"LineString","coordinates":[[8.60266,49.7373],[8.6024,49.73838]]}},{"type":"Feature","properties":{"name":"Saarstraße","klasse":"tertiary"},"geometry":{"type":"LineString","coordinates":[[8.60057,49.69319],[8.60041,49.69315]]}},{"type":"Feature","properties":{"ref":"K 31","klasse":"tertiary"},"geometry":{"type":"LineString","coordinates":[[8.5431,49.66394],[8.54315,49.66398]]}},{"type":"Feature","properties":{"name":"Kroisbacher Straße","klasse":"residential"},"geometry":{"type":"LineString","coordinates":[[8.54296,49.66395],[8.54079,49.66371]]}},{"type":"Feature","properties":{"name":"In der Wolfshecke","klasse":"residential"},"geometry":{"type":"LineString","coordinates":[[8.54491,49.66394],[8.54511,49.66394]]}},{"type":"Feature","properties":{"name":"Goethestraße","klasse":"residential"},"geometry":{"type":"LineString","coordinates":[[8.55183,49.6705],[8.55191,49.67056]]}},{"type":"Feature","properties":{"name":"Mathildenstraße","klasse":"secondary"},"geometry":{"type":"LineString","coordinates":[[8.55261,49.67018],[8.55183,49.6705]]}},{"type":"Feature","properties":{"name":"Ludwigstraße","klasse":"secondary"},"geometry":{"type":"LineString","coordinates":[[8.54393,49.6739],[8.54395,49.67393]]}},{"type":"Feature","properties":{"ref":"K 65","name":"Industriestraße","klasse":"tertiary"},"geometry":{"type":"LineString","coordinates":[[8.55356,49.67137],[8.55363,49.6715]]}},{"type":"Feature","properties":{"ref":"K 65","name":"Industriestraße","klasse":"tertiary"},"geometry":{"type":"LineString","coordinates":[[8.55363,49.6715],[8.55366,49.67157]]}},{"type":"Feature","properties":{"name":"In den Zeilbäumen","klasse":"living_street"},"geometry":{"type":"LineString","coordinates":[[8.61265,49.71024],[8.61262,49.71065]]}},{"type":"Feature","properties":{"name":"Marktplatz","klasse":"living_street"},"geometry":{"type":"LineString","coordinates":[[8.61401,49.72273],[8.6135,49.72266],[8.61362,49.72231]]}},{"type":"Feature","properties":{"name":"Auf der Bach","klasse":"residential"},"geometry":{"type":"LineString","coordinates":[[8.61613,49.73757],[8.61375,49.73763]]}},{"type":"Feature","properties":{"ref":"K 67","klasse":"tertiary"},"geometry":{"type":"LineString","coordinates":[[8.61,49.71828],[8.60916,49.71858],[8.608,49.71885]]}},{"type":"Feature","properties":{"ref":"K 67","klasse":"tertiary"},"geometry":{"type":"LineString","coordinates":[[8.61308,49.71769],[8.61261,49.71756]]}},{"type":"Feature","properties":{"name":"Zeppelinstraße","klasse":"residential"},"geometry":{"type":"LineString","coordinates":[[8.59076,49.68551],[8.59038,49.68581]]}},{"type":"Feature","properties":{"ref":"L 3345","name":"Schwanheimer Straße","klasse":"secondary"},"geometry":{"type":"LineString","coordinates":[[8.59076,49.68551],[8.59167,49.68521]]}},{"type":"Feature","properties":{"name":"Zeppelinstraße","klasse":"residential"},"geometry":{"type":"LineString","coordinates":[[8.59019,49.68566],[8.59038,49.68581]]}},{"type":"Feature","properties":{"name":"Wiesenstraße","klasse":"residential"},"geometry":{"type":"LineString","coordinates":[[8.58969,49.6858],[8.58998,49.6855]]}},{"type":"Feature","properties":{"ref":"L 3345","klasse":"secondary"},"geometry":{"type":"LineString","coordinates":[[8.58969,49.6858],[8.59019,49.68566]]}},{"type":"Feature","properties":{"name":"Einsiedlerstraße","klasse":"residential"},"geometry":{"type":"LineString","coordinates":[[8.48929,49.74753],[8.48812,49.74831],[8.48708,49.7489],[8.48628,49.74983]]}},{"type":"Feature","properties":{"name":"Einsiedlerstraße","klasse":"residential"},"geometry":{"type":"LineString","coordinates":[[8.48596,49.75034],[8.48628,49.74983]]}},{"type":"Feature","properties":{"name":"Berliner Ring","klasse":"tertiary"},"geometry":{"type":"LineString","coordinates":[[8.60974,49.70251],[8.60989,49.702]]}},{"type":"Feature","properties":{"name":"Rodauer Straße","klasse":"secondary"},"geometry":{"type":"LineString","coordinates":[[8.57244,49.73245],[8.57262,49.73212]]}},{"type":"Feature","properties":{"ref":"K 66","klasse":"tertiary"},"geometry":{"type":"LineString","coordinates":[[8.57349,49.73031],[8.57369,49.72916]]}},{"type":"Feature","properties":{"ref":"K 66","klasse":"tertiary"},"geometry":{"type":"LineString","coordinates":[[8.57629,49.72291],[8.57641,49.72234]]}},{"type":"Feature","properties":{"ref":"K 66","klasse":"tertiary"},"geometry":{"type":"LineString","coordinates":[[8.57394,49.72716],[8.57402,49.72662]]}},{"type":"Feature","properties":{"ref":"K 66","klasse":"tertiary"},"geometry":{"type":"LineString","coordinates":[[8.57369,49.72916],[8.57394,49.72716]]}},{"type":"Feature","properties":{"ref":"L 3112","klasse":"secondary"},"geometry":{"type":"LineString","coordinates":[[8.56105,49.73719],[8.56417,49.7369]]}},{"type":"Feature","properties":{"ref":"L 3112","klasse":"secondary"},"geometry":{"type":"LineString","coordinates":[[8.54567,49.7429],[8.54612,49.74271]]}},{"type":"Feature","properties":{"name":"Mannheimer Straße","klasse":"secondary"},"geometry":{"type":"LineString","coordinates":[[8.44947,49.66094],[8.44944,49.66133]]}},{"type":"Feature","properties":{"name":"Wasserscheide","klasse":"residential"},"geometry":{"type":"LineString","coordinates":[[8.48518,49.74944],[8.48547,49.74907]]}},{"type":"Feature","properties":{"ref":"A 5","klasse":"motorway_link"},"geometry":{"type":"LineString","coordinates":[[8.60992,49.64918],[8.60984,49.6494]]}},{"type":"Feature","properties":{"ref":"A 5","klasse":"motorway_link"},"geometry":{"type":"LineString","coordinates":[[8.60959,49.64983],[8.60943,49.64941],[8.6092,49.64913],[8.60809,49.64837]]}},{"type":"Feature","properties":{"name":"In der Wolfshecke","klasse":"residential"},"geometry":{"type":"LineString","coordinates":[[8.54411,49.66397],[8.54491,49.66394]]}},{"type":"Feature","properties":{"name":"Wilhelmstraße","klasse":"pedestrian"},"geometry":{"type":"LineString","coordinates":[[8.61359,49.70246],[8.61339,49.70244],[8.61344,49.70214],[8.61363,49.70216],[8.61359,49.70246]]}},{"type":"Feature","properties":{"name":"Am Niederwald","klasse":"residential"},"geometry":{"type":"LineString","coordinates":[[8.57507,49.70958],[8.57485,49.71004]]}},{"type":"Feature","properties":{"name":"Dammstraße","klasse":"residential"},"geometry":{"type":"LineString","coordinates":[[8.61475,49.69027],[8.61366,49.69089]]}},{"type":"Feature","properties":{"name":"Berliner Ring","klasse":"secondary"},"geometry":{"type":"LineString","coordinates":[[8.60311,49.68158],[8.60341,49.68162],[8.60334,49.68179],[8.60308,49.68177],[8.60311,49.68158]]}},{"type":"Feature","properties":{"name":"Gutenbergstraße","klasse":"residential"},"geometry":{"type":"LineString","coordinates":[[8.48059,49.71951],[8.48113,49.71918]]}},{"type":"Feature","properties":{"name":"Industriestraße","klasse":"tertiary"},"geometry":{"type":"LineString","coordinates":[[8.47996,49.71673],[8.48383,49.72047]]}},{"type":"Feature","properties":{"name":"Bensheimer Straße","klasse":"residential"},"geometry":{"type":"LineString","coordinates":[[8.55221,49.673],[8.55242,49.67283],[8.55301,49.67281]]}},{"type":"Feature","properties":{"ref":"L 3345","klasse":"secondary"},"geometry":{"type":"LineString","coordinates":[[8.55513,49.69745],[8.55735,49.6977],[8.55802,49.6979],[8.55887,49.69835],[8.5592,49.69844],[8.56344,49.69925]]}},{"type":"Feature","properties":{"name":"Burgunderstraße","klasse":"residential"},"geometry":{"type":"LineString","coordinates":[[8.48372,49.74305],[8.4826,49.74278]]}},{"type":"Feature","properties":{"ref":"L 3112","name":"Gernsheimer Straße","klasse":"secondary"},"geometry":{"type":"LineString","coordinates":[[8.56523,49.73681],[8.56675,49.73666]]}},{"type":"Feature","properties":{"name":"Falltorstraße","klasse":"residential"},"geometry":{"type":"LineString","coordinates":[[8.57351,49.70769],[8.57361,49.70762]]}},{"type":"Feature","properties":{"ref":"K 31","name":"Bensheimer Straße","klasse":"tertiary"},"geometry":{"type":"LineString","coordinates":[[8.55094,49.6558],[8.5526,49.65594],[8.55484,49.65646]]}},{"type":"Feature","properties":{"name":"Nibelungenstraße","klasse":"residential"},"geometry":{"type":"LineString","coordinates":[[8.56588,49.65377],[8.5663,49.65391]]}},{"type":"Feature","properties":{"name":"Lagerhausstraße","klasse":"residential"},"geometry":{"type":"LineString","coordinates":[[8.57027,49.66196],[8.56909,49.66202],[8.56899,49.66257],[8.56933,49.66251],[8.56944,49.66201]]}},{"type":"Feature","properties":{"ref":"L 3112","name":"Alsbacher Straße","klasse":"secondary"},"geometry":{"type":"LineString","coordinates":[[8.57969,49.73691],[8.58081,49.73698]]}},{"type":"Feature","properties":{"name":"Am Alten Neckarbett","klasse":"residential"},"geometry":{"type":"LineString","coordinates":[[8.57966,49.73679],[8.57963,49.73675]]}},{"type":"Feature","properties":{"name":"Bahnhofstraße","klasse":"residential"},"geometry":{"type":"LineString","coordinates":[[8.49529,49.64997],[8.49533,49.64988],[8.49547,49.64991],[8.49543,49.65],[8.49529,49.64997]]}},{"type":"Feature","properties":{"ref":"K 31","klasse":"tertiary"},"geometry":{"type":"LineString","coordinates":[[8.58395,49.66947],[8.58412,49.66919]]}},{"type":"Feature","properties":{"ref":"K 31","klasse":"tertiary"},"geometry":{"type":"LineString","coordinates":[[8.58475,49.66837],[8.58444,49.66882]]}},{"type":"Feature","properties":{"name":"Am Weiher","klasse":"living_street"},"geometry":{"type":"LineString","coordinates":[[8.5763,49.7355],[8.57664,49.73586]]}},{"type":"Feature","properties":{"name":"Mainstraße","klasse":"residential"},"geometry":{"type":"LineString","coordinates":[[8.5981,49.73784],[8.59707,49.73777]]}},{"type":"Feature","properties":{"ref":"B 460","klasse":"primary"},"geometry":{"type":"LineString","coordinates":[[8.57118,49.66406],[8.57149,49.66393]]}},{"type":"Feature","properties":{"name":"Bibliser Straße","klasse":"residential"},"geometry":{"type":"LineString","coordinates":[[8.55674,49.65796],[8.55795,49.65826]]}},{"type":"Feature","properties":{"name":"An der Eselsbrücke","klasse":"residential"},"geometry":{"type":"LineString","coordinates":[[8.60648,49.66981],[8.60708,49.67021]]}},{"type":"Feature","properties":{"name":"Lahnstraße","klasse":"residential"},"geometry":{"type":"LineString","coordinates":[[8.614,49.69622],[8.61403,49.69531]]}},{"type":"Feature","properties":{"ref":"K 31","name":"Robert-Bosch-Straße","klasse":"tertiary"},"geometry":{"type":"LineString","coordinates":[[8.59969,49.6777],[8.59779,49.67739],[8.59138,49.67605]]}},{"type":"Feature","properties":{"ref":"L 3345","name":"Schwanheimer Straße","klasse":"secondary"},"geometry":{"type":"LineString","coordinates":[[8.59722,49.68269],[8.59822,49.68226],[8.5995,49.68188]]}},{"type":"Feature","properties":{"name":"Peterstraße","klasse":"residential"},"geometry":{"type":"LineString","coordinates":[[8.5423,49.67171],[8.54169,49.67112]]}},{"type":"Feature","properties":{"name":"Carl-Benz-Straße","klasse":"unclassified"},"geometry":{"type":"LineString","coordinates":[[8.48908,49.72128],[8.48705,49.72172],[8.48528,49.72226],[8.48433,49.72118]]}},{"type":"Feature","properties":{"name":"Die Wilbers","klasse":"living_street"},"geometry":{"type":"LineString","coordinates":[[8.54615,49.67612],[8.54857,49.67573]]}},{"type":"Feature","properties":{"name":"Im Wiesengrund","klasse":"tertiary"},"geometry":{"type":"LineString","coordinates":[[8.57859,49.71777],[8.57998,49.71868]]}},{"type":"Feature","properties":{"name":"Waldkolonie","klasse":"unclassified"},"geometry":{"type":"LineString","coordinates":[[8.61088,49.7455],[8.61104,49.74563]]}},{"type":"Feature","properties":{"ref":"B 3","name":"Heidelberger Straße","klasse":"primary"},"geometry":{"type":"LineString","coordinates":[[8.61332,49.71763],[8.61352,49.71733]]}},{"type":"Feature","properties":{"ref":"B 3","name":"Heidelberger Straße","klasse":"primary"},"geometry":{"type":"LineString","coordinates":[[8.61359,49.71722],[8.61365,49.71711]]}},{"type":"Feature","properties":{"ref":"K 62","name":"Nibelungenstraße","klasse":"tertiary"},"geometry":{"type":"LineString","coordinates":[[8.48586,49.64638],[8.49597,49.64732]]}},{"type":"Feature","properties":{"name":"Guntherstraße","klasse":"residential"},"geometry":{"type":"LineString","coordinates":[[8.55305,49.65491],[8.55325,49.65581]]}},{"type":"Feature","properties":{"ref":"K 31","klasse":"tertiary"},"geometry":{"type":"LineString","coordinates":[[8.58501,49.66624],[8.58497,49.66617]]}},{"type":"Feature","properties":{"name":"Falltorhausstraße","klasse":"residential"},"geometry":{"type":"LineString","coordinates":[[8.4792,49.71715],[8.47937,49.71699]]}},{"type":"Feature","properties":{"name":"Rheinstraße","klasse":"tertiary"},"geometry":{"type":"LineString","coordinates":[[8.48057,49.71955],[8.47805,49.71834]]}},{"type":"Feature","properties":{"name":"Brückweg","klasse":"tertiary"},"geometry":{"type":"LineString","coordinates":[[8.61419,49.70665],[8.61266,49.70663]]}},{"type":"Feature","properties":{"name":"Schillerstraße","klasse":"residential"},"geometry":{"type":"LineString","coordinates":[[8.61443,49.70491],[8.61419,49.70658]]}},{"type":"Feature","properties":{"ref":"B 3","name":"Pass","klasse":"primary"},"geometry":{"type":"LineString","coordinates":[[8.61252,49.72227],[8.6126,49.72192],[8.61292,49.72159]]}},{"type":"Feature","properties":{"name":"Georg-Möller-Weg","klasse":"living_street"},"geometry":{"type":"LineString","coordinates":[[8.61298,49.67048],[8.61214,49.67177],[8.61257,49.67204]]}},{"type":"Feature","properties":{"name":"Karlstraße","klasse":"residential"},"geometry":{"type":"LineString","coordinates":[[8.48759,49.75108],[8.48741,49.75102]]}},{"type":"Feature","properties":{"name":"Vogelsbergstraße","klasse":"residential"},"geometry":{"type":"LineString","coordinates":[[8.60937,49.6847],[8.60972,49.68354]]}},{"type":"Feature","properties":{"name":"Eifelstraße","klasse":"residential"},"geometry":{"type":"LineString","coordinates":[[8.61414,49.68529],[8.61175,49.685]]}},{"type":"Feature","properties":{"name":"Spessartstraße","klasse":"residential"},"geometry":{"type":"LineString","coordinates":[[8.61204,49.68361],[8.60972,49.68354]]}},{"type":"Feature","properties":{"name":"Riedstraße","klasse":"residential"},"geometry":{"type":"LineString","coordinates":[[8.61414,49.68529],[8.61438,49.68362]]}},{"type":"Feature","properties":{"ref":"K 31","name":"Bensheimer Straße","klasse":"tertiary"},"geometry":{"type":"LineString","coordinates":[[8.56131,49.65808],[8.56202,49.65827]]}},{"type":"Feature","properties":{"ref":"K 31","name":"Bensheimer Straße","klasse":"tertiary"},"geometry":{"type":"LineString","coordinates":[[8.5636,49.65866],[8.56473,49.65894]]}},{"type":"Feature","properties":{"ref":"K 31","name":"Bensheimer Straße","klasse":"tertiary"},"geometry":{"type":"LineString","coordinates":[[8.56473,49.65894],[8.56784,49.65969]]}},{"type":"Feature","properties":{"name":"Werner-von-Siemens-Straße","klasse":"residential"},"geometry":{"type":"LineString","coordinates":[[8.54966,49.67852],[8.5497,49.67893],[8.55146,49.67898]]}},{"type":"Feature","properties":{"name":"Schwanheimer Straße","klasse":"residential"},"geometry":{"type":"LineString","coordinates":[[8.55069,49.67485],[8.55115,49.67529],[8.5515,49.67543],[8.5518,49.67543]]}},{"type":"Feature","properties":{"name":"Gänsweidweg","klasse":"residential"},"geometry":{"type":"LineString","coordinates":[[8.49277,49.6491],[8.49278,49.64917]]}},{"type":"Feature","properties":{"name":"Peterstraße","klasse":"residential"},"geometry":{"type":"LineString","coordinates":[[8.4534,49.64195],[8.45346,49.64258],[8.45335,49.64264],[8.45283,49.64267]]}},{"type":"Feature","properties":{"name":"Bertha-Benz-Straße","klasse":"unclassified"},"geometry":{"type":"LineString","coordinates":[[8.58334,49.67077],[8.58304,49.67071]]}},{"type":"Feature","properties":{"name":"Bertha-Benz-Straße","klasse":"unclassified"},"geometry":{"type":"LineString","coordinates":[[8.58304,49.67071],[8.58336,49.67071]]}},{"type":"Feature","properties":{"ref":"K 31","name":"Robert-Bosch-Straße","klasse":"tertiary"},"geometry":{"type":"LineString","coordinates":[[8.5836,49.67088],[8.58353,49.67123]]}},{"type":"Feature","properties":{"ref":"K 31","name":"Robert-Bosch-Straße","klasse":"tertiary"},"geometry":{"type":"LineString","coordinates":[[8.58353,49.67123],[8.58348,49.67088]]}},{"type":"Feature","properties":{"name":"Nibelungenstraße","klasse":"residential"},"geometry":{"type":"LineString","coordinates":[[8.56638,49.65392],[8.56658,49.65392]]}},{"type":"Feature","properties":{"name":"Am Rübgarten","klasse":"unclassified"},"geometry":{"type":"LineString","coordinates":[[8.4499,49.68898],[8.44911,49.68847]]}},{"type":"Feature","properties":{"name":"Lindenstraße","klasse":"residential"},"geometry":{"type":"LineString","coordinates":[[8.45088,49.68854],[8.4511,49.68869]]}},{"type":"Feature","properties":{"name":"Heinrichstraße","klasse":"residential"},"geometry":{"type":"LineString","coordinates":[[8.44978,49.68708],[8.44932,49.68756]]}},{"type":"Feature","properties":{"name":"Darmstädter Straße","klasse":"tertiary"},"geometry":{"type":"LineString","coordinates":[[8.45228,49.68483],[8.45214,49.68457],[8.45165,49.68432],[8.45108,49.68415]]}},{"type":"Feature","properties":{"name":"Bibliser Straße","klasse":"residential"},"geometry":{"type":"LineString","coordinates":[[8.4755,49.71136],[8.47553,49.71142]]}},{"type":"Feature","properties":{"name":"Boxheimerhofstraße","klasse":"residential"},"geometry":{"type":"LineString","coordinates":[[8.46951,49.64479],[8.46949,49.64486]]}},{"type":"Feature","properties":{"name":"Nibelungenstraße","klasse":"residential"},"geometry":{"type":"LineString","coordinates":[[8.46649,49.64455],[8.46949,49.64486]]}},{"type":"Feature","properties":{"name":"Blütenweg","klasse":"residential"},"geometry":{"type":"LineString","coordinates":[[8.54502,49.66553],[8.54511,49.66394]]}},{"type":"Feature","properties":{"name":"Ernst-Ludwig-Straße","klasse":"residential"},"geometry":{"type":"LineString","coordinates":[[8.54544,49.67114],[8.54747,49.67075]]}},{"type":"Feature","properties":{"name":"Am Werrtor","klasse":"residential"},"geometry":{"type":"LineString","coordinates":[[8.45653,49.68336],[8.45791,49.6838],[8.45773,49.68418]]}},{"type":"Feature","properties":{"ref":"L 440","name":"Gernsheimer Fahrt","klasse":"secondary"},"geometry":{"type":"LineString","coordinates":[[8.45604,49.75074],[8.45837,49.75138]]}},{"type":"Feature","properties":{"name":"Am Alten E-Werk","klasse":"living_street"},"geometry":{"type":"LineString","coordinates":[[8.614,49.70024],[8.61496,49.70036]]}},{"type":"Feature","properties":{"name":"Bertha-Benz-Straße","klasse":"unclassified"},"geometry":{"type":"LineString","coordinates":[[8.58031,49.66933],[8.58074,49.66946],[8.58031,49.66933]]}},{"type":"Feature","properties":{"name":"Bertha-Benz-Straße","klasse":"unclassified"},"geometry":{"type":"LineString","coordinates":[[8.58184,49.66986],[8.58074,49.66946]]}},{"type":"Feature","properties":{"ref":"K 31","klasse":"tertiary"},"geometry":{"type":"LineString","coordinates":[[8.54303,49.66396],[8.5431,49.66394]]}},{"type":"Feature","properties":{"ref":"K 31","klasse":"tertiary"},"geometry":{"type":"LineString","coordinates":[[8.54315,49.66398],[8.54309,49.66401]]}},{"type":"Feature","properties":{"ref":"K 67","klasse":"tertiary"},"geometry":{"type":"LineString","coordinates":[[8.60143,49.72205],[8.60181,49.72184]]}},{"type":"Feature","properties":{"name":"Platanenallee","klasse":"tertiary"},"geometry":{"type":"LineString","coordinates":[[8.60155,49.7232],[8.6015,49.7236]]}},{"type":"Feature","properties":{"name":"Wiesenpromenade West","klasse":"residential"},"geometry":{"type":"LineString","coordinates":[[8.60315,49.72359],[8.60232,49.72385]]}},{"type":"Feature","properties":{"name":"Gießer Weg","klasse":"residential"},"geometry":{"type":"LineString","coordinates":[[8.60298,49.72305],[8.60155,49.7232]]}},{"type":"Feature","properties":{"name":"Zum Langgewann","klasse":"residential"},"geometry":{"type":"LineString","coordinates":[[8.56934,49.70771],[8.57048,49.70801],[8.57225,49.7088]]}},{"type":"Feature","properties":{"name":"Waldstraße","klasse":"residential"},"geometry":{"type":"LineString","coordinates":[[8.57094,49.70736],[8.57048,49.70801]]}},{"type":"Feature","properties":{"name":"Birkenweg","klasse":"residential"},"geometry":{"type":"LineString","coordinates":[[8.57264,49.70845],[8.57075,49.70763]]}},{"type":"Feature","properties":{"name":"Waldmeisterweg","klasse":"residential"},"geometry":{"type":"LineString","coordinates":[[8.57041,49.70744],[8.56998,49.70789]]}},{"type":"Feature","properties":{"name":"Holunderweg","klasse":"residential"},"geometry":{"type":"LineString","coordinates":[[8.56934,49.70771],[8.569,49.70816],[8.56885,49.70821]]}},{"type":"Feature","properties":{"name":"Schlehenweg","klasse":"residential"},"geometry":{"type":"LineString","coordinates":[[8.57013,49.70793],[8.56978,49.70841],[8.56962,49.70845]]}},{"type":"Feature","properties":{"name":"Pappelweg","klasse":"residential"},"geometry":{"type":"LineString","coordinates":[[8.5709,49.70822],[8.57038,49.70872]]}},{"type":"Feature","properties":{"name":"Schilfweg","klasse":"residential"},"geometry":{"type":"LineString","coordinates":[[8.57164,49.70853],[8.57114,49.70898]]}},{"type":"Feature","properties":{"name":"Jakobstraße","klasse":"residential"},"geometry":{"type":"LineString","coordinates":[[8.55059,49.67102],[8.55022,49.67047]]}},{"type":"Feature","properties":{"name":"Jakobstraße","klasse":"residential"},"geometry":{"type":"LineString","coordinates":[[8.55022,49.67047],[8.55005,49.67023]]}},{"type":"Feature","properties":{"name":"Am Falltor","klasse":"residential"},"geometry":{"type":"LineString","coordinates":[[8.57073,49.69594],[8.57217,49.69723]]}},{"type":"Feature","properties":{"name":"Schubertweg","klasse":"residential"},"geometry":{"type":"LineString","coordinates":[[8.48283,49.71273],[8.48297,49.71254]]}},{"type":"Feature","properties":{"name":"Schubertweg","klasse":"residential"},"geometry":{"type":"LineString","coordinates":[[8.47965,49.71372],[8.48006,49.71359],[8.48238,49.71316],[8.48276,49.71297],[8.48283,49.71273]]}},{"type":"Feature","properties":{"name":"Brahmsweg","klasse":"residential"},"geometry":{"type":"LineString","coordinates":[[8.48052,49.7141],[8.48281,49.7137]]}},{"type":"Feature","properties":{"name":"Gartenfeld","klasse":"residential"},"geometry":{"type":"LineString","coordinates":[[8.60876,49.726],[8.60888,49.72509]]}},{"type":"Feature","properties":{"name":"Gartenfeld","klasse":"residential"},"geometry":{"type":"LineString","coordinates":[[8.60892,49.72505],[8.60922,49.72319]]}},{"type":"Feature","properties":{"name":"Weilerstraße","klasse":"residential"},"geometry":{"type":"LineString","coordinates":[[8.57619,49.741],[8.57839,49.74182]]}},{"type":"Feature","properties":{"name":"Weilerstraße","klasse":"residential"},"geometry":{"type":"LineString","coordinates":[[8.5761,49.74097],[8.57619,49.741]]}},{"type":"Feature","properties":{"name":"Vogelsbergring","klasse":"residential"},"geometry":{"type":"LineString","coordinates":[[8.56848,49.74098],[8.56882,49.74095]]}},{"type":"Feature","properties":{"name":"Vogelsbergring","klasse":"residential"},"geometry":{"type":"LineString","coordinates":[[8.56669,49.74106],[8.56707,49.74105]]}},{"type":"Feature","properties":{"name":"Bürgermeister-Ost-Straße","klasse":"residential"},"geometry":{"type":"LineString","coordinates":[[8.56764,49.74046],[8.5678,49.74094],[8.56772,49.74097],[8.56778,49.74161]]}},{"type":"Feature","properties":{"name":"Vogelsbergring","klasse":"residential"},"geometry":{"type":"LineString","coordinates":[[8.56668,49.74137],[8.5667,49.74053]]}},{"type":"Feature","properties":{"name":"Vogelsbergring","klasse":"residential"},"geometry":{"type":"LineString","coordinates":[[8.56887,49.74116],[8.56883,49.74042]]}},{"type":"Feature","properties":{"name":"Vogelsbergring","klasse":"residential"},"geometry":{"type":"LineString","coordinates":[[8.56657,49.74137],[8.56863,49.74127],[8.56896,49.74114],[8.56967,49.74111]]}},{"type":"Feature","properties":{"name":"Vogelsbergring","klasse":"residential"},"geometry":{"type":"LineString","coordinates":[[8.56653,49.74055],[8.56795,49.74043],[8.56965,49.74043]]}},{"type":"Feature","properties":{"name":"Hauptstraße","klasse":"residential"},"geometry":{"type":"LineString","coordinates":[[8.54764,49.67373],[8.54687,49.67388]]}},{"type":"Feature","properties":{"name":"Mittelstraße","klasse":"residential"},"geometry":{"type":"LineString","coordinates":[[8.57098,49.70264],[8.57154,49.70311],[8.57293,49.7046]]}},{"type":"Feature","properties":{"name":"Schulstraße","klasse":"residential"},"geometry":{"type":"LineString","coordinates":[[8.57181,49.70516],[8.57293,49.7046]]}},{"type":"Feature","properties":{"name":"Forsthausstraße","klasse":"residential"},"geometry":{"type":"LineString","coordinates":[[8.57314,49.70677],[8.57467,49.70619]]}},{"type":"Feature","properties":{"name":"Mittelstraße","klasse":"residential"},"geometry":{"type":"LineString","coordinates":[[8.57293,49.7046],[8.57467,49.70619]]}},{"type":"Feature","properties":{"name":"Schillerstraße","klasse":"residential"},"geometry":{"type":"LineString","coordinates":[[8.61419,49.70658],[8.61419,49.70665]]}},{"type":"Feature","properties":{"name":"Schulstraße","klasse":"residential"},"geometry":{"type":"LineString","coordinates":[[8.56869,49.7397],[8.56867,49.73911]]}},{"type":"Feature","properties":{"ref":"L 3261","klasse":"secondary"},"geometry":{"type":"LineString","coordinates":[[8.4673,49.69626],[8.46746,49.69606],[8.46745,49.69583],[8.46726,49.6956],[8.46702,49.69548]]}},{"type":"Feature","properties":{"ref":"L 3261","klasse":"secondary"},"geometry":{"type":"LineString","coordinates":[[8.4666,49.69544],[8.46626,49.69556]]}},{"type":"Feature","properties":{"ref":"L 3261","klasse":"secondary"},"geometry":{"type":"LineString","coordinates":[[8.4662,49.69547],[8.4666,49.69544]]}},{"type":"Feature","properties":{"ref":"L 3111","klasse":"secondary"},"geometry":{"type":"LineString","coordinates":[[8.51105,49.70526],[8.51155,49.70499],[8.51213,49.70484]]}},{"type":"Feature","properties":{"name":"Groß-Gerauer-Straße","klasse":"residential"},"geometry":{"type":"LineString","coordinates":[[8.46364,49.64441],[8.46382,49.64401]]}},{"type":"Feature","properties":{"name":"Oberschultheiß-Schremser-Straße","klasse":"residential"},"geometry":{"type":"LineString","coordinates":[[8.46762,49.64207],[8.4708,49.64269]]}},{"type":"Feature","properties":{"name":"Siegfriedstraße","klasse":"residential"},"geometry":{"type":"LineString","coordinates":[[8.46722,49.64292],[8.46087,49.64166]]}},{"type":"Feature","properties":{"name":"Am Pettweg","klasse":"residential"},"geometry":{"type":"LineString","coordinates":[[8.46655,49.64514],[8.46495,49.64524]]}},{"type":"Feature","properties":{"name":"Nibelungenstraße","klasse":"residential"},"geometry":{"type":"LineString","coordinates":[[8.45959,49.64297],[8.45921,49.64288]]}},{"type":"Feature","properties":{"name":"Klarastraße","klasse":"residential"},"geometry":{"type":"LineString","coordinates":[[8.4599,49.64219],[8.45921,49.64288]]}},{"type":"Feature","properties":{"name":"Heinrichstraße","klasse":"residential"},"geometry":{"type":"LineString","coordinates":[[8.44997,49.68807],[8.44932,49.68762]]}},{"type":"Feature","properties":{"name":"Heinrichstraße","klasse":"residential"},"geometry":{"type":"LineString","coordinates":[[8.44932,49.68756],[8.44932,49.68762]]}},{"type":"Feature","properties":{"name":"Friedhofstraße","klasse":"residential"},"geometry":{"type":"LineString","coordinates":[[8.45151,49.68657],[8.45209,49.68605]]}},{"type":"Feature","properties":{"name":"Bertha-Benz-Straße","klasse":"unclassified"},"geometry":{"type":"LineString","coordinates":[[8.58222,49.67003],[8.58184,49.66986]]}},{"type":"Feature","properties":{"name":"An der Renngasse","klasse":"residential"},"geometry":{"type":"LineString","coordinates":[[8.54874,49.67781],[8.55166,49.67786],[8.55168,49.67857]]}},{"type":"Feature","properties":{"name":"Die fünfzehn Morgen","klasse":"residential"},"geometry":{"type":"LineString","coordinates":[[8.55141,49.67541],[8.55099,49.6757],[8.55096,49.67621]]}},{"type":"Feature","properties":{"name":"Die fünfzehn Morgen","klasse":"residential"},"geometry":{"type":"LineString","coordinates":[[8.55099,49.6757],[8.54948,49.67565],[8.54944,49.67618]]}},{"type":"Feature","properties":{"name":"Die alte Heckenteilung","klasse":"residential"},"geometry":{"type":"LineString","coordinates":[[8.54879,49.67621],[8.55137,49.67623],[8.55155,49.67731]]}},{"type":"Feature","properties":{"name":"Im Kahlbühl","klasse":"residential"},"geometry":{"type":"LineString","coordinates":[[8.54965,49.67619],[8.54963,49.67672],[8.55147,49.67676]]}},{"type":"Feature","properties":{"name":"Im Knippel","klasse":"residential"},"geometry":{"type":"LineString","coordinates":[[8.55028,49.67673],[8.55028,49.67729],[8.55155,49.67731]]}},{"type":"Feature","properties":{"name":"An der Renngasse","klasse":"residential"},"geometry":{"type":"LineString","coordinates":[[8.55085,49.67783],[8.55088,49.67732]]}},{"type":"Feature","properties":{"name":"Marie-Curie-Straße","klasse":"residential"},"geometry":{"type":"LineString","coordinates":[[8.55144,49.67924],[8.55148,49.67856]]}},{"type":"Feature","properties":{"name":"Am Großen Berg","klasse":"living_street"},"geometry":{"type":"LineString","coordinates":[[8.61406,49.72323],[8.61399,49.72338]]}},{"type":"Feature","properties":{"name":"Obergasse","klasse":"living_street"},"geometry":{"type":"LineString","coordinates":[[8.61383,49.72318],[8.61377,49.72335]]}},{"type":"Feature","properties":{"name":"Obergasse","klasse":"living_street"},"geometry":{"type":"LineString","coordinates":[[8.61377,49.72335],[8.61351,49.72374]]}},{"type":"Feature","properties":{"name":"Berliner Ring","klasse":"tertiary"},"geometry":{"type":"LineString","coordinates":[[8.6072,49.67018],[8.60792,49.66922]]}},{"type":"Feature","properties":{"name":"An der Eselsbrücke","klasse":"residential"},"geometry":{"type":"LineString","coordinates":[[8.60708,49.67021],[8.60714,49.67026]]}},{"type":"Feature","properties":{"ref":"L 3345","name":"Schwanheimer Straße","klasse":"secondary"},"geometry":{"type":"LineString","coordinates":[[8.60438,49.68158],[8.60454,49.68158]]}},{"type":"Feature","properties":{"ref":"L 3345","klasse":"secondary"},"geometry":{"type":"LineString","coordinates":[[8.60242,49.68152],[8.60308,49.6816]]}},{"type":"Feature","properties":{"ref":"L 3345","klasse":"secondary"},"geometry":{"type":"LineString","coordinates":[[8.60216,49.68159],[8.60205,49.68156]]}},{"type":"Feature","properties":{"ref":"L 3345","name":"Schwanheimer Straße","klasse":"secondary"},"geometry":{"type":"LineString","coordinates":[[8.60454,49.68158],[8.60603,49.68155],[8.60827,49.68134]]}},{"type":"Feature","properties":{"name":"Bleichstraße","klasse":"residential"},"geometry":{"type":"LineString","coordinates":[[8.60968,49.72021],[8.60964,49.72063],[8.60848,49.72207],[8.60732,49.72501]]}},{"type":"Feature","properties":{"name":"Sandwiesenstraße","klasse":"residential"},"geometry":{"type":"LineString","coordinates":[[8.60134,49.74492],[8.60116,49.74349]]}},{"type":"Feature","properties":{"ref":"A 5","klasse":"motorway"},"geometry":{"type":"LineString","coordinates":[[8.59175,49.74191],[8.59159,49.73812]]}},{"type":"Feature","properties":{"ref":"A 5","klasse":"motorway"},"geometry":{"type":"LineString","coordinates":[[8.59159,49.73812],[8.59159,49.73707]]}},{"type":"Feature","properties":{"ref":"A 5","klasse":"motorway"},"geometry":{"type":"LineString","coordinates":[[8.5918,49.73628],[8.59177,49.73844],[8.59202,49.74287],[8.5926,49.74704],[8.59307,49.74935]]}},{"type":"Feature","properties":{"ref":"A 5","klasse":"motorway"},"geometry":{"type":"LineString","coordinates":[[8.59307,49.74935],[8.5932,49.74992]]}},{"type":"Feature","properties":{"name":"Kurt-Schumacher-Straße","klasse":"living_street"},"geometry":{"type":"LineString","coordinates":[[8.5605,49.6597],[8.56142,49.65982]]}},{"type":"Feature","properties":{"ref":"L 3112","klasse":"secondary"},"geometry":{"type":"LineString","coordinates":[[8.58704,49.7374],[8.59076,49.73766]]}},{"type":"Feature","properties":{"name":"Feldstraße","klasse":"residential"},"geometry":{"type":"LineString","coordinates":[[8.49543,49.64975],[8.4954,49.64987]]}},{"type":"Feature","properties":{"name":"Lise-Meitner-Straße","klasse":"residential"},"geometry":{"type":"LineString","coordinates":[[8.56451,49.66571],[8.56534,49.66567],[8.56634,49.66534]]}},{"type":"Feature","properties":{"ref":"L 3111","klasse":"secondary"},"geometry":{"type":"LineString","coordinates":[[8.58261,49.65227],[8.5812,49.65179],[8.57979,49.6512]]}},{"type":"Feature","properties":{"name":"Landgrabenstraße","klasse":"residential"},"geometry":{"type":"LineString","coordinates":[[8.57085,49.65836],[8.57109,49.65837]]}},{"type":"Feature","properties":{"ref":"K 31","name":"Waldstraße","klasse":"tertiary"},"geometry":{"type":"LineString","coordinates":[[8.54299,49.66513],[8.54309,49.66401]]}},{"type":"Feature","properties":{"name":"Darmstädter Straße","klasse":"tertiary"},"geometry":{"type":"LineString","coordinates":[[8.46401,49.69374],[8.46345,49.69335]]}},{"type":"Feature","properties":{"name":"Darmstädter Straße","klasse":"tertiary"},"geometry":{"type":"LineString","coordinates":[[8.46483,49.69453],[8.46401,49.69374]]}},{"type":"Feature","properties":{"name":"Von-Humboldt-Straße","klasse":"residential"},"geometry":{"type":"LineString","coordinates":[[8.61315,49.64272],[8.6138,49.64266]]}},{"type":"Feature","properties":{"ref":"L 3261","name":"Jägersburger Straße","klasse":"secondary"},"geometry":{"type":"LineString","coordinates":[[8.55171,49.71849],[8.55197,49.71856]]}},{"type":"Feature","properties":{"ref":"L 3261","name":"Jägersburger Straße","klasse":"secondary"},"geometry":{"type":"LineString","coordinates":[[8.55148,49.71841],[8.55171,49.71849]]}},{"type":"Feature","properties":{"name":"Weyrichstraße","klasse":"residential"},"geometry":{"type":"LineString","coordinates":[[8.56688,49.70044],[8.56631,49.70086]]}},{"type":"Feature","properties":{"name":"Holunderweg","klasse":"residential"},"geometry":{"type":"LineString","coordinates":[[8.56871,49.70826],[8.56885,49.70821]]}},{"type":"Feature","properties":{"name":"Schlehenweg","klasse":"residential"},"geometry":{"type":"LineString","coordinates":[[8.56948,49.7085],[8.56962,49.70845]]}},{"type":"Feature","properties":{"name":"Pappelweg","klasse":"residential"},"geometry":{"type":"LineString","coordinates":[[8.57021,49.70877],[8.57038,49.70872]]}},{"type":"Feature","properties":{"name":"Schilfweg","klasse":"residential"},"geometry":{"type":"LineString","coordinates":[[8.57097,49.70903],[8.57114,49.70898]]}},{"type":"Feature","properties":{"name":"Wiesenstraße","klasse":"residential"},"geometry":{"type":"LineString","coordinates":[[8.59151,49.68508],[8.59113,49.68429],[8.5899,49.68294],[8.58992,49.68231]]}},{"type":"Feature","properties":{"ref":"L 3345","name":"Schwanheimer Straße","klasse":"secondary"},"geometry":{"type":"LineString","coordinates":[[8.59304,49.68472],[8.59348,49.68453]]}},{"type":"Feature","properties":{"name":"Rhönstraße","klasse":"residential"},"geometry":{"type":"LineString","coordinates":[[8.61203,49.64459],[8.61208,49.64466]]}},{"type":"Feature","properties":{"ref":"L 3345","klasse":"secondary"},"geometry":{"type":"LineString","coordinates":[[8.60166,49.68158],[8.60205,49.68156]]}},{"type":"Feature","properties":{"ref":"L 3345","klasse":"secondary"},"geometry":{"type":"LineString","coordinates":[[8.60133,49.68161],[8.60166,49.68158]]}},{"type":"Feature","properties":{"name":"Im Bireck","klasse":"residential"},"geometry":{"type":"LineString","coordinates":[[8.44693,49.66648],[8.44929,49.66661]]}},{"type":"Feature","properties":{"name":"Karl-Ulrich-Straße","klasse":"residential"},"geometry":{"type":"LineString","coordinates":[[8.45665,49.64912],[8.45597,49.64899]]}},{"type":"Feature","properties":{"name":"Falltorstraße","klasse":"residential"},"geometry":{"type":"LineString","coordinates":[[8.54414,49.67584],[8.54394,49.67532]]}},{"type":"Feature","properties":{"name":"Neuröder Weg","klasse":"residential"},"geometry":{"type":"LineString","coordinates":[[8.54109,49.67513],[8.54341,49.67543],[8.54394,49.67532]]}},{"type":"Feature","properties":{"name":"Neuröder Weg","klasse":"living_street"},"geometry":{"type":"LineString","coordinates":[[8.54394,49.67532],[8.54563,49.67493]]}},{"type":"Feature","properties":{"name":"Martin-Luther-Straße","klasse":"residential"},"geometry":{"type":"LineString","coordinates":[[8.54563,49.67493],[8.546,49.67556]]}},{"type":"Feature","properties":{"name":"Odenwaldstraße","klasse":"residential"},"geometry":{"type":"LineString","coordinates":[[8.54346,49.67683],[8.544,49.67678]]}},{"type":"Feature","properties":{"name":"Martin-Luther-Straße","klasse":"residential"},"geometry":{"type":"LineString","coordinates":[[8.546,49.67556],[8.54615,49.67607]]}},{"type":"Feature","properties":{"ref":"K 31","name":"Robert-Bosch-Straße","klasse":"tertiary"},"geometry":{"type":"LineString","coordinates":[[8.60043,49.67785],[8.59969,49.6777]]}},{"type":"Feature","properties":{"ref":"K 31","name":"Robert-Bosch-Straße","klasse":"tertiary"},"geometry":{"type":"LineString","coordinates":[[8.58663,49.675],[8.58633,49.67474]]}},{"type":"Feature","properties":{"ref":"K 31","name":"Robert-Bosch-Straße","klasse":"tertiary"},"geometry":{"type":"LineString","coordinates":[[8.58633,49.67474],[8.58674,49.6749]]}},{"type":"Feature","properties":{"name":"Stubenwald-Allee","klasse":"unclassified"},"geometry":{"type":"LineString","coordinates":[[8.5869,49.67488],[8.58716,49.6747]]}},{"type":"Feature","properties":{"name":"Stubenwald-Allee","klasse":"unclassified"},"geometry":{"type":"LineString","coordinates":[[8.58716,49.6747],[8.58704,49.67493]]}},{"type":"Feature","properties":{"name":"Stubenwaldstraße","klasse":"tertiary"},"geometry":{"type":"LineString","coordinates":[[8.58679,49.67556],[8.58675,49.67518]]}},{"type":"Feature","properties":{"name":"Stubenwaldstraße","klasse":"tertiary"},"geometry":{"type":"LineString","coordinates":[[8.58691,49.6752],[8.58679,49.67556]]}},{"type":"Feature","properties":{"ref":"K 31","name":"Robert-Bosch-Straße","klasse":"tertiary"},"geometry":{"type":"LineString","coordinates":[[8.58711,49.67506],[8.58754,49.67522]]}},{"type":"Feature","properties":{"ref":"K 31","name":"Robert-Bosch-Straße","klasse":"tertiary"},"geometry":{"type":"LineString","coordinates":[[8.58754,49.67522],[8.58702,49.67516]]}},{"type":"Feature","properties":{"name":"Stubenwaldstraße","klasse":"tertiary"},"geometry":{"type":"LineString","coordinates":[[8.58681,49.68653],[8.58666,49.68625]]}},{"type":"Feature","properties":{"name":"Stubenwaldstraße","klasse":"tertiary"},"geometry":{"type":"LineString","coordinates":[[8.58666,49.68625],[8.58693,49.68648]]}},{"type":"Feature","properties":{"ref":"L 3345","klasse":"secondary"},"geometry":{"type":"LineString","coordinates":[[8.58675,49.68667],[8.58693,49.68648]]}},{"type":"Feature","properties":{"ref":"L 3345","klasse":"secondary"},"geometry":{"type":"LineString","coordinates":[[8.58703,49.68678],[8.58683,49.68675]]}},{"type":"Feature","properties":{"ref":"L 3345","klasse":"secondary"},"geometry":{"type":"LineString","coordinates":[[8.58693,49.68648],[8.58714,49.68652]]}},{"type":"Feature","properties":{"ref":"L 3345","klasse":"secondary"},"geometry":{"type":"LineString","coordinates":[[8.58642,49.68685],[8.58675,49.68667]]}},{"type":"Feature","properties":{"ref":"L 3345","klasse":"secondary"},"geometry":{"type":"LineString","coordinates":[[8.58683,49.68675],[8.58642,49.68685]]}},{"type":"Feature","properties":{"ref":"L 3345","klasse":"secondary"},"geometry":{"type":"LineString","coordinates":[[8.58683,49.68675],[8.58675,49.68667]]}},{"type":"Feature","properties":{"ref":"L 3345","klasse":"secondary"},"geometry":{"type":"LineString","coordinates":[[8.58762,49.68641],[8.58721,49.6866]]}},{"type":"Feature","properties":{"ref":"L 3345","klasse":"secondary"},"geometry":{"type":"LineString","coordinates":[[8.58714,49.68652],[8.58762,49.68641]]}},{"type":"Feature","properties":{"ref":"L 3345","klasse":"secondary"},"geometry":{"type":"LineString","coordinates":[[8.58714,49.68652],[8.58721,49.6866]]}},{"type":"Feature","properties":{"name":"Zwingenberger Straße","klasse":"tertiary"},"geometry":{"type":"LineString","coordinates":[[8.59079,49.72243],[8.59086,49.72244]]}},{"type":"Feature","properties":{"name":"Berliner Ring","klasse":"tertiary"},"geometry":{"type":"LineString","coordinates":[[8.60988,49.69296],[8.6089,49.69098]]}},{"type":"Feature","properties":{"name":"Berliner Ring","klasse":"tertiary"},"geometry":{"type":"LineString","coordinates":[[8.61003,49.6934],[8.60993,49.69308]]}},{"type":"Feature","properties":{"name":"Bruchwiese","klasse":"residential"},"geometry":{"type":"LineString","coordinates":[[8.59773,49.68403],[8.59822,49.68274]]}},{"type":"Feature","properties":{"name":"Von-Humboldt-Straße","klasse":"residential"},"geometry":{"type":"LineString","coordinates":[[8.61218,49.6428],[8.61315,49.64272]]}},{"type":"Feature","properties":{"name":"Georg-Fröba-Straße","klasse":"residential"},"geometry":{"type":"LineString","coordinates":[[8.57186,49.74141],[8.57225,49.74155]]}},{"type":"Feature","properties":{"ref":"B 44","klasse":"primary"},"geometry":{"type":"LineString","coordinates":[[8.45372,49.68199],[8.45354,49.68129]]}},{"type":"Feature","properties":{"ref":"B 44","klasse":"primary"},"geometry":{"type":"LineString","coordinates":[[8.45376,49.68209],[8.45372,49.68199]]}},{"type":"Feature","properties":{"name":"Saarstraße","klasse":"tertiary"},"geometry":{"type":"LineString","coordinates":[[8.60133,49.69341],[8.60057,49.69319]]}},{"type":"Feature","properties":{"name":"Brückweg","klasse":"unclassified"},"geometry":{"type":"LineString","coordinates":[[8.59616,49.7049],[8.59571,49.70479]]}},{"type":"Feature","properties":{"name":"Schillerstraße","klasse":"residential"},"geometry":{"type":"LineString","coordinates":[[8.61441,49.70826],[8.61496,49.70831]]}},{"type":"Feature","properties":{"name":"Zwischen den Bächen","klasse":"unclassified"},"geometry":{"type":"LineString","coordinates":[[8.61156,49.70595],[8.6116,49.70531]]}},{"type":"Feature","properties":{"ref":"L 3261","klasse":"secondary"},"geometry":{"type":"LineString","coordinates":[[8.54504,49.71285],[8.54363,49.71188]]}},{"type":"Feature","properties":{"ref":"A 5","klasse":"motorway"},"geometry":{"type":"LineString","coordinates":[[8.60735,49.65962],[8.60832,49.65768]]}},{"type":"Feature","properties":{"ref":"A 5","klasse":"motorway"},"geometry":{"type":"LineString","coordinates":[[8.60728,49.65975],[8.60735,49.65962]]}},{"type":"Feature","properties":{"ref":"A 5","klasse":"motorway"},"geometry":{"type":"LineString","coordinates":[[8.60741,49.65984],[8.60723,49.66018]]}},{"type":"Feature","properties":{"ref":"A 5","klasse":"motorway"},"geometry":{"type":"LineString","coordinates":[[8.60749,49.65971],[8.60741,49.65984]]}},{"type":"Feature","properties":{"ref":"A 5","klasse":"motorway"},"geometry":{"type":"LineString","coordinates":[[8.60964,49.65221],[8.60966,49.65187]]}},{"type":"Feature","properties":{"ref":"A 5","klasse":"motorway"},"geometry":{"type":"LineString","coordinates":[[8.60964,49.65229],[8.60964,49.65221]]}},{"type":"Feature","properties":{"ref":"A 5","klasse":"motorway"},"geometry":{"type":"LineString","coordinates":[[8.60986,49.6517],[8.60983,49.65219]]}},{"type":"Feature","properties":{"ref":"A 5","klasse":"motorway"},"geometry":{"type":"LineString","coordinates":[[8.60983,49.65219],[8.60983,49.65226]]}},{"type":"Feature","properties":{"name":"Weschnitzstraße","klasse":"unclassified"},"geometry":{"type":"LineString","coordinates":[[8.59352,49.68444],[8.59311,49.68398]]}},{"type":"Feature","properties":{"name":"Fasanenweg","klasse":"living_street"},"geometry":{"type":"LineString","coordinates":[[8.61278,49.70922],[8.61276,49.70932]]}},{"type":"Feature","properties":{"name":"In den Zeilbäumen","klasse":"living_street"},"geometry":{"type":"LineString","coordinates":[[8.61275,49.70945],[8.61266,49.71016]]}},{"type":"Feature","properties":{"name":"In den Zeilbäumen","klasse":"living_street"},"geometry":{"type":"LineString","coordinates":[[8.6126,49.71079],[8.61259,49.7109],[8.61311,49.71096]]}},{"type":"Feature","properties":{"name":"Bensheimer Weg","klasse":"living_street"},"geometry":{"type":"LineString","coordinates":[[8.575,49.6939],[8.57506,49.69411]]}},{"type":"Feature","properties":{"name":"Bensheimer Weg","klasse":"living_street"},"geometry":{"type":"LineString","coordinates":[[8.57437,49.69435],[8.57463,49.69442]]}},{"type":"Feature","properties":{"name":"Vogelhecke","klasse":"living_street"},"geometry":{"type":"LineString","coordinates":[[8.57428,49.695],[8.57399,49.69472]]}},{"type":"Feature","properties":{"name":"Sandhügelstraße","klasse":"residential"},"geometry":{"type":"LineString","coordinates":[[8.57087,49.69478],[8.57067,49.69488]]}},{"type":"Feature","properties":{"ref":"L 3345","name":"Rohrheimer Straße","klasse":"secondary"},"geometry":{"type":"LineString","coordinates":[[8.57139,49.69571],[8.57183,49.6956]]}},{"type":"Feature","properties":{"ref":"K 67","name":"Bensheimer Straße","klasse":"tertiary"},"geometry":{"type":"LineString","coordinates":[[8.57162,49.70182],[8.57177,49.70192],[8.57167,49.70209]]}},{"type":"Feature","properties":{"name":"Olmützer Straße","klasse":"residential"},"geometry":{"type":"LineString","coordinates":[[8.56615,49.69904],[8.56536,49.69952]]}},{"type":"Feature","properties":{"name":"Weyrichstraße","klasse":"residential"},"geometry":{"type":"LineString","coordinates":[[8.56704,49.70034],[8.56688,49.70044]]}},{"type":"Feature","properties":{"name":"Weyrichstraße","klasse":"residential"},"geometry":{"type":"LineString","coordinates":[[8.56733,49.70017],[8.56704,49.70034]]}},{"type":"Feature","properties":{"name":"Schulzengasse","klasse":"residential"},"geometry":{"type":"LineString","coordinates":[[8.56859,49.69739],[8.5693,49.69795]]}},{"type":"Feature","properties":{"ref":"L 3345","name":"Rohrheimer Straße","klasse":"secondary"},"geometry":{"type":"LineString","coordinates":[[8.56425,49.69952],[8.56488,49.69918]]}},{"type":"Feature","properties":{"name":"Vogelhecke","klasse":"living_street"},"geometry":{"type":"LineString","coordinates":[[8.57346,49.6938],[8.5738,49.69366]]}},{"type":"Feature","properties":{"name":"Bensheimer Straße","klasse":"residential"},"geometry":{"type":"LineString","coordinates":[[8.56824,49.70399],[8.5688,49.70347]]}},{"type":"Feature","properties":{"ref":"K 67","name":"Rodauer Straße","klasse":"tertiary"},"geometry":{"type":"LineString","coordinates":[[8.57314,49.70677],[8.57326,49.70697]]}},{"type":"Feature","properties":{"name":"Auf der Hochzeit","klasse":"residential"},"geometry":{"type":"LineString","coordinates":[[8.57169,49.69679],[8.57012,49.69755]]}},{"type":"Feature","properties":{"name":"Kirchstraße","klasse":"residential"},"geometry":{"type":"LineString","coordinates":[[8.57349,49.70233],[8.57367,49.70226]]}},{"type":"Feature","properties":{"name":"An der Lehmkaute","klasse":"residential"},"geometry":{"type":"LineString","coordinates":[[8.575,49.70793],[8.57512,49.70819]]}},{"type":"Feature","properties":{"name":"Am Niederwald","klasse":"residential"},"geometry":{"type":"LineString","coordinates":[[8.5756,49.70856],[8.57639,49.7083]]}},{"type":"Feature","properties":{"ref":"K 67","name":"Rodauer Straße","klasse":"tertiary"},"geometry":{"type":"LineString","coordinates":[[8.57014,49.70374],[8.57033,49.70392]]}},{"type":"Feature","properties":{"name":"Im Rodacker","klasse":"residential"},"geometry":{"type":"LineString","coordinates":[[8.57244,49.73245],[8.57146,49.73238]]}},{"type":"Feature","properties":{"ref":"L 3112","name":"Alsbacher Straße","klasse":"secondary"},"geometry":{"type":"LineString","coordinates":[[8.57802,49.7369],[8.57926,49.7369]]}},{"type":"Feature","properties":{"name":"Mainstraße","klasse":"tertiary"},"geometry":{"type":"LineString","coordinates":[[8.4524,49.65094],[8.45198,49.65231]]}},{"type":"Feature","properties":{"name":"Fehlheimer Straße","klasse":"residential"},"geometry":{"type":"LineString","coordinates":[[8.60634,49.72394],[8.60635,49.72388]]}},{"type":"Feature","properties":{"name":"Fehlheimer Straße","klasse":"residential"},"geometry":{"type":"LineString","coordinates":[[8.60633,49.72402],[8.60634,49.72394]]}},{"type":"Feature","properties":{"name":"Fehlheimer Straße","klasse":"residential"},"geometry":{"type":"LineString","coordinates":[[8.60635,49.72388],[8.60636,49.72374],[8.60654,49.72375]]}},{"type":"Feature","properties":{"ref":"B 3","name":"Darmstädter Straße","klasse":"primary"},"geometry":{"type":"LineString","coordinates":[[8.60839,49.73364],[8.60836,49.73338]]}},{"type":"Feature","properties":{"name":"In den Bruchgärten","klasse":"living_street"},"geometry":{"type":"LineString","coordinates":[[8.60975,49.72825],[8.61037,49.72748]]}},{"type":"Feature","properties":{"name":"Stubenwaldstraße","klasse":"tertiary"},"geometry":{"type":"LineString","coordinates":[[8.58705,49.67909],[8.5859,49.67996],[8.58525,49.68067]]}},{"type":"Feature","properties":{"name":"Stubenwaldstraße","klasse":"tertiary"},"geometry":{"type":"LineString","coordinates":[[8.58506,49.68096],[8.58462,49.68214],[8.58463,49.68306]]}},{"type":"Feature","properties":{"ref":"B 3","name":"Heidelberger Straße","klasse":"primary"},"geometry":{"type":"LineString","coordinates":[[8.61367,49.72084],[8.61371,49.72065]]}},{"type":"Feature","properties":{"ref":"B 3","name":"Heidelberger Straße","klasse":"primary"},"geometry":{"type":"LineString","coordinates":[[8.61319,49.71863],[8.61322,49.71822]]}},{"type":"Feature","properties":{"ref":"B 460","klasse":"primary"},"geometry":{"type":"LineString","coordinates":[[8.58646,49.65241],[8.58701,49.65222]]}},{"type":"Feature","properties":{"name":"Zwingenberger Straße","klasse":"tertiary"},"geometry":{"type":"LineString","coordinates":[[8.58208,49.72015],[8.58278,49.72066],[8.58346,49.72092]]}},{"type":"Feature","properties":{"name":"Auf dem Brunnen","klasse":"living_street"},"geometry":{"type":"LineString","coordinates":[[8.57744,49.71829],[8.57652,49.71733],[8.57643,49.71721],[8.57649,49.71708],[8.57628,49.71684]]}},{"type":"Feature","properties":{"name":"Riedroder Weg","klasse":"residential"},"geometry":{"type":"LineString","coordinates":[[8.55917,49.65794],[8.55922,49.65788],[8.55984,49.65803]]}},{"type":"Feature","properties":{"name":"Rheinstraße","klasse":"residential"},"geometry":{"type":"LineString","coordinates":[[8.56068,49.65761],[8.56143,49.65759],[8.5617,49.65764]]}},{"type":"Feature","properties":{"name":"Lorbeerweg","klasse":"residential"},"geometry":{"type":"LineString","coordinates":[[8.45043,49.69112],[8.4497,49.69085],[8.4499,49.69066]]}},{"type":"Feature","properties":{"name":"Neckarstraße","klasse":"tertiary"},"geometry":{"type":"LineString","coordinates":[[8.5837,49.72108],[8.58357,49.7213],[8.58338,49.72141],[8.58145,49.72151],[8.58052,49.72168],[8.57859,49.72218],[8.57641,49.72234]]}},{"type":"Feature","properties":{"name":"Riedroder Weg","klasse":"residential"},"geometry":{"type":"LineString","coordinates":[[8.54032,49.66832],[8.54027,49.668]]}},{"type":"Feature","properties":{"name":"Riedroder Weg","klasse":"residential"},"geometry":{"type":"LineString","coordinates":[[8.54018,49.66752],[8.54013,49.66714]]}},{"type":"Feature","properties":{"name":"Saarstraße","klasse":"tertiary"},"geometry":{"type":"LineString","coordinates":[[8.61254,49.69534],[8.61392,49.69533]]}},{"type":"Feature","properties":{"name":"Am Falltor","klasse":"residential"},"geometry":{"type":"LineString","coordinates":[[8.60604,49.72682],[8.60608,49.72686]]}},{"type":"Feature","properties":{"ref":"K 67","name":"Am Junkergarten","klasse":"tertiary"},"geometry":{"type":"LineString","coordinates":[[8.56964,49.70066],[8.56967,49.70069]]}},{"type":"Feature","properties":{"ref":"K 67","name":"Mühlgrabenstraße","klasse":"tertiary"},"geometry":{"type":"LineString","coordinates":[[8.56967,49.70069],[8.56969,49.70071]]}},{"type":"Feature","properties":{"name":"Bertha-Benz-Straße","klasse":"unclassified"},"geometry":{"type":"LineString","coordinates":[[8.58023,49.66933],[8.58031,49.66933]]}},{"type":"Feature","properties":{"name":"Wormser Straße","klasse":"tertiary"},"geometry":{"type":"LineString","coordinates":[[8.4825,49.74813],[8.48283,49.7473],[8.4833,49.74666],[8.4861,49.74436]]}},{"type":"Feature","properties":{"ref":"K 203","klasse":"tertiary"},"geometry":{"type":"LineString","coordinates":[[8.48904,49.7417],[8.49037,49.74153],[8.49132,49.74157]]}},{"type":"Feature","properties":{"name":"Speyerstraße","klasse":"residential"},"geometry":{"type":"LineString","coordinates":[[8.46897,49.71469],[8.46887,49.71466]]}},{"type":"Feature","properties":{"ref":"A 5","klasse":"motorway"},"geometry":{"type":"LineString","coordinates":[[8.60132,49.68592],[8.60208,49.68778]]}},{"type":"Feature","properties":{"ref":"A 5","klasse":"motorway"},"geometry":{"type":"LineString","coordinates":[[8.6014,49.70093],[8.60228,49.69857]]}},{"type":"Feature","properties":{"name":"Spessartstraße","klasse":"residential"},"geometry":{"type":"LineString","coordinates":[[8.48823,49.64818],[8.48811,49.64823],[8.48804,49.64864]]}},{"type":"Feature","properties":{"name":"Spessartstraße","klasse":"residential"},"geometry":{"type":"LineString","coordinates":[[8.48835,49.64771],[8.48823,49.64818]]}},{"type":"Feature","properties":{"name":"Karl-Kübel-Straße","klasse":"residential"},"geometry":{"type":"LineString","coordinates":[[8.61277,49.675],[8.614,49.67535],[8.61429,49.67527]]}},{"type":"Feature","properties":{"name":"Ringweg","klasse":"living_street"},"geometry":{"type":"LineString","coordinates":[[8.57177,49.73372],[8.57146,49.73327]]}},{"type":"Feature","properties":{"name":"Ringweg","klasse":"living_street"},"geometry":{"type":"LineString","coordinates":[[8.57146,49.73327],[8.5709,49.73244]]}},{"type":"Feature","properties":{"name":"Am Holzlachgraben","klasse":"residential"},"geometry":{"type":"LineString","coordinates":[[8.57526,49.7336],[8.57244,49.73245]]}},{"type":"Feature","properties":{"name":"Im Ritterbruch","klasse":"residential"},"geometry":{"type":"LineString","coordinates":[[8.56683,49.73503],[8.56742,49.73456]]}},{"type":"Feature","properties":{"name":"Georg-Fröba-Straße","klasse":"residential"},"geometry":{"type":"LineString","coordinates":[[8.57273,49.74008],[8.57202,49.74111]]}},{"type":"Feature","properties":{"name":"Hufelandstraße","klasse":"residential"},"geometry":{"type":"LineString","coordinates":[[8.56632,49.7368],[8.56682,49.73694]]}},{"type":"Feature","properties":{"name":"Weilerstraße","klasse":"residential"},"geometry":{"type":"LineString","coordinates":[[8.57321,49.73997],[8.57386,49.74017]]}},{"type":"Feature","properties":{"name":"Nato-Straße","klasse":"unclassified"},"geometry":{"type":"LineString","coordinates":[[8.45693,49.73787],[8.45619,49.73797]]}},{"type":"Feature","properties":{"name":"Nato-Straße","klasse":"unclassified"},"geometry":{"type":"LineString","coordinates":[[8.45778,49.73776],[8.45706,49.73786]]}},{"type":"Feature","properties":{"name":"Nibelungenstraße","klasse":"unclassified"},"geometry":{"type":"LineString","coordinates":[[8.55827,49.65314],[8.55833,49.65312]]}},{"type":"Feature","properties":{"name":"Am Birkengarten","klasse":"residential"},"geometry":{"type":"LineString","coordinates":[[8.55396,49.65272],[8.55393,49.65277]]}},{"type":"Feature","properties":{"name":"Nibelungenstraße","klasse":"unclassified"},"geometry":{"type":"LineString","coordinates":[[8.55703,49.65305],[8.55804,49.65315]]}},{"type":"Feature","properties":{"name":"Nibelungenstraße","klasse":"unclassified"},"geometry":{"type":"LineString","coordinates":[[8.55163,49.65254],[8.55393,49.65277]]}},{"type":"Feature","properties":{"ref":"L 3345","name":"Schwanheimer Straße","klasse":"secondary"},"geometry":{"type":"LineString","coordinates":[[8.59648,49.68309],[8.59722,49.68269]]}},{"type":"Feature","properties":{"name":"Zum Landgraben","klasse":"living_street"},"geometry":{"type":"LineString","coordinates":[[8.57713,49.73518],[8.57643,49.73547]]}},{"type":"Feature","properties":{"name":"Memelstraße","klasse":"residential"},"geometry":{"type":"LineString","coordinates":[[8.60449,49.67823],[8.60427,49.67817]]}},{"type":"Feature","properties":{"name":"Memelstraße","klasse":"residential"},"geometry":{"type":"LineString","coordinates":[[8.60427,49.67817],[8.60426,49.67818]]}},{"type":"Feature","properties":{"name":"Auf dem Brunnen","klasse":"living_street"},"geometry":{"type":"LineString","coordinates":[[8.57791,49.71811],[8.57744,49.71829]]}},{"type":"Feature","properties":{"name":"Heinrichstraße","klasse":"residential"},"geometry":{"type":"LineString","coordinates":[[8.55994,49.65733],[8.5598,49.65718]]}},{"type":"Feature","properties":{"ref":"B 3","name":"Neue Bergstraße","klasse":"primary"},"geometry":{"type":"LineString","coordinates":[[8.60925,49.74103],[8.60923,49.74072]]}},{"type":"Feature","properties":{"name":"Bahnhofstraße","klasse":"residential"},"geometry":{"type":"LineString","coordinates":[[8.61042,49.72508],[8.61022,49.72522]]}},{"type":"Feature","properties":{"name":"Bahnhofstraße","klasse":"residential"},"geometry":{"type":"LineString","coordinates":[[8.61022,49.72522],[8.60988,49.72549]]}},{"type":"Feature","properties":{"name":"Am Langen Pfad","klasse":"residential"},"geometry":{"type":"LineString","coordinates":[[8.59773,49.68403],[8.59756,49.68453],[8.5976,49.68473]]}},{"type":"Feature","properties":{"name":"Landgrabenstraße","klasse":"residential"},"geometry":{"type":"LineString","coordinates":[[8.57042,49.65835],[8.57085,49.65836]]}},{"type":"Feature","properties":{"name":"Wasserwerkstraße","klasse":"tertiary"},"geometry":{"type":"LineString","coordinates":[[8.47386,49.6433],[8.47463,49.64242]]}},{"type":"Feature","properties":{"name":"Heidelberger Straße","klasse":"primary"},"geometry":{"type":"LineString","coordinates":[[8.61323,49.71784],[8.61308,49.71769]]}},{"type":"Feature","properties":{"name":"Hähnleiner Straße","klasse":"residential"},"geometry":{"type":"LineString","coordinates":[[8.59646,49.73803],[8.59576,49.73811],[8.59519,49.73837]]}},{"type":"Feature","properties":{"name":"Hofgartenstraße","klasse":"residential"},"geometry":{"type":"LineString","coordinates":[[8.57015,49.70528],[8.56824,49.70399]]}},{"type":"Feature","properties":{"name":"Feldstraße","klasse":"residential"},"geometry":{"type":"LineString","coordinates":[[8.57567,49.71894],[8.57595,49.71915],[8.57739,49.71931]]}},{"type":"Feature","properties":{"name":"Hauptstraße","klasse":"residential"},"geometry":{"type":"LineString","coordinates":[[8.57732,49.71949],[8.57739,49.71931]]}},{"type":"Feature","properties":{"name":"Hauptstraße","klasse":"residential"},"geometry":{"type":"LineString","coordinates":[[8.57739,49.71931],[8.5776,49.71917]]}},{"type":"Feature","properties":{"name":"Sudetenstraße","klasse":"residential"},"geometry":{"type":"LineString","coordinates":[[8.4869,49.74372],[8.48702,49.74403]]}},{"type":"Feature","properties":{"name":"Burgunderstraße","klasse":"residential"},"geometry":{"type":"LineString","coordinates":[[8.48634,49.74417],[8.48634,49.74383]]}},{"type":"Feature","properties":{"name":"Burgunderstraße","klasse":"residential"},"geometry":{"type":"LineString","coordinates":[[8.48619,49.74371],[8.48654,49.7438]]}},{"type":"Feature","properties":{"name":"Sudetenstraße","klasse":"residential"},"geometry":{"type":"LineString","coordinates":[[8.48702,49.74403],[8.48708,49.7441]]}},{"type":"Feature","properties":{"name":"Sudetenstraße","klasse":"residential"},"geometry":{"type":"LineString","coordinates":[[8.48708,49.7441],[8.48661,49.74396]]}},{"type":"Feature","properties":{"name":"Sudetenstraße","klasse":"residential"},"geometry":{"type":"LineString","coordinates":[[8.48671,49.74388],[8.48702,49.74403]]}},{"type":"Feature","properties":{"name":"Burgunderstraße","klasse":"residential"},"geometry":{"type":"LineString","coordinates":[[8.48634,49.74383],[8.48619,49.74371]]}},{"type":"Feature","properties":{"name":"Heidelberger Straße","klasse":"primary"},"geometry":{"type":"LineString","coordinates":[[8.61332,49.71763],[8.6134,49.71774],[8.61323,49.71784]]}},{"type":"Feature","properties":{"name":"Heidelberger Straße","klasse":"primary"},"geometry":{"type":"LineString","coordinates":[[8.61308,49.71769],[8.61332,49.71763]]}},{"type":"Feature","properties":{"name":"Carlo-Mierendorff-Straße","klasse":"residential"},"geometry":{"type":"LineString","coordinates":[[8.57298,49.73624],[8.57257,49.73743]]}},{"type":"Feature","properties":{"name":"Die Neuwiese","klasse":"residential"},"geometry":{"type":"LineString","coordinates":[[8.47735,49.70851],[8.47651,49.70837]]}},{"type":"Feature","properties":{"name":"Die Neuwiese","klasse":"residential"},"geometry":{"type":"LineString","coordinates":[[8.4775,49.70821],[8.47719,49.70884]]}},{"type":"Feature","properties":{"name":"Am Langhaus","klasse":"residential"},"geometry":{"type":"LineString","coordinates":[[8.48243,49.70973],[8.48005,49.7091],[8.48008,49.70904],[8.47741,49.70839]]}},{"type":"Feature","properties":{"name":"Römerweg","klasse":"residential"},"geometry":{"type":"LineString","coordinates":[[8.48203,49.71015],[8.4798,49.70954],[8.48005,49.7091]]}},{"type":"Feature","properties":{"ref":"L 3112","klasse":"secondary"},"geometry":{"type":"LineString","coordinates":[[8.59076,49.73766],[8.59139,49.73769]]}},{"type":"Feature","properties":{"ref":"L 3112","klasse":"secondary"},"geometry":{"type":"LineString","coordinates":[[8.60201,49.74022],[8.60245,49.74019]]}},{"type":"Feature","properties":{"ref":"L 3112","klasse":"secondary"},"geometry":{"type":"LineString","coordinates":[[8.60454,49.74001],[8.60485,49.73998]]}},{"type":"Feature","properties":{"ref":"L 3112","name":"Benno-Elkan-Allee","klasse":"secondary"},"geometry":{"type":"LineString","coordinates":[[8.61425,49.73916],[8.61509,49.73919]]}},{"type":"Feature","properties":{"ref":"L 3261","name":"Jägersburger Straße","klasse":"secondary"},"geometry":{"type":"LineString","coordinates":[[8.55013,49.71756],[8.55113,49.71824]]}},{"type":"Feature","properties":{"ref":"L 3261","name":"Jägersburger Straße","klasse":"secondary"},"geometry":{"type":"LineString","coordinates":[[8.55113,49.71824],[8.55148,49.71841]]}},{"type":"Feature","properties":{"ref":"L 3261","name":"Jägersburger Straße","klasse":"secondary"},"geometry":{"type":"LineString","coordinates":[[8.55336,49.71888],[8.55355,49.719]]}},{"type":"Feature","properties":{"ref":"K 31","name":"Robert-Bosch-Straße","klasse":"tertiary"},"geometry":{"type":"LineString","coordinates":[[8.6022,49.67818],[8.60155,49.67806]]}},{"type":"Feature","properties":{"name":"Im Wiesengrund","klasse":"residential"},"geometry":{"type":"LineString","coordinates":[[8.57878,49.73759],[8.57858,49.73776]]}},{"type":"Feature","properties":{"name":"Platanenweg","klasse":"residential"},"geometry":{"type":"LineString","coordinates":[[8.5785,49.73766],[8.57842,49.73768]]}},{"type":"Feature","properties":{"name":"Nibelungenstraße","klasse":"tertiary"},"geometry":{"type":"LineString","coordinates":[[8.48403,49.64602],[8.48419,49.64601]]}},{"type":"Feature","properties":{"ref":"K 62","klasse":"tertiary"},"geometry":{"type":"LineString","coordinates":[[8.48419,49.64601],[8.48435,49.64621],[8.48509,49.64631]]}},{"type":"Feature","properties":{"ref":"K 62","klasse":"tertiary"},"geometry":{"type":"LineString","coordinates":[[8.48547,49.64634],[8.48586,49.64638]]}},{"type":"Feature","properties":{"name":"Nibelungenstraße","klasse":"residential"},"geometry":{"type":"LineString","coordinates":[[8.46949,49.64486],[8.46961,49.64491]]}},{"type":"Feature","properties":{"name":"Burgunderstraße","klasse":"residential"},"geometry":{"type":"LineString","coordinates":[[8.4826,49.74278],[8.48199,49.74267]]}},{"type":"Feature","properties":{"name":"Burgunderstraße","klasse":"residential"},"geometry":{"type":"LineString","coordinates":[[8.48661,49.74396],[8.48645,49.74388]]}},{"type":"Feature","properties":{"name":"Am Bahnhof","klasse":"residential"},"geometry":{"type":"LineString","coordinates":[[8.60714,49.73944],[8.60713,49.73873]]}},{"type":"Feature","properties":{"name":"Am Bahnhof","klasse":"residential"},"geometry":{"type":"LineString","coordinates":[[8.60713,49.73873],[8.60725,49.73873]]}},{"type":"Feature","properties":{"name":"Gernsheimer Straße","klasse":"unclassified"},"geometry":{"type":"LineString","coordinates":[[8.59793,49.72411],[8.5985,49.72334],[8.59835,49.72324],[8.59825,49.72337],[8.59839,49.72351]]}},{"type":"Feature","properties":{"name":"Wiesenstraße","klasse":"residential"},"geometry":{"type":"LineString","coordinates":[[8.59008,49.68532],[8.59019,49.68566]]}},{"type":"Feature","properties":{"ref":"L 3345","name":"Schwanheimer Straße","klasse":"secondary"},"geometry":{"type":"LineString","coordinates":[[8.59581,49.68349],[8.59648,49.68309]]}},{"type":"Feature","properties":{"name":"Fritz-Graßhoff-Straße","klasse":"residential"},"geometry":{"type":"LineString","coordinates":[[8.60279,49.72673],[8.60285,49.7267]]}},{"type":"Feature","properties":{"name":"Langwader Straße","klasse":"residential"},"geometry":{"type":"LineString","coordinates":[[8.60425,49.72427],[8.60393,49.72458]]}},{"type":"Feature","properties":{"name":"Gernsheimer Straße","klasse":"unclassified"},"geometry":{"type":"LineString","coordinates":[[8.60143,49.72464],[8.60134,49.72465]]}},{"type":"Feature","properties":{"name":"Walter-Möller-Straße","klasse":"tertiary"},"geometry":{"type":"LineString","coordinates":[[8.60906,49.72616],[8.60949,49.72621]]}},{"type":"Feature","properties":{"name":"Platanenallee","klasse":"tertiary"},"geometry":{"type":"LineString","coordinates":[[8.60279,49.72673],[8.60349,49.72701],[8.60437,49.72712],[8.60535,49.72702],[8.60604,49.72682]]}},{"type":"Feature","properties":{"name":"Platanenallee","klasse":"tertiary"},"geometry":{"type":"LineString","coordinates":[[8.60149,49.72371],[8.60143,49.72464]]}},{"type":"Feature","properties":{"name":"Rodauer Straße","klasse":"residential"},"geometry":{"type":"LineString","coordinates":[[8.6015,49.7236],[8.6017,49.72363]]}},{"type":"Feature","properties":{"name":"Platanenallee","klasse":"tertiary"},"geometry":{"type":"LineString","coordinates":[[8.6015,49.7236],[8.60149,49.72371]]}},{"type":"Feature","properties":{"name":"Platanenallee","klasse":"tertiary"},"geometry":{"type":"LineString","coordinates":[[8.60169,49.72246],[8.60169,49.72242]]}},{"type":"Feature","properties":{"name":"Platanenallee","klasse":"tertiary"},"geometry":{"type":"LineString","coordinates":[[8.60169,49.72242],[8.60146,49.72219]]}},{"type":"Feature","properties":{"ref":"K 67","klasse":"tertiary"},"geometry":{"type":"LineString","coordinates":[[8.60445,49.71967],[8.60435,49.71966]]}},{"type":"Feature","properties":{"ref":"K 67","klasse":"tertiary"},"geometry":{"type":"LineString","coordinates":[[8.60181,49.72184],[8.60264,49.72124]]}},{"type":"Feature","properties":{"ref":"K 67","klasse":"tertiary"},"geometry":{"type":"LineString","coordinates":[[8.60435,49.71966],[8.60393,49.7196]]}},{"type":"Feature","properties":{"name":"Berliner Ring","klasse":"tertiary"},"geometry":{"type":"LineString","coordinates":[[8.60408,49.71928],[8.60419,49.71896]]}},{"type":"Feature","properties":{"name":"Platanenallee","klasse":"tertiary"},"geometry":{"type":"LineString","coordinates":[[8.60146,49.72219],[8.60143,49.72205]]}},{"type":"Feature","properties":{"ref":"B 3","name":"Zwingenberger Straße","klasse":"primary"},"geometry":{"type":"LineString","coordinates":[[8.61028,49.75001],[8.61023,49.74969]]}},{"type":"Feature","properties":{"ref":"B 3","name":"Zwingenberger Straße","klasse":"primary"},"geometry":{"type":"LineString","coordinates":[[8.61023,49.74969],[8.61013,49.74874]]}},{"type":"Feature","properties":{"ref":"B 3","name":"Neue Bergstraße","klasse":"primary"},"geometry":{"type":"LineString","coordinates":[[8.6096,49.74428],[8.60952,49.74363]]}},{"type":"Feature","properties":{"ref":"B 3","name":"Zwingenberger Straße","klasse":"primary"},"geometry":{"type":"LineString","coordinates":[[8.61033,49.75045],[8.61028,49.75001]]}},{"type":"Feature","properties":{"name":"In der Pfarrtanne","klasse":"residential"},"geometry":{"type":"LineString","coordinates":[[8.60881,49.74362],[8.60952,49.74363]]}},{"type":"Feature","properties":{"ref":"B 3","name":"Neue Bergstraße","klasse":"primary"},"geometry":{"type":"LineString","coordinates":[[8.60921,49.74054],[8.6092,49.7404]]}},{"type":"Feature","properties":{"name":"Waldkolonie","klasse":"unclassified"},"geometry":{"type":"LineString","coordinates":[[8.61104,49.74563],[8.6111,49.74566]]}},{"type":"Feature","properties":{"ref":"L 3112","klasse":"secondary"},"geometry":{"type":"LineString","coordinates":[[8.60597,49.73986],[8.60631,49.73982]]}},{"type":"Feature","properties":{"ref":"L 3112","klasse":"secondary"},"geometry":{"type":"LineString","coordinates":[[8.59519,49.73837],[8.59576,49.73875]]}},{"type":"Feature","properties":{"name":"Bahnhofstraße","klasse":"unclassified"},"geometry":{"type":"LineString","coordinates":[[8.61411,49.73944],[8.61408,49.73933]]}},{"type":"Feature","properties":{"name":"Bahnhofstraße","klasse":"unclassified"},"geometry":{"type":"LineString","coordinates":[[8.61374,49.73938],[8.61387,49.7393]]}},{"type":"Feature","properties":{"name":"Auf der Bach","klasse":"residential"},"geometry":{"type":"LineString","coordinates":[[8.61407,49.73895],[8.61406,49.73904]]}},{"type":"Feature","properties":{"ref":"L 3112","klasse":"secondary"},"geometry":{"type":"LineString","coordinates":[[8.61329,49.73915],[8.61379,49.73917]]}},{"type":"Feature","properties":{"name":"Auf der Bach","klasse":"residential"},"geometry":{"type":"LineString","coordinates":[[8.61401,49.73866],[8.61407,49.73895]]}},{"type":"Feature","properties":{"name":"Friedhofstraße","klasse":"residential"},"geometry":{"type":"LineString","coordinates":[[8.54874,49.67781],[8.54882,49.6785]]}},{"type":"Feature","properties":{"name":"Carl-Benz-Straße","klasse":"residential"},"geometry":{"type":"LineString","coordinates":[[8.54882,49.6785],[8.54819,49.67851]]}},{"type":"Feature","properties":{"name":"Friedhofstraße","klasse":"residential"},"geometry":{"type":"LineString","coordinates":[[8.54869,49.67738],[8.54874,49.67781]]}},{"type":"Feature","properties":{"name":"Friedhofstraße","klasse":"residential"},"geometry":{"type":"LineString","coordinates":[[8.54879,49.67621],[8.54885,49.67638],[8.54869,49.67738]]}},{"type":"Feature","properties":{"name":"Friedhofstraße","klasse":"residential"},"geometry":{"type":"LineString","coordinates":[[8.54837,49.67521],[8.54857,49.67573]]}},{"type":"Feature","properties":{"ref":"B 3","name":"Pass","klasse":"primary"},"geometry":{"type":"LineString","coordinates":[[8.61329,49.72133],[8.61367,49.72084]]}},{"type":"Feature","properties":{"ref":"B 3","name":"Pass","klasse":"primary"},"geometry":{"type":"LineString","coordinates":[[8.61292,49.72159],[8.61317,49.72142]]}},{"type":"Feature","properties":{"ref":"B 3","name":"Pass","klasse":"primary"},"geometry":{"type":"LineString","coordinates":[[8.61317,49.72142],[8.61329,49.72133]]}},{"type":"Feature","properties":{"ref":"B 3","name":"Heidelberger Straße","klasse":"primary"},"geometry":{"type":"LineString","coordinates":[[8.61322,49.71822],[8.61323,49.71793]]}},{"type":"Feature","properties":{"ref":"B 3","name":"Heidelberger Straße","klasse":"primary"},"geometry":{"type":"LineString","coordinates":[[8.61371,49.72053],[8.61367,49.72022]]}},{"type":"Feature","properties":{"ref":"B 3","name":"Heidelberger Straße","klasse":"primary"},"geometry":{"type":"LineString","coordinates":[[8.61371,49.72065],[8.61371,49.72053]]}},{"type":"Feature","properties":{"ref":"B 3","name":"Heidelberger Straße","klasse":"primary"},"geometry":{"type":"LineString","coordinates":[[8.61367,49.72022],[8.61364,49.72011]]}},{"type":"Feature","properties":{"ref":"B 3","name":"Heidelberger Straße","klasse":"primary"},"geometry":{"type":"LineString","coordinates":[[8.61364,49.72011],[8.61358,49.71987]]}},{"type":"Feature","properties":{"ref":"B 3","name":"Heidelberger Straße","klasse":"primary"},"geometry":{"type":"LineString","coordinates":[[8.61358,49.71987],[8.61351,49.71969]]}},{"type":"Feature","properties":{"ref":"B 3","name":"Heidelberger Straße","klasse":"primary"},"geometry":{"type":"LineString","coordinates":[[8.61323,49.71793],[8.61323,49.71784]]}},{"type":"Feature","properties":{"ref":"K 67","klasse":"tertiary"},"geometry":{"type":"LineString","coordinates":[[8.61133,49.71753],[8.6107,49.71792]]}},{"type":"Feature","properties":{"ref":"B 3","name":"Heidelberger Straße","klasse":"primary"},"geometry":{"type":"LineString","coordinates":[[8.61365,49.71711],[8.61372,49.71699]]}},{"type":"Feature","properties":{"ref":"B 3","name":"Heidelberger Straße","klasse":"primary"},"geometry":{"type":"LineString","coordinates":[[8.61423,49.71607],[8.61481,49.71482]]}},{"type":"Feature","properties":{"ref":"B 3","name":"Heidelberger Straße","klasse":"primary"},"geometry":{"type":"LineString","coordinates":[[8.61372,49.71699],[8.61382,49.71682]]}},{"type":"Feature","properties":{"ref":"B 3","name":"Heidelberger Straße","klasse":"primary"},"geometry":{"type":"LineString","coordinates":[[8.61382,49.71682],[8.61389,49.7167]]}},{"type":"Feature","properties":{"ref":"K 67","klasse":"tertiary"},"geometry":{"type":"LineString","coordinates":[[8.61261,49.71756],[8.61236,49.7175]]}},{"type":"Feature","properties":{"ref":"B 44","klasse":"primary"},"geometry":{"type":"LineString","coordinates":[[8.49301,49.71948],[8.49305,49.71905]]}},{"type":"Feature","properties":{"name":"Werner-von-Siemens-Straße","klasse":"tertiary"},"geometry":{"type":"LineString","coordinates":[[8.49262,49.7185],[8.49302,49.71846]]}},{"type":"Feature","properties":{"name":"Werner-von-Siemens-Straße","klasse":"tertiary"},"geometry":{"type":"LineString","coordinates":[[8.49224,49.71854],[8.49254,49.71851]]}},{"type":"Feature","properties":{"name":"Werner-von-Siemens-Straße","klasse":"tertiary"},"geometry":{"type":"LineString","coordinates":[[8.49254,49.71851],[8.49262,49.7185]]}},{"type":"Feature","properties":{"ref":"B 44","klasse":"primary"},"geometry":{"type":"LineString","coordinates":[[8.49293,49.71978],[8.49301,49.71948]]}},{"type":"Feature","properties":{"ref":"B 44","klasse":"primary"},"geometry":{"type":"LineString","coordinates":[[8.49192,49.71543],[8.49185,49.71526]]}},{"type":"Feature","properties":{"ref":"L 3111","klasse":"secondary"},"geometry":{"type":"LineString","coordinates":[[8.49333,49.71572],[8.49369,49.71576]]}},{"type":"Feature","properties":{"ref":"L 3111","klasse":"secondary"},"geometry":{"type":"LineString","coordinates":[[8.4922,49.71554],[8.49248,49.71552]]}},{"type":"Feature","properties":{"name":"Schücostraße","klasse":"tertiary"},"geometry":{"type":"LineString","coordinates":[[8.49094,49.71565],[8.49148,49.71564]]}},{"type":"Feature","properties":{"name":"Schücostraße","klasse":"tertiary"},"geometry":{"type":"LineString","coordinates":[[8.49148,49.71564],[8.49175,49.71561]]}},{"type":"Feature","properties":{"ref":"B 44","klasse":"primary"},"geometry":{"type":"LineString","coordinates":[[8.49211,49.71589],[8.49203,49.71572]]}},{"type":"Feature","properties":{"ref":"B 44","klasse":"primary"},"geometry":{"type":"LineString","coordinates":[[8.49185,49.71526],[8.49169,49.71488]]}},{"type":"Feature","properties":{"ref":"L 3112","klasse":"secondary"},"geometry":{"type":"LineString","coordinates":[[8.54902,49.74146],[8.54993,49.74106]]}},{"type":"Feature","properties":{"ref":"L 3112","klasse":"secondary"},"geometry":{"type":"LineString","coordinates":[[8.54887,49.74153],[8.54902,49.74146]]}},{"type":"Feature","properties":{"name":"Brentanostraße","klasse":"residential"},"geometry":{"type":"LineString","coordinates":[[8.4569,49.65044],[8.45615,49.65034]]}},{"type":"Feature","properties":{"name":"Bahnhofstraße","klasse":"unclassified"},"geometry":{"type":"LineString","coordinates":[[8.61418,49.74077],[8.61419,49.74047]]}},{"type":"Feature","properties":{"name":"Zwischen den Bächen","klasse":"residential"},"geometry":{"type":"LineString","coordinates":[[8.6095,49.70472],[8.60939,49.70472]]}},{"type":"Feature","properties":{"name":"Josef-Seib-Straße","klasse":"residential"},"geometry":{"type":"LineString","coordinates":[[8.45008,49.67782],[8.44857,49.67754]]}},{"type":"Feature","properties":{"name":"Frankfurter Straße","klasse":"residential"},"geometry":{"type":"LineString","coordinates":[[8.44941,49.66312],[8.44937,49.66441]]}},{"type":"Feature","properties":{"name":"Frankfurter Straße","klasse":"residential"},"geometry":{"type":"LineString","coordinates":[[8.44937,49.66441],[8.44936,49.66486]]}},{"type":"Feature","properties":{"name":"Frankfurter Straße","klasse":"residential"},"geometry":{"type":"LineString","coordinates":[[8.44943,49.6654],[8.44955,49.66589]]}},{"type":"Feature","properties":{"name":"Am Wiesenteich","klasse":"living_street"},"geometry":{"type":"LineString","coordinates":[[8.57746,49.65054],[8.57752,49.65045]]}},{"type":"Feature","properties":{"name":"Rheinstraße","klasse":"residential"},"geometry":{"type":"LineString","coordinates":[[8.60714,49.67026],[8.6093,49.6712]]}},{"type":"Feature","properties":{"name":"Annastraße","klasse":"residential"},"geometry":{"type":"LineString","coordinates":[[8.44978,49.68708],[8.44994,49.68696]]}},{"type":"Feature","properties":{"name":"Rheinstraße","klasse":"tertiary"},"geometry":{"type":"LineString","coordinates":[[8.47472,49.71729],[8.47381,49.71714]]}},{"type":"Feature","properties":{"name":"Ahornstraße","klasse":"residential"},"geometry":{"type":"LineString","coordinates":[[8.60713,49.72546],[8.60723,49.72501]]}},{"type":"Feature","properties":{"ref":"B 3","name":"Darmstädter Straße","klasse":"primary"},"geometry":{"type":"LineString","coordinates":[[8.612,49.72639],[8.61208,49.72624]]}},{"type":"Feature","properties":{"ref":"B 3","name":"Pass","klasse":"primary"},"geometry":{"type":"LineString","coordinates":[[8.61257,49.72264],[8.61252,49.72227]]}},{"type":"Feature","properties":{"ref":"L 3100","name":"Alsbacher Straße","klasse":"secondary"},"geometry":{"type":"LineString","coordinates":[[8.61256,49.72641],[8.61235,49.72605],[8.61219,49.726]]}},{"type":"Feature","properties":{"ref":"L 3100","name":"Alsbacher Straße","klasse":"secondary"},"geometry":{"type":"LineString","coordinates":[[8.61277,49.72673],[8.61256,49.72641]]}},{"type":"Feature","properties":{"ref":"L 3100","name":"Alsbacher Straße","klasse":"secondary"},"geometry":{"type":"LineString","coordinates":[[8.61298,49.72703],[8.61277,49.72673]]}},{"type":"Feature","properties":{"name":"Gartenstraße","klasse":"residential"},"geometry":{"type":"LineString","coordinates":[[8.57796,49.72097],[8.57623,49.72107]]}},{"type":"Feature","properties":{"name":"Mittelstraße","klasse":"residential"},"geometry":{"type":"LineString","coordinates":[[8.58019,49.72041],[8.57999,49.71977]]}},{"type":"Feature","properties":{"name":"Gartenstraße","klasse":"residential"},"geometry":{"type":"LineString","coordinates":[[8.58182,49.72021],[8.58019,49.72041]]}},{"type":"Feature","properties":{"name":"Gartenstraße","klasse":"residential"},"geometry":{"type":"LineString","coordinates":[[8.58208,49.72015],[8.58182,49.72021]]}},{"type":"Feature","properties":{"name":"Zwingenberger Straße","klasse":"tertiary"},"geometry":{"type":"LineString","coordinates":[[8.58097,49.71927],[8.58131,49.71953]]}},{"type":"Feature","properties":{"name":"Im Wiesengrund","klasse":"tertiary"},"geometry":{"type":"LineString","coordinates":[[8.57738,49.71639],[8.57741,49.71643]]}},{"type":"Feature","properties":{"ref":"K 67","name":"Rodauer Straße","klasse":"tertiary"},"geometry":{"type":"LineString","coordinates":[[8.5747,49.71051],[8.57475,49.71064]]}},{"type":"Feature","properties":{"ref":"K 67","name":"Rodauer Straße","klasse":"tertiary"},"geometry":{"type":"LineString","coordinates":[[8.57415,49.70892],[8.57442,49.70969]]}},{"type":"Feature","properties":{"name":"Burgunderstraße","klasse":"residential"},"geometry":{"type":"LineString","coordinates":[[8.48645,49.74388],[8.48634,49.74383]]}},{"type":"Feature","properties":{"name":"Burgunderstraße","klasse":"residential"},"geometry":{"type":"LineString","coordinates":[[8.48619,49.74371],[8.48564,49.74348]]}},{"type":"Feature","properties":{"name":"Burgunderstraße","klasse":"residential"},"geometry":{"type":"LineString","coordinates":[[8.48564,49.74348],[8.48498,49.74331]]}},{"type":"Feature","properties":{"name":"Kiefernweg","klasse":"unclassified"},"geometry":{"type":"LineString","coordinates":[[8.60489,49.74027],[8.60491,49.74016]]}},{"type":"Feature","properties":{"ref":"B 3","klasse":"primary"},"geometry":{"type":"LineString","coordinates":[[8.60911,49.73968],[8.60899,49.73879]]}},{"type":"Feature","properties":{"name":"Im Daubhart","klasse":"residential"},"geometry":{"type":"LineString","coordinates":[[8.56462,49.66501],[8.56451,49.66571]]}},{"type":"Feature","properties":{"ref":"B 44","klasse":"primary"},"geometry":{"type":"LineString","coordinates":[[8.45505,49.66461],[8.45509,49.66392]]}},{"type":"Feature","properties":{"ref":"L 3345","klasse":"secondary"},"geometry":{"type":"LineString","coordinates":[[8.60216,49.68154],[8.60242,49.68152]]}},{"type":"Feature","properties":{"ref":"L 3261","klasse":"secondary"},"geometry":{"type":"LineString","coordinates":[[8.46697,49.69641],[8.4673,49.69626]]}},{"type":"Feature","properties":{"ref":"L 3261","klasse":"secondary"},"geometry":{"type":"LineString","coordinates":[[8.46662,49.69644],[8.46697,49.69641]]}},{"type":"Feature","properties":{"ref":"L 3261","klasse":"secondary"},"geometry":{"type":"LineString","coordinates":[[8.46702,49.69548],[8.4666,49.69544]]}},{"type":"Feature","properties":{"ref":"B 44","klasse":"primary"},"geometry":{"type":"LineString","coordinates":[[8.46579,49.69512],[8.46571,49.69496]]}},{"type":"Feature","properties":{"ref":"B 460","klasse":"primary"},"geometry":{"type":"LineString","coordinates":[[8.57601,49.66141],[8.57797,49.65988]]}},{"type":"Feature","properties":{"ref":"K 203","name":"Mannheimer Straße","klasse":"tertiary"},"geometry":{"type":"LineString","coordinates":[[8.48978,49.73578],[8.48977,49.73584]]}},{"type":"Feature","properties":{"name":"Groß-Rohrheimer-Straße","klasse":"residential"},"geometry":{"type":"LineString","coordinates":[[8.49065,49.73549],[8.49034,49.73543]]}},{"type":"Feature","properties":{"ref":"B 47","klasse":"primary"},"geometry":{"type":"LineString","coordinates":[[8.49785,49.64735],[8.49696,49.64725]]}},{"type":"Feature","properties":{"name":"Industriestraße","klasse":"tertiary"},"geometry":{"type":"LineString","coordinates":[[8.45426,49.64628],[8.45401,49.64644]]}},{"type":"Feature","properties":{"name":"Mainstraße","klasse":"tertiary"},"geometry":{"type":"LineString","coordinates":[[8.45198,49.65231],[8.45188,49.65265]]}},{"type":"Feature","properties":{"name":"Mainstraße","klasse":"tertiary"},"geometry":{"type":"LineString","coordinates":[[8.45176,49.65289],[8.45182,49.65303]]}},{"type":"Feature","properties":{"name":"Fehlheimer Straße","klasse":"residential"},"geometry":{"type":"LineString","coordinates":[[8.55187,49.67424],[8.5517,49.67471]]}},{"type":"Feature","properties":{"name":"Berliner Ring","klasse":"tertiary"},"geometry":{"type":"LineString","coordinates":[[8.6056,49.67373],[8.60573,49.67352]]}},{"type":"Feature","properties":{"ref":"L 3112","klasse":"secondary"},"geometry":{"type":"LineString","coordinates":[[8.54486,49.74328],[8.54524,49.7431]]}},{"type":"Feature","properties":{"ref":"L 3112","klasse":"secondary"},"geometry":{"type":"LineString","coordinates":[[8.59469,49.73814],[8.59519,49.73837]]}},{"type":"Feature","properties":{"ref":"B 3","name":"Neue Bergstraße","klasse":"primary"},"geometry":{"type":"LineString","coordinates":[[8.60969,49.745],[8.6096,49.74428]]}},{"type":"Feature","properties":{"ref":"B 3","name":"Zwingenberger Straße","klasse":"primary"},"geometry":{"type":"LineString","coordinates":[[8.6099,49.74682],[8.60984,49.74622]]}},{"type":"Feature","properties":{"name":"Platanenallee","klasse":"tertiary"},"geometry":{"type":"LineString","coordinates":[[8.60143,49.72205],[8.60167,49.7222]]}},{"type":"Feature","properties":{"name":"Platanenallee","klasse":"tertiary"},"geometry":{"type":"LineString","coordinates":[[8.60146,49.72219],[8.6012,49.72218]]}},{"type":"Feature","properties":{"name":"Platanenallee","klasse":"tertiary"},"geometry":{"type":"LineString","coordinates":[[8.60169,49.72246],[8.60168,49.72264]]}},{"type":"Feature","properties":{"ref":"K 67","klasse":"tertiary"},"geometry":{"type":"LineString","coordinates":[[8.60078,49.72238],[8.60143,49.72205]]}},{"type":"Feature","properties":{"name":"Berliner Ring","klasse":"tertiary"},"geometry":{"type":"LineString","coordinates":[[8.61,49.70171],[8.61005,49.70156]]}},{"type":"Feature","properties":{"name":"Berliner Ring","klasse":"tertiary"},"geometry":{"type":"LineString","coordinates":[[8.60989,49.702],[8.61,49.70171]]}},{"type":"Feature","properties":{"name":"Berliner Ring","klasse":"tertiary"},"geometry":{"type":"LineString","coordinates":[[8.60957,49.70321],[8.60963,49.70288]]}},{"type":"Feature","properties":{"name":"Zeppelinstraße","klasse":"residential"},"geometry":{"type":"LineString","coordinates":[[8.59038,49.68581],[8.5904,49.68596]]}},{"type":"Feature","properties":{"name":"Zeppelinstraße","klasse":"residential"},"geometry":{"type":"LineString","coordinates":[[8.5904,49.68596],[8.59019,49.68566]]}},{"type":"Feature","properties":{"ref":"L 3345","name":"Schwanheimer Straße","klasse":"secondary"},"geometry":{"type":"LineString","coordinates":[[8.59167,49.68521],[8.59227,49.68499]]}},{"type":"Feature","properties":{"name":"Berliner Ring","klasse":"tertiary"},"geometry":{"type":"LineString","coordinates":[[8.60278,49.68034],[8.60278,49.68027]]}},{"type":"Feature","properties":{"ref":"L 3345","name":"Schwanheimer Straße","klasse":"secondary"},"geometry":{"type":"LineString","coordinates":[[8.59389,49.68438],[8.59415,49.68428]]}},{"type":"Feature","properties":{"ref":"L 3345","name":"Schwanheimer Straße","klasse":"secondary"},"geometry":{"type":"LineString","coordinates":[[8.59227,49.68499],[8.59304,49.68472]]}},{"type":"Feature","properties":{"ref":"L 3345","name":"Schwanheimer Straße","klasse":"secondary"},"geometry":{"type":"LineString","coordinates":[[8.59366,49.68446],[8.59389,49.68438]]}},{"type":"Feature","properties":{"name":"Berliner Ring","klasse":"tertiary"},"geometry":{"type":"LineString","coordinates":[[8.6051,49.67487],[8.6052,49.67471]]}},{"type":"Feature","properties":{"ref":"B 47","klasse":"primary"},"geometry":{"type":"LineString","coordinates":[[8.60358,49.67372],[8.60252,49.67344]]}},{"type":"Feature","properties":{"name":"Lilienthalstraße","klasse":"unclassified"},"geometry":{"type":"LineString","coordinates":[[8.46184,49.65246],[8.46183,49.65199],[8.46202,49.65168],[8.46199,49.65153]]}},{"type":"Feature","properties":{"ref":"B 47","klasse":"primary"},"geometry":{"type":"LineString","coordinates":[[8.60049,49.67285],[8.59977,49.67263]]}},{"type":"Feature","properties":{"ref":"B 47","klasse":"trunk"},"geometry":{"type":"LineString","coordinates":[[8.58482,49.66746],[8.58551,49.66765]]}},{"type":"Feature","properties":{"ref":"B 47","klasse":"trunk"},"geometry":{"type":"LineString","coordinates":[[8.58538,49.66771],[8.58472,49.66754]]}},{"type":"Feature","properties":{"name":"Karlstraße","klasse":"tertiary"},"geometry":{"type":"LineString","coordinates":[[8.4877,49.75112],[8.48759,49.75108]]}},{"type":"Feature","properties":{"name":"Wormser Straße","klasse":"tertiary"},"geometry":{"type":"LineString","coordinates":[[8.4861,49.74436],[8.48671,49.74388]]}},{"type":"Feature","properties":{"name":"Stubenwaldstraße","klasse":"tertiary"},"geometry":{"type":"LineString","coordinates":[[8.58656,49.68613],[8.58666,49.68625]]}},{"type":"Feature","properties":{"ref":"L 3111","klasse":"secondary"},"geometry":{"type":"LineString","coordinates":[[8.566,49.66598],[8.56754,49.66549]]}},{"type":"Feature","properties":{"name":"Karl-Fuchs-Straße","klasse":"living_street"},"geometry":{"type":"LineString","coordinates":[[8.61375,49.6867],[8.61374,49.68676]]}},{"type":"Feature","properties":{"name":"Rudolf-Angermeier-Straße","klasse":"living_street"},"geometry":{"type":"LineString","coordinates":[[8.60916,49.68677],[8.60927,49.68696]]}},{"type":"Feature","properties":{"name":"Fritz-Bockius-Straße","klasse":"living_street"},"geometry":{"type":"LineString","coordinates":[[8.60987,49.68649],[8.61018,49.68707]]}},{"type":"Feature","properties":{"name":"Joseph-Treffert-Straße","klasse":"living_street"},"geometry":{"type":"LineString","coordinates":[[8.60987,49.68649],[8.61067,49.68636],[8.61085,49.68589]]}},{"type":"Feature","properties":{"name":"Am Wingertsberg","klasse":"residential"},"geometry":{"type":"LineString","coordinates":[[8.57096,49.65463],[8.57076,49.65499]]}},{"type":"Feature","properties":{"name":"Am Wingertsberg","klasse":"residential"},"geometry":{"type":"LineString","coordinates":[[8.57059,49.65794],[8.57042,49.65835]]}},{"type":"Feature","properties":{"ref":"A 67","klasse":"motorway"},"geometry":{"type":"LineString","coordinates":[[8.54345,49.74404],[8.5435,49.74592]]}},{"type":"Feature","properties":{"ref":"A 67","klasse":"motorway"},"geometry":{"type":"LineString","coordinates":[[8.54328,49.7438],[8.54277,49.72455],[8.54285,49.72316],[8.54322,49.72089],[8.54421,49.7171]]}},{"type":"Feature","properties":{"name":"Ampèrestraße","klasse":"unclassified"},"geometry":{"type":"LineString","coordinates":[[8.59741,49.67273],[8.59788,49.67283]]}},{"type":"Feature","properties":{"name":"Bahnhofstraße","klasse":"unclassified"},"geometry":{"type":"LineString","coordinates":[[8.61419,49.74047],[8.61419,49.74023]]}},{"type":"Feature","properties":{"name":"Wallstraße","klasse":"residential"},"geometry":{"type":"LineString","coordinates":[[8.4865,49.75141],[8.48682,49.75087]]}},{"type":"Feature","properties":{"name":"Bleichstraße","klasse":"residential"},"geometry":{"type":"LineString","coordinates":[[8.48518,49.74944],[8.48551,49.74955]]}},{"type":"Feature","properties":{"name":"Bleichstraße","klasse":"residential"},"geometry":{"type":"LineString","coordinates":[[8.48551,49.74955],[8.48784,49.75039]]}},{"type":"Feature","properties":{"name":"Bleichstraße","klasse":"residential"},"geometry":{"type":"LineString","coordinates":[[8.48439,49.74915],[8.48518,49.74944]]}},{"type":"Feature","properties":{"name":"Pfälzer Straße","klasse":"residential"},"geometry":{"type":"LineString","coordinates":[[8.48203,49.74826],[8.48242,49.74845]]}},{"type":"Feature","properties":{"ref":"K 62","klasse":"tertiary"},"geometry":{"type":"LineString","coordinates":[[8.48509,49.64631],[8.48547,49.64634]]}},{"type":"Feature","properties":{"ref":"B 47","klasse":"trunk"},"geometry":{"type":"LineString","coordinates":[[8.53197,49.6503],[8.53282,49.65028]]}},{"type":"Feature","properties":{"name":"Bürstädter Straße","klasse":"tertiary"},"geometry":{"type":"LineString","coordinates":[[8.45232,49.68068],[8.45229,49.68073]]}},{"type":"Feature","properties":{"name":"Berliner Ring","klasse":"tertiary"},"geometry":{"type":"LineString","coordinates":[[8.6029,49.68089],[8.60297,49.68094]]}},{"type":"Feature","properties":{"name":"Berliner Ring","klasse":"tertiary"},"geometry":{"type":"LineString","coordinates":[[8.60315,49.68136],[8.60315,49.6814]]}},{"type":"Feature","properties":{"name":"Berliner Ring","klasse":"tertiary"},"geometry":{"type":"LineString","coordinates":[[8.60303,49.68136],[8.60298,49.68131]]}},{"type":"Feature","properties":{"name":"Ruwerstraße","klasse":"living_street"},"geometry":{"type":"LineString","coordinates":[[8.61373,49.67226],[8.61386,49.67202]]}},{"type":"Feature","properties":{"ref":"A 67","klasse":"motorway"},"geometry":{"type":"LineString","coordinates":[[8.54538,49.71272],[8.54642,49.70876]]}},{"type":"Feature","properties":{"ref":"A 67","klasse":"motorway"},"geometry":{"type":"LineString","coordinates":[[8.54548,49.71293],[8.54448,49.71671]]}},{"type":"Feature","properties":{"name":"Im Zwerghaag","klasse":"residential"},"geometry":{"type":"LineString","coordinates":[[8.44947,49.66094],[8.4502,49.66098]]}},{"type":"Feature","properties":{"name":"Lessingstraße","klasse":"living_street"},"geometry":{"type":"LineString","coordinates":[[8.4523,49.6615],[8.45182,49.66265]]}},{"type":"Feature","properties":{"name":"Industriestraße","klasse":"tertiary"},"geometry":{"type":"LineString","coordinates":[[8.45968,49.64591],[8.45931,49.64592]]}}]}